case_id,start_time,preceding_case_id,stop_execution_if_fail,group,protocol,group_in_report,remark
@FEATURE=ComplicatedTrans_Boundary_ST_PartA_N_0.01,Nil,Nil,N,CT_2,FIX,Nil,
@FEATURE=ComplicatedTrans_Boundary_D_0.25,Nil,Nil,N,CT_2,FIX,Nil,
@FEATURE=ComplicatedTrans_Boundary_F_0.5,Nil,Nil,N,CT_2,FIX,Nil,
@FEATURE=ComplicatedTrans_Boundary_H_10,Nil,Nil,N,CT_2,FIX,Nil,
@FEATURE=ComplicatedTrans_Boundary_J_20,Nil,Nil,N,CT_2,FIX,Nil,
@FEATURE=ComplicatedTrans_Boundary_L_100,Nil,Nil,N,CT_2,FIX,Nil,
@FEATURE=ComplicatedTrans_Boundary_N_200,Nil,Nil,N,CT_2,FIX,Nil,
@FEATURE=ComplicatedTrans_Boundary_P_500,Nil,Nil,N,CT_2,FIX,Nil,
@FEATURE=ComplicatedTrans_Boundary_R_1000,Nil,Nil,N,CT_2,FIX,Nil,
@FEATURE=ComplicatedTrans_Boundary_T_2000,Nil,Nil,N,CT_2,FIX,Nil,
@FEATURE=ComplicatedTrans_Boundary_V_5000,Nil,Nil,N,CT_2,FIX,Nil,
@FEATURE=ComplicatedTrans_Boundary_ST_PartA_N_9995,Nil,Nil,N,CT_2,FIX,Nil,
@FEATURE=ComplicatedTrans_Boundary_ST_InlineWarrent_N_0.01,Nil,Nil,N,CT_2,FIX,Nil,
@FEATURE=ComplicatedTrans_Boundary_ST_InlineWarrent_N_0.25,Nil,Nil,N,CT_2,FIX,Nil,
@FEATURE=ComplicatedTrans_Boundary_ST_InlineWarrent_N_0.5,Nil,Nil,N,CT_2,FIX,Nil,
@FEATURE=ComplicatedTrans_Boundary_ST_InlineWarrent_N_1,Nil,Nil,N,CT_2,FIX,Nil,
@FEATURE=ComplicatedTrans_Boundary_ST_PartB_N_0.5,Nil,Group:CT_2,N,Nil,FIX,Nil,
@FEATURE=ComplicatedTrans_Boundary_ST_PartB_N_9999.95,Nil,Group:CT_2,N,Nil,FIX,Nil,
@FEATURE=ComplicatedTrans_Boundary_ST_PartD_N_0.01,Nil,Group:CT_2,N,Nil,FIX,Nil,
@FEATURE=ComplicatedTrans_Boundary_ST_PartD_N_1,Nil,Group:CT_2,N,Nil,FIX,Nil,
@FEATURE=ComplicatedTrans_Boundary_ST_PartD_N_1_ADD,Nil,Group:CT_2,N,Nil,FIX,Nil,
@FEATURE=ComplicatedTrans_Boundary_ST_PartD_N_5,Nil,Group:CT_2,N,Nil,FIX,Nil,
@FEATURE=ComplicatedTrans_Boundary_ST_PartD_N_10,Nil,Group:CT_2,N,Nil,FIX,Nil,
@FEATURE=ComplicatedTrans_Boundary_ST_PartD_N_20,Nil,Group:CT_2,N,Nil,FIX,Nil,
@FEATURE=ComplicatedTrans_Boundary_ST_PartD_N_20_ADD,Nil,Group:CT_2,N,Nil,FIX,Nil,
@FEATURE=ComplicatedTrans_Boundary_ST_PartD_N_100,Nil,Group:CT_2,N,Nil,FIX,Nil,
@FEATURE=ComplicatedTrans_Boundary_ST_PartD_N_200,Nil,Group:CT_2,N,Nil,FIX,Nil,
@FEATURE=ComplicatedTrans_Boundary_ST_PartD_N_200_ADD,Nil,Group:CT_2,N,Nil,FIX,Nil,
@FEATURE=ComplicatedTrans_Boundary_ST_PartD_N_500,Nil,Group:CT_2,N,Nil,FIX,Nil,
@FEATURE=ComplicatedTrans_Boundary_ST_PartD_N_1000,Nil,Group:CT_2,N,Nil,FIX,Nil,
@FEATURE=ComplicatedTrans_Boundary_ST_PartD_N_2000,Nil,Group:CT_2,N,Nil,FIX,Nil,
@FEATURE=ComplicatedTrans_Boundary_ST_PartD_N_9999,Nil,Group:CT_2,N,Nil,FIX,Nil,
