case_id,start_time,preceding_case_id,stop_execution_if_fail,group,protocol,group_in_report,remark
@FEATURE=Readiness_POS_01,09:00:00,Nil,N,Nil,FIX,Nil,
@FEATURE=Readiness_POS_02,09:00:00,Nil,N,Nil,FIX,Nil,
@FEATURE=Readiness_POS_03,09:00:00,Nil,N,Nil,FIX,Nil,
@FEATURE=Readiness_POS_04,09:00:00,Nil,N,Nil,FIX,Nil,
@FEATURE=Readiness_POS_05,09:00:00,Nil,N,Nil,FIX,Nil,
@FEATURE=Readiness_Resume,09:00:00,Nil,N,Nil,FIX,Nil,
@FEATURE=Readiness_AM_CT_01,09:45:00,Nil,N,Nil,FIX,Nil,
@FEATURE=Readiness_AM_CT_02,09:45:00,Nil,N,Nil,FIX,Nil,
@FEATURE=Readiness_AM_CT_03,09:45:00,Nil,N,Nil,FIX,Nil,
@FEATURE=Readiness_AM_CT_04,09:45:00,Nil,N,Nil,FIX,Nil,
@FEATURE=Readiness_AM_CT_05,09:45:00,Nil,N,Nil,FIX,Nil,
@FEATURE=Readiness_AM_CT_06,09:45:00,Nil,N,Nil,FIX,Nil,
@FEATURE=Readiness_AM_CT_07,09:45:00,Nil,N,Nil,FIX,Nil,
@FEATURE=Readiness_AM_CT_08,09:45:00,Nil,N,Nil,FIX,Nil,
@FEATURE=Readiness_AM_CT_09,09:45:00,Nil,N,Nil,FIX,Nil,
@FEATURE=Readiness_AM_CT_10,09:45:00,Nil,N,Nil,FIX,Nil,
@FEATURE=Readiness_AM_CT_11,09:45:00,Nil,N,Nil,FIX,Nil,
@FEATURE=Readiness_AM_CT_12,09:45:00,Nil,N,Nil,FIX,Nil,
@FEATURE=Readiness_AM_CT_13,09:45:00,Nil,N,Nil,FIX,Nil,
@FEATURE=Readiness_AM_CT_14,09:45:00,Nil,N,Nil,FIX,Nil,
@FEATURE=Readiness_AM_CT_15,09:45:00,Nil,N,Nil,FIX,Nil,
@FEATURE=Readiness_AM_CT_16,09:45:00,Nil,N,Nil,FIX,Nil,
@FEATURE=Readiness_AM_CT_17,09:45:00,Nil,N,Nil,FIX,Nil,
@FEATURE=Readiness_AM_CT_18,09:45:00,Nil,N,Nil,FIX,Nil,
@FEATURE=Readiness_Closing_and_NominalPrice,09:45:00,Nil,N,Nil,FIX,Nil,
@FEATURE=ComplicatedTrans_Boundary_ST_PartA_N_0.01,10:30:00,Nil,N,Nil,FIX,Nil,
@FEATURE=ComplicatedTrans_Boundary_D_0.25,10:30:00,Nil,N,Nil,FIX,Nil,
@FEATURE=ComplicatedTrans_Boundary_F_0.5,10:30:00,Nil,N,Nil,FIX,Nil,
@FEATURE=ComplicatedTrans_Boundary_H_10,10:30:00,Nil,N,Nil,FIX,Nil,
@FEATURE=ComplicatedTrans_Boundary_J_20,10:30:00,Nil,N,Nil,FIX,Nil,
@FEATURE=ComplicatedTrans_Boundary_L_100,10:30:00,Nil,N,Nil,FIX,Nil,
@FEATURE=ComplicatedTrans_Boundary_N_200,10:30:00,Nil,N,Nil,FIX,Nil,
@FEATURE=ComplicatedTrans_Boundary_P_500,10:30:00,Nil,N,Nil,FIX,Nil,
@FEATURE=ComplicatedTrans_Boundary_R_1000,10:30:00,Nil,N,Nil,FIX,Nil,
@FEATURE=ComplicatedTrans_Boundary_T_2000,10:30:00,Nil,N,Nil,FIX,Nil,
@FEATURE=ComplicatedTrans_Boundary_V_5000,10:30:00,Nil,N,Nil,FIX,Nil,
@FEATURE=ComplicatedTrans_Boundary_ST_PartA_N_9995,10:30:00,Nil,N,Nil,FIX,Nil,
@FEATURE=ComplicatedTrans_Boundary_ST_InlineWarrent_N_0.01,10:30:00,Nil,N,Nil,FIX,Nil,
@FEATURE=ComplicatedTrans_Boundary_ST_InlineWarrent_N_0.25,10:30:00,Nil,N,Nil,FIX,Nil,
@FEATURE=ComplicatedTrans_Boundary_ST_InlineWarrent_N_0.5,10:30:00,Nil,N,Nil,FIX,Nil,
@FEATURE=ComplicatedTrans_Boundary_ST_InlineWarrent_N_1,10:30:00,Nil,N,Nil,FIX,Nil,
@FEATURE=ComplicatedTrans_Boundary_ST_PartB_N_0.5,11:00:00,Nil,N,Nil,FIX,Nil,
@FEATURE=ComplicatedTrans_Boundary_ST_PartB_N_9999.95,11:00:00,Nil,N,Nil,FIX,Nil,
@FEATURE=ComplicatedTrans_Boundary_ST_PartD_N_0.01,11:00:00,Nil,N,Nil,FIX,Nil,
@FEATURE=ComplicatedTrans_Boundary_ST_PartD_N_1,11:00:00,Nil,N,Nil,FIX,Nil,
@FEATURE=ComplicatedTrans_Boundary_ST_PartD_N_1_ADD,11:00:00,Nil,N,Nil,FIX,Nil,
@FEATURE=ComplicatedTrans_Boundary_ST_PartD_N_5,11:00:00,Nil,N,Nil,FIX,Nil,
@FEATURE=ComplicatedTrans_Boundary_ST_PartD_N_10,11:00:00,Nil,N,Nil,FIX,Nil,
@FEATURE=ComplicatedTrans_Boundary_ST_PartD_N_20,11:00:00,Nil,N,Nil,FIX,Nil,
@FEATURE=ComplicatedTrans_Boundary_ST_PartD_N_20_ADD,11:00:00,Nil,N,Nil,FIX,Nil,
@FEATURE=ComplicatedTrans_Boundary_ST_PartD_N_100,11:00:00,Nil,N,Nil,FIX,Nil,
@FEATURE=ComplicatedTrans_Boundary_ST_PartD_N_200,11:00:00,Nil,N,Nil,FIX,Nil,
@FEATURE=ComplicatedTrans_Boundary_ST_PartD_N_200_ADD,11:00:00,Nil,N,Nil,FIX,Nil,
@FEATURE=ComplicatedTrans_Boundary_ST_PartD_N_500,11:00:00,Nil,N,Nil,FIX,Nil,
@FEATURE=ComplicatedTrans_Boundary_ST_PartD_N_1000,11:00:00,Nil,N,Nil,FIX,Nil,
@FEATURE=ComplicatedTrans_Boundary_ST_PartD_N_2000,11:00:00,Nil,N,Nil,FIX,Nil,
@FEATURE=ComplicatedTrans_Boundary_ST_PartD_N_9999,11:00:00,Nil,N,Nil,FIX,Nil,
@FEATURE=Readiness_PM_CT_01,14:00:00,Nil,N,Nil,FIX,Nil,
@FEATURE=Readiness_PM_CT_02,14:00:00,Nil,N,Nil,FIX,Nil,
@FEATURE=Readiness_PM_CT_03,14:00:00,Nil,N,Nil,FIX,Nil,
@FEATURE=Readiness_PM_CT_04,14:00:00,Nil,N,Nil,FIX,Nil,
@FEATURE=Readiness_PM_CT_05,14:00:00,Nil,N,Nil,FIX,Nil,
@FEATURE=Readiness_CAS_01,16:01:00,Nil,N,Nil,FIX,Nil,
