case_id,start_time,preceding_case_id,stop_execution_if_fail,group,protocol,group_in_report,remark
@FEATURE=Readiness_AM_CT_01,14:01:00,Nil,N,Nil,FIX,Nil,
@FEATURE=Readiness_AM_CT_02,14:01:00,Nil,N,Nil,FIX,Nil,
@FEATURE=Readiness_AM_CT_03,14:01:00,Nil,N,Nil,FIX,Nil,
@FEATURE=Readiness_AM_CT_04,14:01:00,Nil,N,Nil,FIX,Nil,
@FEATURE=Readiness_AM_CT_05,14:01:00,Nil,N,Nil,FIX,Nil,
@FEATURE=Readiness_AM_CT_06,14:01:00,Nil,N,Nil,FIX,Nil,
@FEATURE=Readiness_AM_CT_07,14:01:00,Nil,N,Nil,FIX,Nil,
@FEATURE=Readiness_AM_CT_08,14:01:00,Nil,N,Nil,FIX,Nil,
@FEATURE=Readiness_AM_CT_09,14:01:00,Nil,N,Nil,FIX,Nil,
@FEATURE=Readiness_AM_CT_10,14:01:00,Nil,N,Nil,FIX,Nil,
@FEATURE=Readiness_AM_CT_11,14:01:00,Nil,N,Nil,FIX,Nil,
@FEATURE=Readiness_AM_CT_12,14:01:00,Nil,N,Nil,FIX,Nil,
@FEATURE=Readiness_AM_CT_13,14:01:00,Nil,N,Nil,FIX,Nil,
@FEATURE=Readiness_AM_CT_14,14:01:00,Nil,N,Nil,FIX,Nil,
@FEATURE=Readiness_AM_CT_15,14:01:00,Nil,N,Nil,FIX,Nil,
@FEATURE=Readiness_AM_CT_16,14:01:00,Nil,N,Nil,FIX,Nil,
@FEATURE=Readiness_AM_CT_17,14:01:00,Nil,N,Nil,FIX,Nil,
@FEATURE=Readiness_AM_CT_18,14:01:00,Nil,N,Nil,FIX,Nil,
@FEATURE=Readiness_Closing_and_NominalPrice,14:01:00,Nil,N,Nil,FIX,Nil,
@FEATURE=ComplicatedTrans_Boundary_ST_PartA_N_0.01,15:00:00,Nil,N,Nil,FIX,Nil,
@FEATURE=ComplicatedTrans_Boundary_D_0.25,15:00:00,Nil,N,Nil,FIX,Nil,
@FEATURE=ComplicatedTrans_Boundary_F_0.5,15:00:00,Nil,N,Nil,FIX,Nil,
@FEATURE=ComplicatedTrans_Boundary_H_10,15:00:00,Nil,N,Nil,FIX,Nil,
@FEATURE=ComplicatedTrans_Boundary_J_20,15:00:00,Nil,N,Nil,FIX,Nil,
@FEATURE=ComplicatedTrans_Boundary_L_100,15:00:00,Nil,N,Nil,FIX,Nil,
@FEATURE=ComplicatedTrans_Boundary_N_200,15:00:00,Nil,N,Nil,FIX,Nil,
@FEATURE=ComplicatedTrans_Boundary_P_500,15:00:00,Nil,N,Nil,FIX,Nil,
@FEATURE=ComplicatedTrans_Boundary_R_1000,15:00:00,Nil,N,Nil,FIX,Nil,
@FEATURE=ComplicatedTrans_Boundary_T_2000,15:00:00,Nil,N,Nil,FIX,Nil,
@FEATURE=ComplicatedTrans_Boundary_V_5000,15:00:00,Nil,N,Nil,FIX,Nil,
@FEATURE=ComplicatedTrans_Boundary_ST_PartA_N_9995,15:00:00,Nil,N,Nil,FIX,Nil,
@FEATURE=ComplicatedTrans_Boundary_ST_InlineWarrent_N_0.01,15:00:00,Nil,N,Nil,FIX,Nil,
@FEATURE=ComplicatedTrans_Boundary_ST_InlineWarrent_N_0.25,15:00:00,Nil,N,Nil,FIX,Nil,
@FEATURE=ComplicatedTrans_Boundary_ST_InlineWarrent_N_0.5,15:00:00,Nil,N,Nil,FIX,Nil,
@FEATURE=ComplicatedTrans_Boundary_ST_InlineWarrent_N_1,15:00:00,Nil,N,Nil,FIX,Nil,
@FEATURE=ComplicatedTrans_Boundary_ST_PartB_N_0.5,15:10:00,Nil,N,Nil,FIX,Nil,
@FEATURE=ComplicatedTrans_Boundary_ST_PartB_N_9999.95,15:10:00,Nil,N,Nil,FIX,Nil,
@FEATURE=ComplicatedTrans_Boundary_ST_PartD_N_0.01,15:10:00,Nil,N,Nil,FIX,Nil,
@FEATURE=ComplicatedTrans_Boundary_ST_PartD_N_1,15:10:00,Nil,N,Nil,FIX,Nil,
@FEATURE=ComplicatedTrans_Boundary_ST_PartD_N_1_ADD,15:10:00,Nil,N,Nil,FIX,Nil,
@FEATURE=ComplicatedTrans_Boundary_ST_PartD_N_5,15:10:00,Nil,N,Nil,FIX,Nil,
@FEATURE=ComplicatedTrans_Boundary_ST_PartD_N_10,15:10:00,Nil,N,Nil,FIX,Nil,
@FEATURE=ComplicatedTrans_Boundary_ST_PartD_N_20,15:10:00,Nil,N,Nil,FIX,Nil,
@FEATURE=ComplicatedTrans_Boundary_ST_PartD_N_20_ADD,15:10:00,Nil,N,Nil,FIX,Nil,
@FEATURE=ComplicatedTrans_Boundary_ST_PartD_N_100,15:10:00,Nil,N,Nil,FIX,Nil,
@FEATURE=ComplicatedTrans_Boundary_ST_PartD_N_200,15:10:00,Nil,N,Nil,FIX,Nil,
@FEATURE=ComplicatedTrans_Boundary_ST_PartD_N_200_ADD,15:10:00,Nil,N,Nil,FIX,Nil,
@FEATURE=ComplicatedTrans_Boundary_ST_PartD_N_500,15:10:00,Nil,N,Nil,FIX,Nil,
@FEATURE=ComplicatedTrans_Boundary_ST_PartD_N_1000,15:10:00,Nil,N,Nil,FIX,Nil,
@FEATURE=ComplicatedTrans_Boundary_ST_PartD_N_2000,15:10:00,Nil,N,Nil,FIX,Nil,
@FEATURE=ComplicatedTrans_Boundary_ST_PartD_N_9999,15:10:00,Nil,N,Nil,FIX,Nil,
@FEATURE=Readiness_PM_CT_01,15:20:00,Nil,N,Nil,FIX,Nil,
@FEATURE=Readiness_PM_CT_02,15:20:00,Nil,N,Nil,FIX,Nil,
@FEATURE=Readiness_PM_CT_03,15:20:00,Nil,N,Nil,FIX,Nil,
@FEATURE=Readiness_PM_CT_04,15:20:00,Nil,N,Nil,FIX,Nil,
@FEATURE=Readiness_PM_CT_05,15:20:00,Nil,N,Nil,FIX,Nil,
@FEATURE=Readiness_CAS_01,16:01:00,Nil,N,Nil,FIX,Nil,
