case_id,start_time,preceding_case_id,stop_execution_if_fail,group,protocol,group_in_report,remark
@FEATURE=NormalTrans_A_NA_POS,09:00:00,Nil,N,Nil,FIX,Nil,
@FEATURE=NormalTrans_B_0.01_POS_A,09:00:00,Nil,N,Nil,FIX,Nil,
@FEATURE=NormalTrans_B_0.01_POS_B,09:00:00,Nil,N,Nil,FIX,Nil,
@FEATURE=NormalTrans_C_0.13_POS_A,09:00:00,Nil,N,Nil,FIX,Nil,
@FEATURE=NormalTrans_C_0.13_POS_B,09:00:00,Nil,N,Nil,FIX,Nil,
@FEATURE=NormalTrans_D_0.25_POS_A,09:00:00,Nil,N,Nil,FIX,Nil,
@FEATURE=NormalTrans_D_0.25_POS_B,09:00:00,Nil,N,Nil,FIX,Nil,
@FEATURE=NormalTrans_E_0.375_POS_A,09:00:00,Nil,N,Nil,FIX,Nil,
@FEATURE=NormalTrans_E_0.375_POS_B,09:00:00,Nil,N,Nil,FIX,Nil,
@FEATURE=NormalTrans_F_0.5_POS_A,09:00:00,Nil,N,Nil,FIX,Nil,
@FEATURE=NormalTrans_F_0.5_POS_B,09:00:00,Nil,N,Nil,FIX,Nil,
@FEATURE=NormalTrans_M_150_POS_A,09:00:00,Nil,N,Nil,FIX,Nil,
@FEATURE=NormalTrans_M_150_POS_B,09:00:00,Nil,N,Nil,FIX,Nil,
@FEATURE=NormalTrans_N_200_POS_A,09:00:00,Nil,N,Nil,FIX,Nil,
@FEATURE=NormalTrans_N_200_POS_B,09:00:00,Nil,N,Nil,FIX,Nil,
@FEATURE=NormalTrans_O_350_POS_A,09:00:00,Nil,N,Nil,FIX,Nil,
@FEATURE=NormalTrans_O_350_POS_B,09:00:00,Nil,N,Nil,FIX,Nil,
@FEATURE=NormalTrans_P_500_POS_A,09:00:00,Nil,N,Nil,FIX,Nil,
@FEATURE=NormalTrans_P_500_POS_B,09:00:00,Nil,N,Nil,FIX,Nil,
@FEATURE=NormalTrans_Q_750_POS_A,09:00:00,Nil,N,Nil,FIX,Nil,
@FEATURE=NormalTrans_Q_750_POS_B,09:00:00,Nil,N,Nil,FIX,Nil,
@FEATURE=NormalTrans_R_1000_POS_A,09:00:00,Nil,N,Nil,FIX,Nil,
@FEATURE=NormalTrans_R_1000_POS_B,09:00:00,Nil,N,Nil,FIX,Nil,
@FEATURE=ComplicatedTrans_Change_IEP_BQ,09:00:00,Nil,N,Nil,FIX,Nil,
@FEATURE=ComplicatedTrans_IEP_IEV,09:00:00,Nil,N,Nil,FIX,Nil,
@FEATURE=ComplicatedTrans_Auction_Order_Modification_POS,09:00:00,Nil,N,Nil,FIX,Nil,
@FEATURE=ComplicatedTrans_Manual_Trade,09:00:00,Nil,N,Nil,FIX,Nil,
@FEATURE=ComplicatedTrans_VCM_Trigger_06,09:00:00,Nil,N,Nil,FIX,Nil,
@FEATURE=ComplicatedTrans_VCM_Trigger_08,09:00:00,Nil,N,Nil,FIX,Nil,
@FEATURE=ComplicatedTrans_VCM_Trigger_13,09:00:00,Nil,N,Nil,FIX,Nil,
@FEATURE=ComplicatedTrans_VCM_Trigger_16,09:00:00,Nil,N,Nil,FIX,Nil,
@FEATURE=ComplicatedTrans_Quote_01,09:30:00,Nil,N,Nil,FIX,Nil,
@FEATURE=ComplicatedTrans_Quote_02,Nil,@FEATURE=ComplicatedTrans_Quote_01,N,Nil,FIX,Nil,
@FEATURE=ComplicatedTrans_Quote_03,Nil,@FEATURE=ComplicatedTrans_Quote_02,N,Nil,FIX,Nil,
@FEATURE=ComplicatedTrans_Quote_04,Nil,@FEATURE=ComplicatedTrans_Quote_03,N,Nil,FIX,Nil,
@FEATURE=ComplicatedTrans_Quote_05,Nil,@FEATURE=ComplicatedTrans_Quote_04,N,Nil,FIX,Nil,
@FEATURE=ComplicatedTrans_Quote_06,Nil,@FEATURE=ComplicatedTrans_Quote_05,N,Nil,FIX,Nil,
@FEATURE=ComplicatedTrans_Quote_07,Nil,@FEATURE=ComplicatedTrans_Quote_06,N,Nil,FIX,Nil,
@FEATURE=ComplicatedTrans_Quote_08,Nil,@FEATURE=ComplicatedTrans_Quote_07,N,Nil,FIX,Nil,
@FEATURE=ComplicatedTrans_Quote_09,Nil,@FEATURE=ComplicatedTrans_Quote_08,N,Nil,FIX,Nil,
@FEATURE=ComplicatedTrans_Short_Selling_Trade,11:30:00,Nil,N,Nil,FIX,Nil,
@FEATURE=ComplicatedTrans_Short_Selling_Trade_SS21,11:30:00,Nil,N,Nil,FIX,Nil,
@FEATURE=ComplicatedTrans_Short_Selling_Trade_SS22,11:30:00,Nil,N,Nil,FIX,Nil,
@FEATURE=ComplicatedTrans_Auction_Order_Modification_CAS,14:30:00,Nil,N,Nil,FIX,Nil,
@FEATURE=ComplicatedTrans_VCM_Trigger_24,11:30:00,Nil,N,Nil,FIX,Nil,
@FEATURE=ComplicatedTrans_VCM_Trigger_25,11:30:00,Nil,N,Nil,FIX,Nil,
@FEATURE=ComplicatedTrans_VCM_Trigger_26,13:15:00,Nil,N,Nil,FIX,Nil,
@FEATURE=ComplicatedTrans_CAS_Order_Matching_01,14:30:00,Nil,N,Nil,FIX,Nil,
@FEATURE=ComplicatedTrans_CAS_Order_Matching_02,14:30:00,Nil,N,Nil,FIX,Nil,
@FEATURE=ComplicatedTrans_CAS_Order_Matching_03,14:30:00,Nil,N,Nil,FIX,Nil,
@FEATURE=ComplicatedTrans_CAS_Order_Matching_04,14:30:00,Nil,N,Nil,FIX,Nil,
@FEATURE=ComplicatedTrans_CAS_Reference_Price_0102,14:30:00,Nil,N,Nil,FIX,Nil,
@FEATURE=ComplicatedTrans_CAS_Reference_Price_03,14:30:00,Nil,N,Nil,FIX,Nil,
@FEATURE=ComplicatedTrans_CAS_Reference_Price_0405,14:30:00,Nil,N,Nil,FIX,Nil,
@FEATURE=ComplicatedTrans_CAS_Reference_Price_06,14:30:00,Nil,N,Nil,FIX,Nil,
@FEATURE=ComplicatedTrans_CAS_Reference_Price_07,14:30:00,Nil,N,Nil,FIX,Nil,
@FEATURE=ComplicatedTrans_CAS_Reference_Price_08,14:30:00,Nil,N,Nil,FIX,Nil,
@FEATURE=ComplicatedTrans_CAS_Reference_Price_09,14:30:00,Nil,N,Nil,FIX,Nil,
@FEATURE=Refresh_and_Retrans_Closing_Price_Verification_DAYII,16:15:00,Nil,N,Nil,FIX,Nil,
@FEATURE=Refresh_and_Retrans_Market_Turnover_Verification_DAYII,16:15:00,Nil,N,Nil,FIX,Nil,
@FEATURE=ComplicatedTrans_CAS_Reference_Price_10,16:15:00,Nil,N,Nil,FIX,Nil,
@FEATURE=ComplicatedTrans_CAS_Reference_Price_11,16:15:00,Nil,N,Nil,FIX,Nil,
@FEATURE=ComplicatedTrans_CAS_Reference_Price_12,16:15:00,Nil,N,Nil,FIX,Nil,
@FEATURE=ComplicatedTrans_CAS_Reference_Price_13,16:15:00,Nil,N,Nil,FIX,Nil,
