case_id,start_time,preceding_case_id,stop_execution_if_fail,group,protocol,group_in_report,remark
@FEATURE=ComplicatedTrans_Boundary_ST_PartA_N_0.01_WABI_Test,Nil,Nil,N,CT_2,FIX,Nil,
@FEATURE=ComplicatedTrans_Boundary_D_0.25_WABI_Test,Nil,Nil,N,CT_2,FIX,Nil,
@FEATURE=ComplicatedTrans_Boundary_F_0.5_WABI_Test,Nil,Nil,N,CT_2,FIX,Nil,
@FEATURE=ComplicatedTrans_Boundary_H_10_WABI_Test,Nil,Nil,N,CT_2,FIX,Nil,
@FEATURE=ComplicatedTrans_Boundary_J_20_WABI_Test,Nil,Nil,N,CT_2,FIX,Nil,
@FEATURE=ComplicatedTrans_Boundary_L_100_WABI_Test,Nil,Nil,N,CT_2,FIX,Nil,
@FEATURE=ComplicatedTrans_Boundary_N_200_WABI_Test,Nil,Nil,N,CT_2,FIX,Nil,
@FEATURE=ComplicatedTrans_Boundary_P_500_WABI_Test,Nil,Nil,N,CT_2,FIX,Nil,
@FEATURE=ComplicatedTrans_Boundary_R_1000_WABI_Test,Nil,Nil,N,CT_2,FIX,Nil,
@FEATURE=ComplicatedTrans_Boundary_T_2000_WABI_Test,Nil,Nil,N,CT_2,FIX,Nil,
@FEATURE=ComplicatedTrans_Boundary_V_5000_WABI_Test,Nil,Nil,N,CT_2,FIX,Nil,
