case_id,start_time,preceding_case_id,stop_execution_if_fail,group,protocol,group_in_report,remark
@CASE=Readiness_Test_Upgrade_ChgMkt_NO_to_CT,Nil,Nil,Y,Nil,FIX,Nil,
@FEATURE=Readiness_Test_Upgrade_Session3_N2000,Nil,@CASE=Readiness_Test_Upgrade_ChgMkt_NO_to_CT,N,CT_1,FIX,Nil,
@FEATURE=Readiness_Test_Upgrade_Session3_N5000,Nil,@CASE=Readiness_Test_Upgrade_ChgMkt_NO_to_CT,N,CT_1,FIX,Nil,
@CASE=Readiness_Test_Upgrade_ChgMkt_CT_to_EI,Nil,Group:CT_1,Y,Nil,FIX,Nil,
@CASE=Readiness_Test_Upgrade_ChgMkt_EI_to_DC,Nil,@CASE=Readiness_Test_Upgrade_ChgMkt_CT_to_EI,Y,Nil,FIX,Nil,
