case_id,start_time,preceding_case_id,stop_execution_if_fail,group,protocol,group_in_report,remark
@FEATURE=ComplicatedTrans_CAS_Order_Matching_01,15:30:00,Nil,N,Nil,FIX,Nil,
@FEATURE=ComplicatedTrans_CAS_Order_Matching_02,15:30:00,Nil,N,Nil,FIX,Nil,
@FEATURE=ComplicatedTrans_CAS_Order_Matching_03,15:30:00,Nil,N,Nil,FIX,Nil,
@FEATURE=ComplicatedTrans_CAS_Order_Matching_04,15:30:00,Nil,N,Nil,FIX,Nil,
@FEATURE=ComplicatedTrans_CAS_Reference_Price_0102,15:30:00,Nil,N,Nil,FIX,Nil,
@FEATURE=ComplicatedTrans_CAS_Reference_Price_03,15:30:00,Nil,N,Nil,FIX,Nil,
@FEATURE=ComplicatedTrans_CAS_Reference_Price_0405,15:30:00,Nil,N,Nil,FIX,Nil,
@FEATURE=ComplicatedTrans_CAS_Reference_Price_06,15:30:00,Nil,N,Nil,FIX,Nil,
@FEATURE=ComplicatedTrans_CAS_Reference_Price_07,15:30:00,Nil,N,Nil,FIX,Nil,
@FEATURE=ComplicatedTrans_CAS_Reference_Price_08,15:30:00,Nil,N,Nil,FIX,Nil,
@FEATURE=ComplicatedTrans_CAS_Reference_Price_09,15:30:00,Nil,N,Nil,FIX,Nil,
@FEATURE=ComplicatedTrans_CAS_Reference_Price_10,16:15:00,Nil,N,Nil,FIX,Nil,
@FEATURE=ComplicatedTrans_CAS_Reference_Price_11,16:15:00,Nil,N,Nil,FIX,Nil,
@FEATURE=ComplicatedTrans_CAS_Reference_Price_12,16:15:00,Nil,N,Nil,FIX,Nil,
@FEATURE=ComplicatedTrans_CAS_Reference_Price_13,16:15:00,Nil,N,Nil,FIX,Nil,
