case_id,start_time,preceding_case_id,stop_execution_if_fail,group,protocol,group_in_report,remark
@FEATURE=NormalTrans_S_1500_POS_A,09:00:00,Nil,N,Nil,FIX,Nil,
@FEATURE=NormalTrans_S_1500_POS_B,09:00:00,Nil,N,Nil,FIX,Nil,
@FEATURE=NormalTrans_T_2000_POS_A,09:00:00,Nil,N,Nil,FIX,Nil,
@FEATURE=NormalTrans_T_2000_POS_B,09:00:00,Nil,N,Nil,FIX,Nil,
@FEATURE=NormalTrans_U_3500_POS_A,09:00:00,Nil,N,Nil,FIX,Nil,
@FEATURE=NormalTrans_U_3500_POS_B,09:00:00,Nil,N,Nil,FIX,Nil,
@FEATURE=NormalTrans_V_5000_POS_A,09:00:00,Nil,N,Nil,FIX,Nil,
@FEATURE=NormalTrans_V_5000_POS_B,09:00:00,Nil,N,Nil,FIX,Nil,
@FEATURE=NormalTrans_W_7500_POS_A,09:00:00,Nil,N,Nil,FIX,Nil,
@FEATURE=NormalTrans_W_7500_POS_B,09:00:00,Nil,N,Nil,FIX,Nil,
@FEATURE=NormalTrans_X_9995_POS_A,09:00:00,Nil,N,Nil,FIX,Nil,
@FEATURE=NormalTrans_X_9995_POS_B,09:00:00,Nil,N,Nil,FIX,Nil,
@FEATURE=NormalTrans_G_5.2_POS_A,09:00:00,Nil,N,Nil,FIX,Nil,
@FEATURE=NormalTrans_G_5.2_POS_B,09:00:00,Nil,N,Nil,FIX,Nil,
@FEATURE=NormalTrans_H_10_POS_A,09:00:00,Nil,N,Nil,FIX,Nil,
@FEATURE=NormalTrans_H_10_POS_B,09:00:00,Nil,N,Nil,FIX,Nil,
@FEATURE=NormalTrans_I_15_POS_A,09:00:00,Nil,N,Nil,FIX,Nil,
@FEATURE=NormalTrans_I_15_POS_B,09:00:00,Nil,N,Nil,FIX,Nil,
@FEATURE=NormalTrans_J_20_POS_A,09:00:00,Nil,N,Nil,FIX,Nil,
@FEATURE=NormalTrans_J_20_POS_B,09:00:00,Nil,N,Nil,FIX,Nil,
@FEATURE=NormalTrans_K_60_POS_A,09:00:00,Nil,N,Nil,FIX,Nil,
@FEATURE=NormalTrans_K_60_POS_B,09:00:00,Nil,N,Nil,FIX,Nil,
@FEATURE=NormalTrans_L_100_POS_A,09:00:00,Nil,N,Nil,FIX,Nil,
@FEATURE=NormalTrans_L_100_POS_B,09:00:00,Nil,N,Nil,FIX,Nil,
@FEATURE=ComplicatedTrans_All_Trade_Type,09:00:00,Nil,N,Nil,FIX,Nil,
@FEATURE=ComplicatedTrans_Auction_Checkpoint_AC1,09:00:00,Nil,N,Nil,FIX,Nil,
@FEATURE=ComplicatedTrans_Auction_Checkpoint_AC21,09:00:00,Nil,N,Nil,FIX,Nil,
@FEATURE=ComplicatedTrans_Cancel_Auction_Trade_01,09:00:00,Nil,N,Nil,FIX,Nil,
@FEATURE=ComplicatedTrans_Cancel_Auction_Trade_02,09:00:00,Nil,N,Nil,FIX,Nil,
@FEATURE=ComplicatedTrans_Cancel_Auction_Trade_03,09:00:00,Nil,N,Nil,FIX,Nil,
@FEATURE=ComplicatedTrans_Cancel_Auction_Trade_04,09:00:00,Nil,N,Nil,FIX,Nil,
@FEATURE=NormalTrans_A_NA_CT,09:30:00,Nil,N,DAY1_CT1,FIX,Nil,
@FEATURE=NormalTrans_B_0.01_CT1_9times_Price_Restriction,09:30:00,Nil,N,DAY1_CT1,FIX,Nil,
@FEATURE=NormalTrans_C_0.13_CT1_9times_Price_Restriction,09:30:00,Nil,N,DAY1_CT1,FIX,Nil,
@FEATURE=NormalTrans_D_0.25_CT1_9times_Price_Restriction,09:30:00,Nil,N,DAY1_CT1,FIX,Nil,
@FEATURE=NormalTrans_E_0.375_CT1_9times_Price_Restriction,09:30:00,Nil,N,DAY1_CT1,FIX,Nil,
@FEATURE=NormalTrans_F_0.5_CT1_9times_Price_Restriction,09:30:00,Nil,N,DAY1_CT1,FIX,Nil,
@FEATURE=NormalTrans_G_5.2_CT1_9times_Price_Restriction,09:30:00,Nil,N,DAY1_CT1,FIX,Nil,
@FEATURE=NormalTrans_H_10_CT1_9times_Price_Restriction,09:30:00,Nil,N,DAY1_CT1,FIX,Nil,
@FEATURE=NormalTrans_I_15_CT1_9times_Price_Restriction,09:30:00,Nil,N,DAY1_CT1,FIX,Nil,
@FEATURE=NormalTrans_J_20_CT1_9times_Price_Restriction,09:30:00,Nil,N,DAY1_CT1,FIX,Nil,
@FEATURE=NormalTrans_K_60_CT1_9times_Price_Restriction,09:30:00,Nil,N,DAY1_CT1,FIX,Nil,
@FEATURE=NormalTrans_L_100_CT1_9times_Price_Restriction,09:30:00,Nil,N,DAY1_CT1,FIX,Nil,
@FEATURE=NormalTrans_M_150_CT1_9times_Price_Restriction,09:30:00,Nil,N,DAY1_CT1,FIX,Nil,
@FEATURE=NormalTrans_N_200_CT1_9times_Price_Restriction,09:30:00,Nil,N,DAY1_CT1,FIX,Nil,
@FEATURE=NormalTrans_O_350_CT1_9times_Price_Restriction,09:30:00,Nil,N,DAY1_CT1,FIX,Nil,
@FEATURE=NormalTrans_P_500_CT1_9times_Price_Restriction,09:30:00,Nil,N,DAY1_CT1,FIX,Nil,
@FEATURE=NormalTrans_Q_750_CT1_9times_Price_Restriction,09:30:00,Nil,N,DAY1_CT1,FIX,Nil,
@FEATURE=NormalTrans_R_1000_CT1_9times_Price_Restriction,09:30:00,Nil,N,DAY1_CT1,FIX,Nil,
@FEATURE=NormalTrans_S_1500_CT1_9times_Price_Restriction,09:30:00,Nil,N,DAY1_CT1,FIX,Nil,
@FEATURE=NormalTrans_T_2000_CT1_9times_Price_Restriction,09:30:00,Nil,N,DAY1_CT1,FIX,Nil,
@FEATURE=NormalTrans_U_3500_CT1_9times_Price_Restriction,09:30:00,Nil,N,DAY1_CT1,FIX,Nil,
@FEATURE=NormalTrans_V_5000_CT1_9times_Price_Restriction,09:30:00,Nil,N,DAY1_CT1,FIX,Nil,
@FEATURE=NormalTrans_W_7500_CT1_9times_Price_Restriction,09:30:00,Nil,N,DAY1_CT1,FIX,Nil,
@FEATURE=NormalTrans_X_9995_CT1_9times_Price_Restriction,09:30:00,Nil,N,DAY1_CT1,FIX,Nil,
@FEATURE=NormalTrans_B_0.01_CT37_1st_Price_Warning,Nil,Group:DAY1_CT1,N,DAY1_CT2,FIX,Nil,
@FEATURE=NormalTrans_C_0.13_CT47_1st_Price_Warning,Nil,Group:DAY1_CT1,N,DAY1_CT2,FIX,Nil,
@FEATURE=NormalTrans_D_0.25_CT47_1st_Price_Warning,Nil,Group:DAY1_CT1,N,DAY1_CT2,FIX,Nil,
@FEATURE=NormalTrans_E_0.375_CT47_1st_Price_Warning,Nil,Group:DAY1_CT1,N,DAY1_CT2,FIX,Nil,
@FEATURE=NormalTrans_F_0.5_CT47_1st_Price_Warning,Nil,Group:DAY1_CT1,N,DAY1_CT2,FIX,Nil,
@FEATURE=NormalTrans_G_5.2_CT47_1st_Price_Warning,Nil,Group:DAY1_CT1,N,DAY1_CT2,FIX,Nil,
@FEATURE=NormalTrans_H_10_CT47_1st_Price_Warning,Nil,Group:DAY1_CT1,N,DAY1_CT2,FIX,Nil,
@FEATURE=NormalTrans_I_15_CT47_1st_Price_Warning,Nil,Group:DAY1_CT1,N,DAY1_CT2,FIX,Nil,
@FEATURE=NormalTrans_J_20_CT47_1st_Price_Warning,Nil,Group:DAY1_CT1,N,DAY1_CT2,FIX,Nil,
@FEATURE=NormalTrans_K_60_CT47_1st_Price_Warning,Nil,Group:DAY1_CT1,N,DAY1_CT2,FIX,Nil,
@FEATURE=NormalTrans_L_100_CT47_1st_Price_Warning,Nil,Group:DAY1_CT1,N,DAY1_CT2,FIX,Nil,
@FEATURE=NormalTrans_M_150_CT47_1st_Price_Warning,Nil,Group:DAY1_CT1,N,DAY1_CT2,FIX,Nil,
@FEATURE=NormalTrans_N_200_CT47_1st_Price_Warning,Nil,Group:DAY1_CT1,N,DAY1_CT2,FIX,Nil,
@FEATURE=NormalTrans_O_350_CT47_1st_Price_Warning,Nil,Group:DAY1_CT1,N,DAY1_CT2,FIX,Nil,
@FEATURE=NormalTrans_P_500_CT47_1st_Price_Warning,Nil,Group:DAY1_CT1,N,DAY1_CT2,FIX,Nil,
@FEATURE=NormalTrans_Q_750_CT47_1st_Price_Warning,Nil,Group:DAY1_CT1,N,DAY1_CT2,FIX,Nil,
@FEATURE=NormalTrans_R_1000_CT47_1st_Price_Warning,Nil,Group:DAY1_CT1,N,DAY1_CT2,FIX,Nil,
@FEATURE=NormalTrans_S_1500_CT47_1st_Price_Warning,Nil,Group:DAY1_CT1,N,DAY1_CT2,FIX,Nil,
@FEATURE=NormalTrans_T_2000_CT47_1st_Price_Warning,Nil,Group:DAY1_CT1,N,DAY1_CT2,FIX,Nil,
@FEATURE=NormalTrans_U_3500_CT47_1st_Price_Warning,Nil,Group:DAY1_CT1,N,DAY1_CT2,FIX,Nil,
@FEATURE=NormalTrans_V_5000_CT47_1st_Price_Warning,Nil,Group:DAY1_CT1,N,DAY1_CT2,FIX,Nil,
@FEATURE=NormalTrans_W_7500_CT47_1st_Price_Warning,Nil,Group:DAY1_CT1,N,DAY1_CT2,FIX,Nil,
@FEATURE=NormalTrans_X_9995_CT37_1st_Price_Warning,Nil,Group:DAY1_CT1,N,DAY1_CT2,FIX,Nil,
@FEATURE=NormalTrans_B_0.01_CT57_2nd_Price_Warning,Nil,Group:DAY1_CT2,N,DAY1_CT3,FIX,Nil,
@FEATURE=NormalTrans_C_0.13_CT84_2nd_Price_Warning,Nil,Group:DAY1_CT2,N,DAY1_CT3,FIX,Nil,
@FEATURE=NormalTrans_D_0.25_CT84_2nd_Price_Warning,Nil,Group:DAY1_CT2,N,DAY1_CT3,FIX,Nil,
@FEATURE=NormalTrans_E_0.375_CT84_2nd_Price_Warning,Nil,Group:DAY1_CT2,N,DAY1_CT3,FIX,Nil,
@FEATURE=NormalTrans_F_0.5_CT84_2nd_Price_Warning,Nil,Group:DAY1_CT2,N,DAY1_CT3,FIX,Nil,
@FEATURE=NormalTrans_G_5.2_CT84_2nd_Price_Warning,Nil,Group:DAY1_CT2,N,DAY1_CT3,FIX,Nil,
@FEATURE=NormalTrans_H_10_CT84_2nd_Price_Warning,Nil,Group:DAY1_CT2,N,DAY1_CT3,FIX,Nil,
@FEATURE=NormalTrans_I_15_CT84_2nd_Price_Warning,Nil,Group:DAY1_CT2,N,DAY1_CT3,FIX,Nil,
@FEATURE=NormalTrans_J_20_CT84_2nd_Price_Warning,Nil,Group:DAY1_CT2,N,DAY1_CT3,FIX,Nil,
@FEATURE=NormalTrans_K_60_CT84_2nd_Price_Warning,Nil,Group:DAY1_CT2,N,DAY1_CT3,FIX,Nil,
@FEATURE=NormalTrans_L_100_CT84_2nd_Price_Warning,Nil,Group:DAY1_CT2,N,DAY1_CT3,FIX,Nil,
@FEATURE=NormalTrans_M_150_CT84_2nd_Price_Warning,Nil,Group:DAY1_CT2,N,DAY1_CT3,FIX,Nil,
@FEATURE=NormalTrans_N_200_CT84_2nd_Price_Warning,Nil,Group:DAY1_CT2,N,DAY1_CT3,FIX,Nil,
@FEATURE=NormalTrans_O_350_CT84_2nd_Price_Warning,Nil,Group:DAY1_CT2,N,DAY1_CT3,FIX,Nil,
@FEATURE=NormalTrans_P_500_CT84_2nd_Price_Warning,Nil,Group:DAY1_CT2,N,DAY1_CT3,FIX,Nil,
@FEATURE=NormalTrans_Q_750_CT84_2nd_Price_Warning,Nil,Group:DAY1_CT2,N,DAY1_CT3,FIX,Nil,
@FEATURE=NormalTrans_R_1000_CT84_2nd_Price_Warning,Nil,Group:DAY1_CT2,N,DAY1_CT3,FIX,Nil,
@FEATURE=NormalTrans_S_1500_CT84_2nd_Price_Warning,Nil,Group:DAY1_CT2,N,DAY1_CT3,FIX,Nil,
@FEATURE=NormalTrans_T_2000_CT84_2nd_Price_Warning,Nil,Group:DAY1_CT2,N,DAY1_CT3,FIX,Nil,
@FEATURE=NormalTrans_U_3500_CT84_2nd_Price_Warning,Nil,Group:DAY1_CT2,N,DAY1_CT3,FIX,Nil,
@FEATURE=NormalTrans_V_5000_CT84_2nd_Price_Warning,Nil,Group:DAY1_CT2,N,DAY1_CT3,FIX,Nil,
@FEATURE=NormalTrans_W_7500_CT84_2nd_Price_Warning,Nil,Group:DAY1_CT2,N,DAY1_CT3,FIX,Nil,
@FEATURE=NormalTrans_X_9995_CT57_2nd_Price_Warning,Nil,Group:DAY1_CT2,N,DAY1_CT3,FIX,Nil,
@FEATURE=NormalTrans_B_0.01_CT77_Quotation_Rule,Nil,Group:DAY1_CT3,N,DAY1_CT4,FIX,Nil,
@FEATURE=NormalTrans_C_0.13_CT126_Quotation_Rule,Nil,Group:DAY1_CT3,N,DAY1_CT4,FIX,Nil,
@FEATURE=NormalTrans_D_0.25_CT126_Quotation_Rule,Nil,Group:DAY1_CT3,N,DAY1_CT4,FIX,Nil,
@FEATURE=NormalTrans_E_0.375_CT126_Quotation_Rule,Nil,Group:DAY1_CT3,N,DAY1_CT4,FIX,Nil,
@FEATURE=NormalTrans_F_0.5_CT126_Quotation_Rule,Nil,Group:DAY1_CT3,N,DAY1_CT4,FIX,Nil,
@FEATURE=NormalTrans_G_5.2_CT126_Quotation_Rule,Nil,Group:DAY1_CT3,N,DAY1_CT4,FIX,Nil,
@FEATURE=NormalTrans_H_10_CT126_Quotation_Rule,Nil,Group:DAY1_CT3,N,DAY1_CT4,FIX,Nil,
@FEATURE=NormalTrans_I_15_CT126_Quotation_Rule,Nil,Group:DAY1_CT3,N,DAY1_CT4,FIX,Nil,
@FEATURE=NormalTrans_J_20_CT126_Quotation_Rule,Nil,Group:DAY1_CT3,N,DAY1_CT4,FIX,Nil,
@FEATURE=NormalTrans_K_60_CT126_Quotation_Rule,Nil,Group:DAY1_CT3,N,DAY1_CT4,FIX,Nil,
@FEATURE=NormalTrans_L_100_CT126_Quotation_Rule,Nil,Group:DAY1_CT3,N,DAY1_CT4,FIX,Nil,
@FEATURE=NormalTrans_M_150_CT126_Quotation_Rule,Nil,Group:DAY1_CT3,N,DAY1_CT4,FIX,Nil,
@FEATURE=NormalTrans_N_200_CT126_Quotation_Rule,Nil,Group:DAY1_CT3,N,DAY1_CT4,FIX,Nil,
@FEATURE=NormalTrans_O_350_CT126_Quotation_Rule,Nil,Group:DAY1_CT3,N,DAY1_CT4,FIX,Nil,
@FEATURE=NormalTrans_P_500_CT126_Quotation_Rule,Nil,Group:DAY1_CT3,N,DAY1_CT4,FIX,Nil,
@FEATURE=NormalTrans_Q_750_CT126_Quotation_Rule,Nil,Group:DAY1_CT3,N,DAY1_CT4,FIX,Nil,
@FEATURE=NormalTrans_R_1000_CT126_Quotation_Rule,Nil,Group:DAY1_CT3,N,DAY1_CT4,FIX,Nil,
@FEATURE=NormalTrans_S_1500_CT126_Quotation_Rule,Nil,Group:DAY1_CT3,N,DAY1_CT4,FIX,Nil,
@FEATURE=NormalTrans_T_2000_CT126_Quotation_Rule,Nil,Group:DAY1_CT3,N,DAY1_CT4,FIX,Nil,
@FEATURE=NormalTrans_U_3500_CT126_Quotation_Rule,Nil,Group:DAY1_CT3,N,DAY1_CT4,FIX,Nil,
@FEATURE=NormalTrans_V_5000_CT126_Quotation_Rule,Nil,Group:DAY1_CT3,N,DAY1_CT4,FIX,Nil,
@FEATURE=NormalTrans_W_7500_CT126_Quotation_Rule,Nil,Group:DAY1_CT3,N,DAY1_CT4,FIX,Nil,
@FEATURE=NormalTrans_X_9995_CT77_Quotation_Rule,Nil,Group:DAY1_CT3,N,DAY1_CT4,FIX,Nil,
@FEATURE=NormalTrans_B_0.01_CT171_Order_Placement,Nil,Group:DAY1_CT4,N,DAY1_CT5,FIX,Nil,
@FEATURE=NormalTrans_C_0.13_CT243_Order_Placement,Nil,Group:DAY1_CT4,N,DAY1_CT5,FIX,Nil,
@FEATURE=NormalTrans_D_0.25_CT243_Order_Placement,Nil,Group:DAY1_CT4,N,DAY1_CT5,FIX,Nil,
@FEATURE=NormalTrans_E_0.375_CT243_Order_Placement,Nil,Group:DAY1_CT4,N,DAY1_CT5,FIX,Nil,
@FEATURE=NormalTrans_F_0.5_CT243_Order_Placement,Nil,Group:DAY1_CT4,N,DAY1_CT5,FIX,Nil,
@FEATURE=NormalTrans_G_5.2_CT243_Order_Placement,Nil,Group:DAY1_CT4,N,DAY1_CT5,FIX,Nil,
@FEATURE=NormalTrans_H_10_CT243_Order_Placement,Nil,Group:DAY1_CT4,N,DAY1_CT5,FIX,Nil,
@FEATURE=NormalTrans_I_15_CT243_Order_Placement,Nil,Group:DAY1_CT4,N,DAY1_CT5,FIX,Nil,
@FEATURE=NormalTrans_J_20_CT243_Order_Placement,Nil,Group:DAY1_CT4,N,DAY1_CT5,FIX,Nil,
@FEATURE=NormalTrans_K_60_CT243_Order_Placement,Nil,Group:DAY1_CT4,N,DAY1_CT5,FIX,Nil,
@FEATURE=NormalTrans_L_100_CT243_Order_Placement,Nil,Group:DAY1_CT4,N,DAY1_CT5,FIX,Nil,
@FEATURE=NormalTrans_M_150_CT243_Order_Placement,Nil,Group:DAY1_CT4,N,DAY1_CT5,FIX,Nil,
@FEATURE=NormalTrans_N_200_CT243_Order_Placement,Nil,Group:DAY1_CT4,N,DAY1_CT5,FIX,Nil,
@FEATURE=NormalTrans_O_350_CT243_Order_Placement,Nil,Group:DAY1_CT4,N,DAY1_CT5,FIX,Nil,
@FEATURE=NormalTrans_P_500_CT243_Order_Placement,Nil,Group:DAY1_CT4,N,DAY1_CT5,FIX,Nil,
@FEATURE=NormalTrans_Q_750_CT243_Order_Placement,Nil,Group:DAY1_CT4,N,DAY1_CT5,FIX,Nil,
@FEATURE=NormalTrans_R_1000_CT243_Order_Placement,Nil,Group:DAY1_CT4,N,DAY1_CT5,FIX,Nil,
@FEATURE=NormalTrans_S_1500_CT243_Order_Placement,Nil,Group:DAY1_CT4,N,DAY1_CT5,FIX,Nil,
@FEATURE=NormalTrans_T_2000_CT243_Order_Placement,Nil,Group:DAY1_CT4,N,DAY1_CT5,FIX,Nil,
@FEATURE=NormalTrans_U_3500_CT243_Order_Placement,Nil,Group:DAY1_CT4,N,DAY1_CT5,FIX,Nil,
@FEATURE=NormalTrans_V_5000_CT243_Order_Placement,Nil,Group:DAY1_CT4,N,DAY1_CT5,FIX,Nil,
@FEATURE=NormalTrans_W_7500_CT243_Order_Placement,Nil,Group:DAY1_CT4,N,DAY1_CT5,FIX,Nil,
@FEATURE=NormalTrans_X_9995_CT171_Order_Placement,Nil,Group:DAY1_CT4,N,DAY1_CT5,FIX,Nil,
@FEATURE=NormalTrans_B_0.01_CT250_Short_Selling_PartA,Nil,Group:DAY1_CT5,N,DAY1_CT6,FIX,Nil,
@FEATURE=NormalTrans_C_0.13_CT322_Short_Selling_PartA,Nil,Group:DAY1_CT5,N,DAY1_CT6,FIX,Nil,
@FEATURE=NormalTrans_D_0.25_CT322_Short_Selling_PartA,Nil,Group:DAY1_CT5,N,DAY1_CT6,FIX,Nil,
@FEATURE=NormalTrans_E_0.375_CT322_Short_Selling_PartA,Nil,Group:DAY1_CT5,N,DAY1_CT6,FIX,Nil,
@FEATURE=NormalTrans_F_0.5_CT322_Short_Selling_PartA,Nil,Group:DAY1_CT5,N,DAY1_CT6,FIX,Nil,
@FEATURE=NormalTrans_G_5.2_CT322_Short_Selling_PartA,Nil,Group:DAY1_CT5,N,DAY1_CT6,FIX,Nil,
@FEATURE=NormalTrans_H_10_CT322_Short_Selling_PartA,Nil,Group:DAY1_CT5,N,DAY1_CT6,FIX,Nil,
@FEATURE=NormalTrans_I_15_CT322_Short_Selling_PartA,Nil,Group:DAY1_CT5,N,DAY1_CT6,FIX,Nil,
@FEATURE=NormalTrans_J_20_CT322_Short_Selling_PartA,Nil,Group:DAY1_CT5,N,DAY1_CT6,FIX,Nil,
@FEATURE=NormalTrans_K_60_CT322_Short_Selling_PartA,Nil,Group:DAY1_CT5,N,DAY1_CT6,FIX,Nil,
@FEATURE=NormalTrans_L_100_CT322_Short_Selling_PartA,Nil,Group:DAY1_CT5,N,DAY1_CT6,FIX,Nil,
@FEATURE=NormalTrans_M_150_CT322_Short_Selling_PartA,Nil,Group:DAY1_CT5,N,DAY1_CT6,FIX,Nil,
@FEATURE=NormalTrans_N_200_CT322_Short_Selling_PartA,Nil,Group:DAY1_CT5,N,DAY1_CT6,FIX,Nil,
@FEATURE=NormalTrans_O_350_CT322_Short_Selling_PartA,Nil,Group:DAY1_CT5,N,DAY1_CT6,FIX,Nil,
@FEATURE=NormalTrans_P_500_CT322_Short_Selling_PartA,Nil,Group:DAY1_CT5,N,DAY1_CT6,FIX,Nil,
@FEATURE=NormalTrans_Q_750_CT322_Short_Selling_PartA,Nil,Group:DAY1_CT5,N,DAY1_CT6,FIX,Nil,
@FEATURE=NormalTrans_R_1000_CT322_Short_Selling_PartA,Nil,Group:DAY1_CT5,N,DAY1_CT6,FIX,Nil,
@FEATURE=NormalTrans_S_1500_CT322_Short_Selling_PartA,Nil,Group:DAY1_CT5,N,DAY1_CT6,FIX,Nil,
@FEATURE=NormalTrans_T_2000_CT322_Short_Selling_PartA,Nil,Group:DAY1_CT5,N,DAY1_CT6,FIX,Nil,
@FEATURE=NormalTrans_U_3500_CT322_Short_Selling_PartA,Nil,Group:DAY1_CT5,N,DAY1_CT6,FIX,Nil,
@FEATURE=NormalTrans_V_5000_CT322_Short_Selling_PartA,Nil,Group:DAY1_CT5,N,DAY1_CT6,FIX,Nil,
@FEATURE=NormalTrans_W_7500_CT322_Short_Selling_PartA,Nil,Group:DAY1_CT5,N,DAY1_CT6,FIX,Nil,
@FEATURE=NormalTrans_X_9995_CT250_Short_Selling_PartA,Nil,Group:DAY1_CT5,N,DAY1_CT6,FIX,Nil,
@FEATURE=NormalTrans_B_0.01_CT294_Short_Selling_PartB,Nil,Group:DAY1_CT6,N,DAY1_CT7,FIX,Nil,
@FEATURE=NormalTrans_C_0.13_CT366_Short_Selling_PartB,Nil,Group:DAY1_CT6,N,DAY1_CT7,FIX,Nil,
@FEATURE=NormalTrans_D_0.25_CT366_Short_Selling_PartB,Nil,Group:DAY1_CT6,N,DAY1_CT7,FIX,Nil,
@FEATURE=NormalTrans_E_0.375_CT366_Short_Selling_PartB,Nil,Group:DAY1_CT6,N,DAY1_CT7,FIX,Nil,
@FEATURE=NormalTrans_F_0.5_CT366_Short_Selling_PartB,Nil,Group:DAY1_CT6,N,DAY1_CT7,FIX,Nil,
@FEATURE=NormalTrans_G_5.2_CT366_Short_Selling_PartB,Nil,Group:DAY1_CT6,N,DAY1_CT7,FIX,Nil,
@FEATURE=NormalTrans_H_10_CT366_Short_Selling_PartB,Nil,Group:DAY1_CT6,N,DAY1_CT7,FIX,Nil,
@FEATURE=NormalTrans_I_15_CT366_Short_Selling_PartB,Nil,Group:DAY1_CT6,N,DAY1_CT7,FIX,Nil,
@FEATURE=NormalTrans_J_20_CT366_Short_Selling_PartB,Nil,Group:DAY1_CT6,N,DAY1_CT7,FIX,Nil,
@FEATURE=NormalTrans_K_60_CT366_Short_Selling_PartB,Nil,Group:DAY1_CT6,N,DAY1_CT7,FIX,Nil,
@FEATURE=NormalTrans_L_100_CT366_Short_Selling_PartB,Nil,Group:DAY1_CT6,N,DAY1_CT7,FIX,Nil,
@FEATURE=NormalTrans_M_150_CT366_Short_Selling_PartB,Nil,Group:DAY1_CT6,N,DAY1_CT7,FIX,Nil,
@FEATURE=NormalTrans_N_200_CT366_Short_Selling_PartB,Nil,Group:DAY1_CT6,N,DAY1_CT7,FIX,Nil,
@FEATURE=NormalTrans_O_350_CT366_Short_Selling_PartB,Nil,Group:DAY1_CT6,N,DAY1_CT7,FIX,Nil,
@FEATURE=NormalTrans_P_500_CT366_Short_Selling_PartB,Nil,Group:DAY1_CT6,N,DAY1_CT7,FIX,Nil,
@FEATURE=NormalTrans_Q_750_CT366_Short_Selling_PartB,Nil,Group:DAY1_CT6,N,DAY1_CT7,FIX,Nil,
@FEATURE=NormalTrans_R_1000_CT366_Short_Selling_PartB,Nil,Group:DAY1_CT6,N,DAY1_CT7,FIX,Nil,
@FEATURE=NormalTrans_S_1500_CT366_Short_Selling_PartB,Nil,Group:DAY1_CT6,N,DAY1_CT7,FIX,Nil,
@FEATURE=NormalTrans_T_2000_CT366_Short_Selling_PartB,Nil,Group:DAY1_CT6,N,DAY1_CT7,FIX,Nil,
@FEATURE=NormalTrans_U_3500_CT366_Short_Selling_PartB,Nil,Group:DAY1_CT6,N,DAY1_CT7,FIX,Nil,
@FEATURE=NormalTrans_V_5000_CT366_Short_Selling_PartB,Nil,Group:DAY1_CT6,N,DAY1_CT7,FIX,Nil,
@FEATURE=NormalTrans_W_7500_CT366_Short_Selling_PartB,Nil,Group:DAY1_CT6,N,DAY1_CT7,FIX,Nil,
@FEATURE=NormalTrans_X_9995_CT294_Short_Selling_PartB,Nil,Group:DAY1_CT6,N,DAY1_CT7,FIX,Nil,
@FEATURE=NormalTrans_B_0.01_CT312_10_Price_Queues_Display,Nil,Group:DAY1_CT7,N,DAY1_CT8,FIX,Nil,
@FEATURE=NormalTrans_C_0.13_CT384_Broker_Queue_Display,Nil,Group:DAY1_CT7,N,DAY1_CT8,FIX,Nil,
@FEATURE=NormalTrans_D_0.25_CT384_Broker_Queue_Display,Nil,Group:DAY1_CT7,N,DAY1_CT8,FIX,Nil,
@FEATURE=NormalTrans_E_0.375_CT384_Broker_Queue_Display,Nil,Group:DAY1_CT7,N,DAY1_CT8,FIX,Nil,
@FEATURE=NormalTrans_F_0.5_CT384_Broker_Queue_Display,Nil,Group:DAY1_CT7,N,DAY1_CT8,FIX,Nil,
@FEATURE=NormalTrans_G_5.2_CT384_Broker_Queue_Display,Nil,Group:DAY1_CT7,N,DAY1_CT8,FIX,Nil,
@FEATURE=NormalTrans_H_10_CT384_Broker_Queue_Display,Nil,Group:DAY1_CT7,N,DAY1_CT8,FIX,Nil,
@FEATURE=NormalTrans_I_15_CT384_Broker_Queue_Display,Nil,Group:DAY1_CT7,N,DAY1_CT8,FIX,Nil,
@FEATURE=NormalTrans_J_20_CT384_Broker_Queue_Display,Nil,Group:DAY1_CT7,N,DAY1_CT8,FIX,Nil,
@FEATURE=NormalTrans_K_60_CT384_Broker_Queue_Display,Nil,Group:DAY1_CT7,N,DAY1_CT8,FIX,Nil,
@FEATURE=NormalTrans_L_100_CT384_Broker_Queue_Display,Nil,Group:DAY1_CT7,N,DAY1_CT8,FIX,Nil,
@FEATURE=NormalTrans_M_150_CT384_Broker_Queue_Display,Nil,Group:DAY1_CT7,N,DAY1_CT8,FIX,Nil,
@FEATURE=NormalTrans_N_200_CT384_Broker_Queue_Display,Nil,Group:DAY1_CT7,N,DAY1_CT8,FIX,Nil,
@FEATURE=NormalTrans_O_350_CT384_Broker_Queue_Display,Nil,Group:DAY1_CT7,N,DAY1_CT8,FIX,Nil,
@FEATURE=NormalTrans_P_500_CT384_Broker_Queue_Display,Nil,Group:DAY1_CT7,N,DAY1_CT8,FIX,Nil,
@FEATURE=NormalTrans_Q_750_CT384_Broker_Queue_Display,Nil,Group:DAY1_CT7,N,DAY1_CT8,FIX,Nil,
@FEATURE=NormalTrans_R_1000_CT384_Broker_Queue_Display,Nil,Group:DAY1_CT7,N,DAY1_CT8,FIX,Nil,
@FEATURE=NormalTrans_S_1500_CT384_Broker_Queue_Display,Nil,Group:DAY1_CT7,N,DAY1_CT8,FIX,Nil,
@FEATURE=NormalTrans_T_2000_CT384_Broker_Queue_Display,Nil,Group:DAY1_CT7,N,DAY1_CT8,FIX,Nil,
@FEATURE=NormalTrans_U_3500_CT384_Broker_Queue_Display,Nil,Group:DAY1_CT7,N,DAY1_CT8,FIX,Nil,
@FEATURE=NormalTrans_V_5000_CT384_Broker_Queue_Display,Nil,Group:DAY1_CT7,N,DAY1_CT8,FIX,Nil,
@FEATURE=NormalTrans_W_7500_CT384_Broker_Queue_Display,Nil,Group:DAY1_CT7,N,DAY1_CT8,FIX,Nil,
@FEATURE=NormalTrans_X_9995_CT312_10_Price_Queues_Display,Nil,Group:DAY1_CT7,N,DAY1_CT8,FIX,Nil,
@FEATURE=ComplicatedTrans_VCM_Trigger_01,Nil,Group:DAY1_CT8,N,Nil,FIX,Nil,
@FEATURE=ComplicatedTrans_VCM_Trigger_02,Nil,Group:DAY1_CT8,N,Nil,FIX,Nil,
@FEATURE=ComplicatedTrans_VCM_Trigger_03,Nil,Group:DAY1_CT8,N,Nil,FIX,Nil,
@FEATURE=ComplicatedTrans_VCM_Trigger_04,Nil,Group:DAY1_CT8,N,Nil,FIX,Nil,
@FEATURE=ComplicatedTrans_VCM_Trigger_05,Nil,Group:DAY1_CT8,N,Nil,FIX,Nil,
@FEATURE=ComplicatedTrans_VCM_Trigger_07,Nil,Group:DAY1_CT8,N,Nil,FIX,Nil,
@FEATURE=ComplicatedTrans_VCM_Trigger_09,Nil,Group:DAY1_CT8,N,Nil,FIX,Nil,
@FEATURE=ComplicatedTrans_VCM_Trigger_10,Nil,Group:DAY1_CT8,N,Nil,FIX,Nil,
@FEATURE=ComplicatedTrans_VCM_Trigger_11,Nil,Group:DAY1_CT8,N,Nil,FIX,Nil,
@FEATURE=ComplicatedTrans_VCM_Trigger_12,Nil,Group:DAY1_CT8,N,Nil,FIX,Nil,
@FEATURE=ComplicatedTrans_VCM_Trigger_14,Nil,Group:DAY1_CT8,N,Nil,FIX,Nil,
@FEATURE=ComplicatedTrans_VCM_Trigger_15,Nil,Group:DAY1_CT8,N,Nil,FIX,Nil,
@FEATURE=ComplicatedTrans_VCM_Trigger_17,Nil,Group:DAY1_CT8,N,Nil,FIX,Nil,
@FEATURE=ComplicatedTrans_VCM_Trigger_18,Nil,Group:DAY1_CT8,N,Nil,FIX,Nil,
@FEATURE=ComplicatedTrans_VCM_Trigger_19,Nil,Group:DAY1_CT8,N,Nil,FIX,Nil,
@FEATURE=ComplicatedTrans_VCM_Trigger_20,Nil,Group:DAY1_CT8,N,Nil,FIX,Nil,
@FEATURE=ComplicatedTrans_VCM_Trigger_21,Nil,Group:DAY1_CT8,N,Nil,FIX,Nil,
@FEATURE=ComplicatedTrans_VCM_Trigger_22,Nil,Group:DAY1_CT8,N,Nil,FIX,Nil,
@FEATURE=ComplicatedTrans_VCM_Trigger_23,Nil,Group:DAY1_CT8,N,Nil,FIX,Nil,
@FEATURE=ComplicatedTrans_Boundary_D_0.25,14:00:00,Nil,N,Nil,FIX,Nil,
@FEATURE=ComplicatedTrans_Boundary_F_0.5,14:00:00,Nil,N,Nil,FIX,Nil,
@FEATURE=ComplicatedTrans_Boundary_H_10,14:00:00,Nil,N,Nil,FIX,Nil,
@FEATURE=ComplicatedTrans_Boundary_J_20,14:00:00,Nil,N,Nil,FIX,Nil,
@FEATURE=ComplicatedTrans_Boundary_L_100,14:00:00,Nil,N,Nil,FIX,Nil,
@FEATURE=ComplicatedTrans_Boundary_N_200,14:00:00,Nil,N,Nil,FIX,Nil,
@FEATURE=ComplicatedTrans_Boundary_P_500,14:00:00,Nil,N,Nil,FIX,Nil,
@FEATURE=ComplicatedTrans_Boundary_R_1000,14:00:00,Nil,N,Nil,FIX,Nil,
@FEATURE=ComplicatedTrans_Boundary_T_2000,14:00:00,Nil,N,Nil,FIX,Nil,
@FEATURE=ComplicatedTrans_Boundary_V_5000,14:00:00,Nil,N,Nil,FIX,Nil,
@FEATURE=ComplicatedTrans_Explicit_Implicit_Delete,14:00:00,Nil,N,Nil,FIX,Nil,
@FEATURE=ComplicatedTrans_Illiquid_Stock,14:00:00,Nil,N,Nil,FIX,Nil,
@FEATURE=ComplicatedTrans_Statistic_Message,14:00:00,Nil,N,Nil,FIX,Nil,
@FEATURE=ComplicatedTrans_Trade_Ticker,14:00:00,Nil,N,Nil,FIX,Nil,
@FEATURE=ComplicatedTrans_Yield,14:00:00,Nil,N,Nil,FIX,Nil,
@FEATURE=ComplicatedTrans_Boundary_ST_PartD_N_1,14:30:00,Nil,N,Nil,FIX,Nil,
@FEATURE=ComplicatedTrans_Boundary_ST_PartD_N_10,14:30:00,Nil,N,Nil,FIX,Nil,
@FEATURE=ComplicatedTrans_Boundary_ST_PartD_N_100,14:30:00,Nil,N,Nil,FIX,Nil,
@FEATURE=ComplicatedTrans_Boundary_ST_PartD_N_1000,14:30:00,Nil,N,Nil,FIX,Nil,
@FEATURE=ComplicatedTrans_Boundary_ST_PartD_N_20,14:30:00,Nil,N,Nil,FIX,Nil,
@FEATURE=ComplicatedTrans_Boundary_ST_PartD_N_200,14:30:00,Nil,N,Nil,FIX,Nil,
@FEATURE=ComplicatedTrans_Boundary_ST_PartD_N_2000,14:30:00,Nil,N,Nil,FIX,Nil,
@FEATURE=ComplicatedTrans_Boundary_ST_PartD_N_5,14:30:00,Nil,N,Nil,FIX,Nil,
@FEATURE=ComplicatedTrans_Boundary_ST_PartD_N_500,14:30:00,Nil,N,Nil,FIX,Nil,
@FEATURE=ComplicatedTrans_Boundary_ST_PartD_N_0.01,14:30:00,Nil,N,Nil,FIX,Nil,
@FEATURE=ComplicatedTrans_Boundary_ST_PartD_N_9999,14:30:00,Nil,N,Nil,FIX,Nil,
@FEATURE=ComplicatedTrans_Boundary_ST_PartD_N_1_ADD,14:30:00,Nil,N,Nil,FIX,Nil,
@FEATURE=ComplicatedTrans_Boundary_ST_PartD_N_20_ADD,14:30:00,Nil,N,Nil,FIX,Nil,
@FEATURE=ComplicatedTrans_Boundary_ST_PartD_N_200_ADD,14:30:00,Nil,N,Nil,FIX,Nil,
@FEATURE=ComplicatedTrans_Boundary_ST_PartA_N_0.01,14:30:00,Nil,N,Nil,FIX,Nil,
@FEATURE=ComplicatedTrans_Boundary_ST_PartA_N_9995,14:30:00,Nil,N,Nil,FIX,Nil,
@FEATURE=ComplicatedTrans_Boundary_ST_PartB_N_0.5,14:30:00,Nil,N,Nil,FIX,Nil,
@FEATURE=ComplicatedTrans_Boundary_ST_PartB_N_9999.95,14:30:00,Nil,N,Nil,FIX,Nil,
@FEATURE=ComplicatedTrans_Boundary_ST_InlineWarrent_N_0.01,14:30:00,Nil,N,Nil,FIX,Nil,
@FEATURE=ComplicatedTrans_Boundary_ST_InlineWarrent_N_0.25,14:30:00,Nil,N,Nil,FIX,Nil,
@FEATURE=ComplicatedTrans_Boundary_ST_InlineWarrent_N_0.5,14:30:00,Nil,N,Nil,FIX,Nil,
@FEATURE=ComplicatedTrans_Boundary_ST_InlineWarrent_N_1,14:30:00,Nil,N,Nil,FIX,Nil,
@FEATURE=ComplicatedTrans_Boundary_Stock99999,15:30:00,Nil,N,Nil,FIX,Nil,
@FEATURE=ComplicatedTrans_Calculation_Trades_Number,15:30:00,Nil,N,Nil,FIX,Nil,
@FEATURE=ComplicatedTrans_CAS_Auction_Checkpoint,15:30:00,Nil,N,Nil,FIX,Nil,
@FEATURE=ComplicatedTrans_CAS_Order_Imbalance_01,15:30:00,Nil,N,Nil,FIX,Nil,
@FEATURE=ComplicatedTrans_CAS_IEP_IEV_AC12,15:30:00,Nil,N,Nil,FIX,Nil,
@FEATURE=ComplicatedTrans_CAS_IEP_IEV_AC30,15:30:00,Nil,N,Nil,FIX,Nil,
@FEATURE=ComplicatedTrans_CAS_IEP_IEV_AC37,15:30:00,Nil,N,Nil,FIX,Nil,
@FEATURE=ComplicatedTrans_CAS_IEP_IEV_AC40,15:30:00,Nil,N,Nil,FIX,Nil,
@FEATURE=ComplicatedTrans_CAS_IEP_IEV_AC43,15:30:00,Nil,N,Nil,FIX,Nil,
@FEATURE=ComplicatedTrans_CAS_IEP_IEV_AC49,Nil,@FEATURE=ComplicatedTrans_CAS_IEP_IEV_AC43,N,Nil,FIX,Nil,
@FEATURE=ComplicatedTrans_CAS_IEP_IEV_AC57,Nil,@FEATURE=ComplicatedTrans_CAS_IEP_IEV_AC49,N,Nil,FIX,Nil,
@FEATURE=ComplicatedTrans_CAS_IEP_IEV_AC63,Nil,@FEATURE=ComplicatedTrans_CAS_IEP_IEV_AC57,N,Nil,FIX,Nil,
@FEATURE=Refresh_and_Retrans_Closing_Price_Verification_DAYI,16:15:00,Nil,N,Nil,FIX,Nil,
@FEATURE=Refresh_and_Retrans_Market_Turnover_Verification_DAYI,16:15:00,Nil,N,Nil,FIX,Nil,
@FEATURE=Sequence_Reset_Verification,16:15:00,Nil,N,Nil,FIX,Nil,
@FEATURE=Trading_Session_Status_Verification,16:15:00,Nil,N,Nil,FIX,Nil,
