case_id,start_time,preceding_case_id,stop_execution_if_fail,group,protocol,group_in_report,remark
@FEATURE=ComplicatedTrans_VCM_Trigger_01,Nil,Nil,N,Nil,FIX,Nil,
@FEATURE=ComplicatedTrans_VCM_Trigger_02,Nil,Nil,N,Nil,FIX,Nil,
@FEATURE=ComplicatedTrans_VCM_Trigger_03,Nil,Nil,N,Nil,FIX,Nil,
@FEATURE=ComplicatedTrans_VCM_Trigger_04,Nil,Nil,N,Nil,FIX,Nil,
@FEATURE=ComplicatedTrans_VCM_Trigger_05,Nil,Nil,N,Nil,FIX,Nil,
@FEATURE=ComplicatedTrans_VCM_Trigger_07,Nil,Nil,N,Nil,FIX,Nil,
@FEATURE=ComplicatedTrans_VCM_Trigger_09,Nil,Nil,N,Nil,FIX,Nil,
@FEATURE=ComplicatedTrans_VCM_Trigger_10,Nil,Nil,N,Nil,FIX,Nil,
@FEATURE=ComplicatedTrans_VCM_Trigger_11,Nil,Nil,N,Nil,FIX,Nil,
@FEATURE=ComplicatedTrans_VCM_Trigger_12,Nil,Nil,N,Nil,FIX,Nil,
@FEATURE=ComplicatedTrans_VCM_Trigger_14,Nil,Nil,N,Nil,FIX,Nil,
@FEATURE=ComplicatedTrans_VCM_Trigger_15,Nil,Nil,N,Nil,FIX,Nil,
@FEATURE=ComplicatedTrans_VCM_Trigger_17,Nil,Nil,N,Nil,FIX,Nil,
@FEATURE=ComplicatedTrans_VCM_Trigger_18,Nil,Nil,N,Nil,FIX,Nil,
@FEATURE=ComplicatedTrans_VCM_Trigger_19,Nil,Nil,N,Nil,FIX,Nil,
@FEATURE=ComplicatedTrans_VCM_Trigger_20,Nil,Nil,N,Nil,FIX,Nil,
@FEATURE=ComplicatedTrans_VCM_Trigger_21,Nil,Nil,N,Nil,FIX,Nil,
@FEATURE=ComplicatedTrans_VCM_Trigger_22,Nil,Nil,N,Nil,FIX,Nil,
@FEATURE=ComplicatedTrans_VCM_Trigger_23,Nil,Nil,N,Nil,FIX,Nil,
@FEATURE=ComplicatedTrans_Explicit_Implicit_Delete,14:00:00,Nil,N,Nil,FIX,Nil,
@FEATURE=ComplicatedTrans_Illiquid_Stock,14:00:00,Nil,N,Nil,FIX,Nil,
@FEATURE=ComplicatedTrans_Statistic_Message,14:00:00,Nil,N,Nil,FIX,Nil,
@FEATURE=ComplicatedTrans_Trade_Ticker,14:00:00,Nil,N,Nil,FIX,Nil,
@FEATURE=ComplicatedTrans_Yield,14:00:00,Nil,N,Nil,FIX,Nil,
@FEATURE=ComplicatedTrans_Calculation_Trades_Number,15:30:00,Nil,N,Nil,FIX,Nil,
@FEATURE=ComplicatedTrans_CAS_Auction_Checkpoint,15:30:00,Nil,N,Nil,FIX,Nil,
@FEATURE=ComplicatedTrans_CAS_Order_Imbalance_01,15:30:00,Nil,N,Nil,FIX,Nil,
@FEATURE=ComplicatedTrans_CAS_IEP_IEV_AC12,15:30:00,Nil,N,Nil,FIX,Nil,
@FEATURE=ComplicatedTrans_CAS_IEP_IEV_AC30,15:30:00,Nil,N,Nil,FIX,Nil,
@FEATURE=ComplicatedTrans_CAS_IEP_IEV_AC37,15:30:00,Nil,N,Nil,FIX,Nil,
@FEATURE=ComplicatedTrans_CAS_IEP_IEV_AC40,15:30:00,Nil,N,Nil,FIX,Nil,
@FEATURE=ComplicatedTrans_CAS_IEP_IEV_AC43,15:30:00,Nil,N,Nil,FIX,Nil,
@FEATURE=ComplicatedTrans_CAS_IEP_IEV_AC49,Nil,@FEATURE=ComplicatedTrans_CAS_IEP_IEV_AC43,N,Nil,FIX,Nil,
@FEATURE=ComplicatedTrans_CAS_IEP_IEV_AC57,Nil,@FEATURE=ComplicatedTrans_CAS_IEP_IEV_AC49,N,Nil,FIX,Nil,
@FEATURE=ComplicatedTrans_CAS_IEP_IEV_AC63,Nil,@FEATURE=ComplicatedTrans_CAS_IEP_IEV_AC57,N,Nil,FIX,Nil,
@FEATURE=Sequence_Reset_Verification,16:15:00,Nil,N,Nil,FIX,Nil,
@FEATURE=Trading_Session_Status_Verification,16:15:00,Nil,N,Nil,FIX,Nil,
