case_id,start_time,preceding_case_id,stop_execution_if_fail,group,protocol,group_in_report,remark
@FEATURE=ComplicatedTrans_Refresh_Preparation,08:30:00,Nil,Y,Nil,FIX,Nil,
@CASE=Change_Market_Status_of_Day4_Regression_EI_to_OI,Nil,@FEATURE=ComplicatedTrans_Refresh_Preparation,Y,Nil,FIX,=ALL=,
@CASE=ComplicatedTrans_Refresh_99997_OI,Nil,@CASE=Change_Market_Status_of_Day4_Regression_EI_to_OI,N,POS_OI,FIX,ComplicatedTrans_Refresh_99997,
@CASE=ComplicatedTrans_Refresh_B_OI,Nil,@CASE=Change_Market_Status_of_Day4_Regression_EI_to_OI,N,POS_OI,FIX,ComplicatedTrans_Refresh_B,
@CASE=ComplicatedTrans_Refresh_C_OI,Nil,@CASE=Change_Market_Status_of_Day4_Regression_EI_to_OI,N,POS_OI,FIX,ComplicatedTrans_Refresh_C,
@CASE=ComplicatedTrans_Refresh_D_OI,Nil,@CASE=Change_Market_Status_of_Day4_Regression_EI_to_OI,N,POS_OI,FIX,ComplicatedTrans_Refresh_D,
@CASE=ComplicatedTrans_Refresh_G_OI,Nil,@CASE=Change_Market_Status_of_Day4_Regression_EI_to_OI,N,POS_OI,FIX,ComplicatedTrans_Refresh_G,
@CASE=ComplicatedTrans_Refresh_J_OI,Nil,@CASE=Change_Market_Status_of_Day4_Regression_EI_to_OI,N,POS_OI,FIX,ComplicatedTrans_Refresh_J,
@CASE=ComplicatedTrans_Refresh_M_OI,Nil,@CASE=Change_Market_Status_of_Day4_Regression_EI_to_OI,N,POS_OI,FIX,ComplicatedTrans_Refresh_M,
@CASE=ComplicatedTrans_Refresh_P_OI,Nil,@CASE=Change_Market_Status_of_Day4_Regression_EI_to_OI,N,POS_OI,FIX,ComplicatedTrans_Refresh_P,
@CASE=ComplicatedTrans_Refresh_S_OI,Nil,@CASE=Change_Market_Status_of_Day4_Regression_EI_to_OI,N,POS_OI,FIX,ComplicatedTrans_Refresh_S,
@CASE=Change_Market_Status_of_Day4_Regression_OI_to_NC,Nil,Group:POS_OI,Y,Nil,FIX,=ALL=,
@CASE=ComplicatedTrans_Refresh_99997_NC,Nil,@CASE=Change_Market_Status_of_Day4_Regression_OI_to_NC,N,POS_NC,FIX,ComplicatedTrans_Refresh_99997,
@CASE=ComplicatedTrans_Refresh_B_NC,Nil,@CASE=Change_Market_Status_of_Day4_Regression_OI_to_NC,N,POS_NC,FIX,ComplicatedTrans_Refresh_B,
@CASE=ComplicatedTrans_Refresh_C_NC,Nil,@CASE=Change_Market_Status_of_Day4_Regression_OI_to_NC,N,POS_NC,FIX,ComplicatedTrans_Refresh_C,
@CASE=ComplicatedTrans_Refresh_D_NC,Nil,@CASE=Change_Market_Status_of_Day4_Regression_OI_to_NC,N,POS_NC,FIX,ComplicatedTrans_Refresh_D,
@CASE=ComplicatedTrans_Refresh_G_NC,Nil,@CASE=Change_Market_Status_of_Day4_Regression_OI_to_NC,N,POS_NC,FIX,ComplicatedTrans_Refresh_G,
@CASE=ComplicatedTrans_Refresh_J_NC,Nil,@CASE=Change_Market_Status_of_Day4_Regression_OI_to_NC,N,POS_NC,FIX,ComplicatedTrans_Refresh_J,
@CASE=ComplicatedTrans_Refresh_M_NC,Nil,@CASE=Change_Market_Status_of_Day4_Regression_OI_to_NC,N,POS_NC,FIX,ComplicatedTrans_Refresh_M,
@CASE=ComplicatedTrans_Refresh_P_NC,Nil,@CASE=Change_Market_Status_of_Day4_Regression_OI_to_NC,N,POS_NC,FIX,ComplicatedTrans_Refresh_P,
@CASE=ComplicatedTrans_Refresh_S_NC,Nil,@CASE=Change_Market_Status_of_Day4_Regression_OI_to_NC,N,POS_NC,FIX,ComplicatedTrans_Refresh_S,
@CASE=Change_Market_Status_of_Day4_Regression_NC_to_MA,Nil,Group:POS_NC,Y,Nil,FIX,=ALL=,
@CASE=ComplicatedTrans_Refresh_99997_MA,Nil,@CASE=Change_Market_Status_of_Day4_Regression_NC_to_MA,N,POS_MA,FIX,ComplicatedTrans_Refresh_99997,
@CASE=ComplicatedTrans_Refresh_B_MA,Nil,@CASE=Change_Market_Status_of_Day4_Regression_NC_to_MA,N,POS_MA,FIX,ComplicatedTrans_Refresh_B,
@CASE=ComplicatedTrans_Refresh_C_MA,Nil,@CASE=Change_Market_Status_of_Day4_Regression_NC_to_MA,N,POS_MA,FIX,ComplicatedTrans_Refresh_C,
@CASE=ComplicatedTrans_Refresh_D_MA,Nil,@CASE=Change_Market_Status_of_Day4_Regression_NC_to_MA,N,POS_MA,FIX,ComplicatedTrans_Refresh_D,
@CASE=ComplicatedTrans_Refresh_G_MA,Nil,@CASE=Change_Market_Status_of_Day4_Regression_NC_to_MA,N,POS_MA,FIX,ComplicatedTrans_Refresh_G,
@CASE=ComplicatedTrans_Refresh_J_MA,Nil,@CASE=Change_Market_Status_of_Day4_Regression_NC_to_MA,N,POS_MA,FIX,ComplicatedTrans_Refresh_J,
@CASE=ComplicatedTrans_Refresh_M_MA,Nil,@CASE=Change_Market_Status_of_Day4_Regression_NC_to_MA,N,POS_MA,FIX,ComplicatedTrans_Refresh_M,
@CASE=ComplicatedTrans_Refresh_P_MA,Nil,@CASE=Change_Market_Status_of_Day4_Regression_NC_to_MA,N,POS_MA,FIX,ComplicatedTrans_Refresh_P,
@CASE=ComplicatedTrans_Refresh_S_MA,Nil,@CASE=Change_Market_Status_of_Day4_Regression_NC_to_MA,N,POS_MA,FIX,ComplicatedTrans_Refresh_S,
@CASE=Change_Market_Status_of_Day4_Regression_MA_to_BL,Nil,Group:POS_MA,Y,Nil,FIX,=ALL=,
@CASE=Change_Market_Status_of_Day4_Regression_BL_to_OC,Nil,@CASE=Change_Market_Status_of_Day4_Regression_MA_to_BL,Y,Nil,FIX,=ALL=,
@CASE=ComplicatedTrans_Refresh_D_OC,Nil,@CASE=Change_Market_Status_of_Day4_Regression_BL_to_OC,N,Nil,FIX,ComplicatedTrans_Refresh_D,
@CASE=Change_Market_Status_of_Day4_Regression_OC_to_CT,Nil,@CASE=ComplicatedTrans_Refresh_D_OC,Y,Nil,FIX,=ALL=,
@CASE=ComplicatedTrans_Refresh_99997_CT,Nil,@CASE=Change_Market_Status_of_Day4_Regression_OC_to_CT,N,CTS_CT,FIX,ComplicatedTrans_Refresh_99997,
@CASE=ComplicatedTrans_Refresh_B_CT,Nil,@CASE=Change_Market_Status_of_Day4_Regression_OC_to_CT,N,CTS_CT,FIX,ComplicatedTrans_Refresh_B,
@CASE=ComplicatedTrans_Refresh_C_CT,Nil,@CASE=Change_Market_Status_of_Day4_Regression_OC_to_CT,N,CTS_CT,FIX,ComplicatedTrans_Refresh_C,
@CASE=ComplicatedTrans_Refresh_D_CT,Nil,@CASE=Change_Market_Status_of_Day4_Regression_OC_to_CT,N,CTS_CT,FIX,ComplicatedTrans_Refresh_D,
@CASE=ComplicatedTrans_Refresh_G_CT,Nil,@CASE=Change_Market_Status_of_Day4_Regression_OC_to_CT,N,CTS_CT,FIX,ComplicatedTrans_Refresh_G,
@CASE=ComplicatedTrans_Refresh_J_CT,Nil,@CASE=Change_Market_Status_of_Day4_Regression_OC_to_CT,N,CTS_CT,FIX,ComplicatedTrans_Refresh_J,
@CASE=ComplicatedTrans_Refresh_M_CT,Nil,@CASE=Change_Market_Status_of_Day4_Regression_OC_to_CT,N,CTS_CT,FIX,ComplicatedTrans_Refresh_M,
@CASE=ComplicatedTrans_Refresh_P_CT,Nil,@CASE=Change_Market_Status_of_Day4_Regression_OC_to_CT,N,CTS_CT,FIX,ComplicatedTrans_Refresh_P,
@CASE=ComplicatedTrans_Refresh_S_CT,Nil,@CASE=Change_Market_Status_of_Day4_Regression_OC_to_CT,N,CTS_CT,FIX,ComplicatedTrans_Refresh_S,
@FEATURE=ComplicatedTrans_Refresh_OrderbookOverflow,Nil,@CASE=Change_Market_Status_of_Day4_Regression_OC_to_CT,N,CTS_CT,FIX,Nil,
@CASE=Change_Market_Status_of_Day4_Regression_CT_to_EI,Nil,Group:CTS_CT,Y,Nil,FIX,=ALL=,
@CASE=Change_Market_Status_of_Day4_Regression_EI_to_CL,Nil,@CASE=Change_Market_Status_of_Day4_Regression_CT_to_EI,Y,Nil,FIX,=ALL=,
@CASE=Change_Market_Status_of_Day4_Regression_CL_to_DC,Nil,@CASE=Change_Market_Status_of_Day4_Regression_EI_to_CL,Y,Nil,FIX,=ALL=,
@CASE=ComplicatedTrans_Refresh_99997_DC,Nil,@CASE=Change_Market_Status_of_Day4_Regression_CL_to_DC,N,Nil,FIX,ComplicatedTrans_Refresh_99997,
@CASE=ComplicatedTrans_Refresh_B_DC,Nil,@CASE=Change_Market_Status_of_Day4_Regression_CL_to_DC,N,Nil,FIX,ComplicatedTrans_Refresh_B,
@CASE=ComplicatedTrans_Refresh_C_DC,Nil,@CASE=Change_Market_Status_of_Day4_Regression_CL_to_DC,N,Nil,FIX,ComplicatedTrans_Refresh_C,
@CASE=ComplicatedTrans_Refresh_D_DC,Nil,@CASE=Change_Market_Status_of_Day4_Regression_CL_to_DC,N,Nil,FIX,ComplicatedTrans_Refresh_D,
@CASE=ComplicatedTrans_Refresh_G_DC,Nil,@CASE=Change_Market_Status_of_Day4_Regression_CL_to_DC,N,Nil,FIX,ComplicatedTrans_Refresh_G,
@CASE=ComplicatedTrans_Refresh_J_DC,Nil,@CASE=Change_Market_Status_of_Day4_Regression_CL_to_DC,N,Nil,FIX,ComplicatedTrans_Refresh_J,
@CASE=ComplicatedTrans_Refresh_M_DC,Nil,@CASE=Change_Market_Status_of_Day4_Regression_CL_to_DC,N,Nil,FIX,ComplicatedTrans_Refresh_M,
@CASE=ComplicatedTrans_Refresh_P_DC,Nil,@CASE=Change_Market_Status_of_Day4_Regression_CL_to_DC,N,Nil,FIX,ComplicatedTrans_Refresh_P,
@CASE=ComplicatedTrans_Refresh_S_DC,Nil,@CASE=Change_Market_Status_of_Day4_Regression_CL_to_DC,N,Nil,FIX,ComplicatedTrans_Refresh_S,
