case_id,start_time,preceding_case_id,stop_execution_if_fail,group,protocol,group_in_report,remark
@FEATURE=ComplicatedTrans_Short_Selling_Trade,09:30:00,Nil,N,Nil,FIX,Nil,
@FEATURE=ComplicatedTrans_Short_Selling_Trade_OtherStock_SetA,09:30:00,Nil,N,Nil,FIX,Nil,
@FEATURE=ComplicatedTrans_Short_Selling_Trade_SS21,09:30:00,Nil,N,Nil,FIX,Nil,
@FEATURE=ComplicatedTrans_Short_Selling_Trade_SS21_OtherStock_SetA,09:30:00,Nil,N,Nil,FIX,Nil,
@FEATURE=ComplicatedTrans_Short_Selling_Trade_SS22,09:30:00,Nil,N,Nil,FIX,Nil,
@FEATURE=ComplicatedTrans_Short_Selling_Trade_SS22_OtherStock_SetA,09:30:00,Nil,N,Nil,FIX,Nil,
@FEATURE=ComplicatedTrans_VCM_Trigger_01,10:00:00,Nil,N,Nil,FIX,Nil,
@FEATURE=ComplicatedTrans_VCM_Trigger_01_OtherStock_SetA,10:00:00,Nil,N,Nil,FIX,Nil,
@FEATURE=ComplicatedTrans_VCM_Trigger_02,10:00:00,Nil,N,Nil,FIX,Nil,
@FEATURE=ComplicatedTrans_VCM_Trigger_02_OtherStock_SetA,10:00:00,Nil,N,Nil,FIX,Nil,
@FEATURE=ComplicatedTrans_VCM_Trigger_03,10:00:00,Nil,N,Nil,FIX,Nil,
@FEATURE=ComplicatedTrans_VCM_Trigger_03_OtherStock_SetA,10:00:00,Nil,N,Nil,FIX,Nil,
@FEATURE=ComplicatedTrans_VCM_Trigger_04,10:00:00,Nil,N,Nil,FIX,Nil,
@FEATURE=ComplicatedTrans_VCM_Trigger_04_OtherStock_SetA,10:00:00,Nil,N,Nil,FIX,Nil,
@FEATURE=ComplicatedTrans_VCM_Trigger_05,10:00:00,Nil,N,Nil,FIX,Nil,
@FEATURE=ComplicatedTrans_VCM_Trigger_05_OtherStock_SetA,10:00:00,Nil,N,Nil,FIX,Nil,
@FEATURE=ComplicatedTrans_VCM_Trigger_07,10:00:00,Nil,N,Nil,FIX,Nil,
@FEATURE=ComplicatedTrans_VCM_Trigger_07_OtherStock_SetA,10:00:00,Nil,N,Nil,FIX,Nil,
@FEATURE=ComplicatedTrans_VCM_Trigger_09,10:00:00,Nil,N,Nil,FIX,Nil,
@FEATURE=ComplicatedTrans_VCM_Trigger_09_OtherStock_SetA,10:00:00,Nil,N,Nil,FIX,Nil,
@FEATURE=ComplicatedTrans_VCM_Trigger_10,10:00:00,Nil,N,Nil,FIX,Nil,
@FEATURE=ComplicatedTrans_VCM_Trigger_10_OtherStock_SetA,10:00:00,Nil,N,Nil,FIX,Nil,
@FEATURE=ComplicatedTrans_VCM_Trigger_11,10:00:00,Nil,N,Nil,FIX,Nil,
@FEATURE=ComplicatedTrans_VCM_Trigger_11_OtherStock_SetA,10:00:00,Nil,N,Nil,FIX,Nil,
@FEATURE=ComplicatedTrans_VCM_Trigger_12,10:00:00,Nil,N,Nil,FIX,Nil,
@FEATURE=ComplicatedTrans_VCM_Trigger_12_OtherStock_SetA,10:00:00,Nil,N,Nil,FIX,Nil,
@FEATURE=ComplicatedTrans_VCM_Trigger_14,10:00:00,Nil,N,Nil,FIX,Nil,
@FEATURE=ComplicatedTrans_VCM_Trigger_14_OtherStock_SetA,10:00:00,Nil,N,Nil,FIX,Nil,
@FEATURE=ComplicatedTrans_VCM_Trigger_15,10:00:00,Nil,N,Nil,FIX,Nil,
@FEATURE=ComplicatedTrans_VCM_Trigger_15_OtherStock_SetA,10:00:00,Nil,N,Nil,FIX,Nil,
@FEATURE=ComplicatedTrans_VCM_Trigger_17,10:00:00,Nil,N,Nil,FIX,Nil,
@FEATURE=ComplicatedTrans_VCM_Trigger_17_OtherStock_SetA,10:00:00,Nil,N,Nil,FIX,Nil,
@FEATURE=ComplicatedTrans_VCM_Trigger_18,10:00:00,Nil,N,Nil,FIX,Nil,
@FEATURE=ComplicatedTrans_VCM_Trigger_18_OtherStock_SetA,10:00:00,Nil,N,Nil,FIX,Nil,
@FEATURE=ComplicatedTrans_VCM_Trigger_19,10:00:00,Nil,N,Nil,FIX,Nil,
@FEATURE=ComplicatedTrans_VCM_Trigger_19_OtherStock_SetA,10:00:00,Nil,N,Nil,FIX,Nil,
@FEATURE=ComplicatedTrans_VCM_Trigger_20,10:00:00,Nil,N,Nil,FIX,Nil,
@FEATURE=ComplicatedTrans_VCM_Trigger_20_OtherStock_SetA,10:00:00,Nil,N,Nil,FIX,Nil,
@FEATURE=ComplicatedTrans_VCM_Trigger_21,10:00:00,Nil,N,Nil,FIX,Nil,
@FEATURE=ComplicatedTrans_VCM_Trigger_21_OtherStock_SetA,10:00:00,Nil,N,Nil,FIX,Nil,
@FEATURE=ComplicatedTrans_VCM_Trigger_22,10:00:00,Nil,N,Nil,FIX,Nil,
@FEATURE=ComplicatedTrans_VCM_Trigger_22_OtherStock_SetA,10:00:00,Nil,N,Nil,FIX,Nil,
@FEATURE=ComplicatedTrans_VCM_Trigger_23,10:00:00,Nil,N,Nil,FIX,Nil,
@FEATURE=ComplicatedTrans_VCM_Trigger_23_OtherStock_SetA,10:00:00,Nil,N,Nil,FIX,Nil,
@FEATURE=ComplicatedTrans_VCM_Trigger_24,11:30:00,Nil,N,Nil,FIX,Nil,
@FEATURE=ComplicatedTrans_VCM_Trigger_24_OtherStock_SetA,11:30:00,Nil,N,Nil,FIX,Nil,
@FEATURE=ComplicatedTrans_VCM_Trigger_25,11:30:00,Nil,N,Nil,FIX,Nil,
@FEATURE=ComplicatedTrans_VCM_Trigger_25_OtherStock_SetA,11:30:00,Nil,N,Nil,FIX,Nil,
@FEATURE=ComplicatedTrans_VCM_Trigger_26,13:15:00,Nil,N,Nil,FIX,Nil,
@FEATURE=ComplicatedTrans_VCM_Trigger_26_OtherStock_SetA,13:15:00,Nil,N,Nil,FIX,Nil,
@FEATURE=ComplicatedTrans_Statistic_Message,14:30:00,Nil,N,Nil,FIX,Nil,
@FEATURE=ComplicatedTrans_Statistic_Message_OtherStock_SetA,14:30:00,Nil,N,Nil,FIX,Nil,
@FEATURE=ComplicatedTrans_Trade_Ticker,14:30:00,Nil,N,Nil,FIX,Nil,
@FEATURE=ComplicatedTrans_Trade_Ticker_OtherStock_SetA,14:30:00,Nil,N,Nil,FIX,Nil,
@FEATURE=ComplicatedTrans_Yield,14:30:00,Nil,N,Nil,FIX,Nil,
@FEATURE=ComplicatedTrans_Yield_OtherStock_SetA,14:30:00,Nil,N,Nil,FIX,Nil,
@FEATURE=ComplicatedTrans_Calculation_Trades_Number,14:30:00,Nil,N,Nil,FIX,Nil,
@FEATURE=ComplicatedTrans_Calculation_Trades_Number_OtherStock_SetA,14:30:00,Nil,N,Nil,FIX,Nil,
@FEATURE=ComplicatedTrans_CAS_Auction_Checkpoint,14:30:00,Nil,N,Nil,FIX,Nil,
@FEATURE=ComplicatedTrans_CAS_Auction_Checkpoint_OtherStock_SetA,14:30:00,Nil,N,Nil,FIX,Nil,
@FEATURE=ComplicatedTrans_CAS_IEP_IEV_AC12,14:30:00,Nil,N,Nil,FIX,Nil,
@FEATURE=ComplicatedTrans_CAS_IEP_IEV_AC12_OtherStock_SetA,14:30:00,Nil,N,Nil,FIX,Nil,
@FEATURE=ComplicatedTrans_CAS_IEP_IEV_AC30,14:30:00,Nil,N,Nil,FIX,Nil,
@FEATURE=ComplicatedTrans_CAS_IEP_IEV_AC30_OtherStock_SetA,14:30:00,Nil,N,Nil,FIX,Nil,
@FEATURE=ComplicatedTrans_CAS_IEP_IEV_AC37,14:30:00,Nil,N,Nil,FIX,Nil,
@FEATURE=ComplicatedTrans_CAS_IEP_IEV_AC37_OtherStock_SetA,14:30:00,Nil,N,Nil,FIX,Nil,
@FEATURE=ComplicatedTrans_CAS_IEP_IEV_AC40,14:30:00,Nil,N,Nil,FIX,Nil,
@FEATURE=ComplicatedTrans_CAS_IEP_IEV_AC40_OtherStock_SetA,14:30:00,Nil,N,Nil,FIX,Nil,
@FEATURE=ComplicatedTrans_CAS_Order_Imbalance_01,14:30:00,Nil,N,Nil,FIX,Nil,
@FEATURE=ComplicatedTrans_CAS_Order_Imbalance_01_OtherStock_SetA,14:30:00,Nil,N,Nil,FIX,Nil,
@FEATURE=ComplicatedTrans_CAS_Order_Matching_01,14:30:00,Nil,N,Nil,FIX,Nil,
@FEATURE=ComplicatedTrans_CAS_Order_Matching_01_OtherStock_SetA,14:30:00,Nil,N,Nil,FIX,Nil,
@FEATURE=ComplicatedTrans_CAS_Order_Matching_02,14:30:00,Nil,N,Nil,FIX,Nil,
@FEATURE=ComplicatedTrans_CAS_Order_Matching_02_OtherStock_SetA,14:30:00,Nil,N,Nil,FIX,Nil,
@FEATURE=ComplicatedTrans_CAS_Order_Matching_03,14:30:00,Nil,N,Nil,FIX,Nil,
@FEATURE=ComplicatedTrans_CAS_Order_Matching_03_OtherStock_SetA,14:30:00,Nil,N,Nil,FIX,Nil,
@FEATURE=ComplicatedTrans_CAS_Order_Matching_04,14:30:00,Nil,N,Nil,FIX,Nil,
@FEATURE=ComplicatedTrans_CAS_Order_Matching_04_OtherStock_SetA,14:30:00,Nil,N,Nil,FIX,Nil,
@FEATURE=ComplicatedTrans_CAS_Reference_Price_0102,15:30:00,Nil,N,Nil,FIX,Nil,
@FEATURE=ComplicatedTrans_CAS_Reference_Price_0102_OtherStock_SetA,15:30:00,Nil,N,Nil,FIX,Nil,
@FEATURE=ComplicatedTrans_CAS_Reference_Price_03,15:30:00,Nil,N,Nil,FIX,Nil,
@FEATURE=ComplicatedTrans_CAS_Reference_Price_03_OtherStock_SetA,15:30:00,Nil,N,Nil,FIX,Nil,
@FEATURE=ComplicatedTrans_CAS_Reference_Price_0405,15:30:00,Nil,N,Nil,FIX,Nil,
@FEATURE=ComplicatedTrans_CAS_Reference_Price_0405_OtherStock_SetA,15:30:00,Nil,N,Nil,FIX,Nil,
@FEATURE=ComplicatedTrans_CAS_Reference_Price_06,15:30:00,Nil,N,Nil,FIX,Nil,
@FEATURE=ComplicatedTrans_CAS_Reference_Price_06_OtherStock_SetA,15:30:00,Nil,N,Nil,FIX,Nil,
@FEATURE=ComplicatedTrans_CAS_Reference_Price_07,15:30:00,Nil,N,Nil,FIX,Nil,
@FEATURE=ComplicatedTrans_CAS_Reference_Price_07_OtherStock_SetA,15:30:00,Nil,N,Nil,FIX,Nil,
@FEATURE=ComplicatedTrans_CAS_Reference_Price_08,15:30:00,Nil,N,Nil,FIX,Nil,
@FEATURE=ComplicatedTrans_CAS_Reference_Price_08_OtherStock_SetA,15:30:00,Nil,N,Nil,FIX,Nil,
@FEATURE=ComplicatedTrans_CAS_Reference_Price_09,15:30:00,Nil,N,Nil,FIX,Nil,
@FEATURE=ComplicatedTrans_CAS_Reference_Price_09_OtherStock_SetA,15:30:00,Nil,N,Nil,FIX,Nil,
@FEATURE=ComplicatedTrans_CAS_IEP_IEV_AC43,15:30:00,Nil,N,Nil,FIX,Nil,
@FEATURE=ComplicatedTrans_CAS_IEP_IEV_AC43_OtherStock_SetA,15:30:00,Nil,N,Nil,FIX,Nil,
@FEATURE=ComplicatedTrans_CAS_IEP_IEV_AC49,Nil,@FEATURE=ComplicatedTrans_CAS_IEP_IEV_AC43,N,Nil,FIX,Nil,
@FEATURE=ComplicatedTrans_CAS_IEP_IEV_AC49_OtherStock_SetA,Nil,@FEATURE=ComplicatedTrans_CAS_IEP_IEV_AC43_OtherStock_SetA,N,Nil,FIX,Nil,
@FEATURE=ComplicatedTrans_CAS_IEP_IEV_AC57,Nil,@FEATURE=ComplicatedTrans_CAS_IEP_IEV_AC49,N,Nil,FIX,Nil,
@FEATURE=ComplicatedTrans_CAS_IEP_IEV_AC57_OtherStock_SetA,Nil,@FEATURE=ComplicatedTrans_CAS_IEP_IEV_AC49_OtherStock_SetA,N,Nil,FIX,Nil,
@FEATURE=ComplicatedTrans_CAS_IEP_IEV_AC63,Nil,@FEATURE=ComplicatedTrans_CAS_IEP_IEV_AC57,N,Nil,FIX,Nil,
@FEATURE=ComplicatedTrans_CAS_IEP_IEV_AC63_OtherStock_SetA,Nil,@FEATURE=ComplicatedTrans_CAS_IEP_IEV_AC57_OtherStock_SetA,N,Nil,FIX,Nil,
@FEATURE=ComplicatedTrans_CAS_Reference_Price_10,16:15:00,Nil,N,Nil,FIX,Nil,
@FEATURE=ComplicatedTrans_CAS_Reference_Price_10_OtherStock_SetA,16:15:00,Nil,N,Nil,FIX,Nil,
@FEATURE=ComplicatedTrans_CAS_Reference_Price_11,16:15:00,Nil,N,Nil,FIX,Nil,
@FEATURE=ComplicatedTrans_CAS_Reference_Price_11_OtherStock_SetA,16:15:00,Nil,N,Nil,FIX,Nil,
@FEATURE=ComplicatedTrans_CAS_Reference_Price_12,16:15:00,Nil,N,Nil,FIX,Nil,
@FEATURE=ComplicatedTrans_CAS_Reference_Price_12_OtherStock_SetA,16:15:00,Nil,N,Nil,FIX,Nil,
@FEATURE=ComplicatedTrans_CAS_Reference_Price_13,16:15:00,Nil,N,Nil,FIX,Nil,
@FEATURE=ComplicatedTrans_CAS_Reference_Price_13_OtherStock_SetA,16:15:00,Nil,N,Nil,FIX,Nil,