case_id,start_time,preceding_case_id,stop_execution_if_fail,group,protocol,group_in_report,remark
@FEATURE=ComplicatedTrans_Boundary_ST_PartA_N_0.01,Nil,Nil,N,CT_2,FIX,Nil,
@FEATURE=ComplicatedTrans_Boundary_D_0.25,Nil,Nil,N,CT_2,FIX,Nil,
@FEATURE=ComplicatedTrans_Boundary_F_0.5,Nil,Nil,N,CT_2,FIX,Nil,
@FEATURE=ComplicatedTrans_Boundary_H_10,Nil,Nil,N,CT_2,FIX,Nil,
@FEATURE=ComplicatedTrans_Boundary_J_20,Nil,Nil,N,CT_2,FIX,Nil,
@FEATURE=ComplicatedTrans_Boundary_L_100,Nil,Nil,N,CT_2,FIX,Nil,
@FEATURE=ComplicatedTrans_Boundary_N_200,Nil,Nil,N,CT_2,FIX,Nil,
@FEATURE=ComplicatedTrans_Boundary_P_500,Nil,Nil,N,CT_2,FIX,Nil,
@FEATURE=ComplicatedTrans_Boundary_R_1000,Nil,Nil,N,CT_2,FIX,Nil,
@FEATURE=ComplicatedTrans_Boundary_T_2000,Nil,Nil,N,CT_2,FIX,Nil,
@FEATURE=ComplicatedTrans_Boundary_V_5000,Nil,Nil,N,CT_2,FIX,Nil,
