case_id,start_time,preceding_case_id,stop_execution_if_fail,group,protocol,group_in_report,remark
@FEATURE=Refresh_and_Retrans_Trading_Session_Status_Verification_without_CAS,08:30:00,Nil,N,Nil,FIX,Nil,
@FEATURE=ComplicatedTrans_VCM_Trigger_27,09:45:00,Nil,N,DAY3_CT1,FIX,Nil,
@FEATURE=ComplicatedTrans_VCM_Trigger_28,09:45:00,Nil,N,DAY3_CT1,FIX,Nil,
@CASE=Change_back_MAIN_to_Automode_at_VCM_Session,Nil,Group:DAY3_CT1,Y,Nil,FIX,Nil,
@CASE=Change_back_GEM_to_Automode_at_VCM_Session,Nil,@CASE=Change_back_MAIN_to_Automode_at_VCM_Session,Y,Nil,FIX,Nil,
@FEATURE=ComplicatedTrans_VCM_Refresh_and_Retrans_01,Nil,@CASE=Change_back_GEM_to_Automode_at_VCM_Session,N,Nil,FIX,Nil,
@FEATURE=ComplicatedTrans_VCM_Refresh_and_Retrans_02,Nil,@CASE=Change_back_GEM_to_Automode_at_VCM_Session,N,Nil,FIX,Nil,
@FEATURE=ComplicatedTrans_VCM_Refresh_and_Retrans_03,Nil,@CASE=Change_back_GEM_to_Automode_at_VCM_Session,N,Nil,FIX,Nil,
@FEATURE=ComplicatedTrans_VCM_Refresh_and_Retrans_04,Nil,@CASE=Change_back_GEM_to_Automode_at_VCM_Session,N,Nil,FIX,Nil,
@CASE=Refresh_and_Retrans_Trading_Session_Status_Verification_for_CAS_RP,15:30:00,Nil,N,CAS_RP,FIX,Refresh_and_Retrans_Trading_Session_Status_Verification_for_CAS,
@CASE=ComplicatedTrans_CAS_Refresh_and_Retrans_01_RP,15:30:00,Nil,N,CAS_RP,FIX,ComplicatedTrans_CAS_Refresh_and_Retrans_01,
@CASE=ComplicatedTrans_CAS_Refresh_and_Retrans_02_RP,15:30:00,Nil,N,CAS_RP,FIX,ComplicatedTrans_CAS_Refresh_and_Retrans_02,
@CASE=ComplicatedTrans_CAS_Refresh_and_Retrans_03_RP,15:30:00,Nil,N,CAS_RP,FIX,ComplicatedTrans_CAS_Refresh_and_Retrans_03,
@CASE=ComplicatedTrans_CAS_Refresh_and_Retrans_04_RP,15:30:00,Nil,N,CAS_RP,FIX,ComplicatedTrans_CAS_Refresh_and_Retrans_04,
@CASE=ComplicatedTrans_CAS_Refresh_and_Retrans_05_RP,15:30:00,Nil,N,CAS_RP,FIX,ComplicatedTrans_CAS_Refresh_and_Retrans_05,
@CASE=ComplicatedTrans_CAS_Refresh_and_Retrans_07_RP,15:30:00,Nil,N,CAS_RP,FIX,ComplicatedTrans_CAS_Refresh_and_Retrans_07,
@CASE=ComplicatedTrans_CAS_Refresh_and_Retrans_08_RP,15:30:00,Nil,N,CAS_RP,FIX,ComplicatedTrans_CAS_Refresh_and_Retrans_08,
@CASE=ComplicatedTrans_CAS_Refresh_and_Retrans_09_RP,15:30:00,Nil,N,CAS_RP,FIX,ComplicatedTrans_CAS_Refresh_and_Retrans_09,
@CASE=ComplicatedTrans_CAS_Refresh_and_Retrans_10_RP,15:30:00,Nil,N,CAS_RP,FIX,ComplicatedTrans_CAS_Refresh_and_Retrans_10,
@CASE=Change_Market_Status_at_CAS_Session_RP_to_OI,Nil,Group:CAS_RP,Y,RP_to_OI,FIX,=ALL=,
@CASE=Refresh_and_Retrans_Trading_Session_Status_Verification_for_CAS_OI,Nil,Group:RP_to_OI,N,CAS_OI,FIX,Refresh_and_Retrans_Trading_Session_Status_Verification_for_CAS,
@CASE=ComplicatedTrans_CAS_Refresh_and_Retrans_01_OI,Nil,Group:RP_to_OI,N,CAS_OI,FIX,ComplicatedTrans_CAS_Refresh_and_Retrans_01,
@CASE=ComplicatedTrans_CAS_Refresh_and_Retrans_02_OI,Nil,Group:RP_to_OI,N,CAS_OI,FIX,ComplicatedTrans_CAS_Refresh_and_Retrans_02,
@CASE=ComplicatedTrans_CAS_Refresh_and_Retrans_03_OI,Nil,Group:RP_to_OI,N,CAS_OI,FIX,ComplicatedTrans_CAS_Refresh_and_Retrans_03,
@CASE=ComplicatedTrans_CAS_Refresh_and_Retrans_04_OI,Nil,Group:RP_to_OI,N,CAS_OI,FIX,ComplicatedTrans_CAS_Refresh_and_Retrans_04,
@CASE=ComplicatedTrans_CAS_Refresh_and_Retrans_05_OI,Nil,Group:RP_to_OI,N,CAS_OI,FIX,ComplicatedTrans_CAS_Refresh_and_Retrans_05,
@CASE=ComplicatedTrans_CAS_Refresh_and_Retrans_06_OI,Nil,Group:RP_to_OI,N,CAS_OI,FIX,ComplicatedTrans_CAS_Refresh_and_Retrans_06,
@CASE=ComplicatedTrans_CAS_Refresh_and_Retrans_10_OI,Nil,Group:RP_to_OI,N,CAS_OI,FIX,ComplicatedTrans_CAS_Refresh_and_Retrans_10,
@CASE=Change_Market_Status_at_CAS_Session_OI_to_NW,Nil,Group:CAS_OI,Y,OI_to_NW,FIX,=ALL=,
@CASE=Refresh_and_Retrans_Trading_Session_Status_Verification_for_CAS_NW,Nil,Group:OI_to_NW,N,CAS_NW,FIX,Refresh_and_Retrans_Trading_Session_Status_Verification_for_CAS,
@CASE=ComplicatedTrans_CAS_Refresh_and_Retrans_01_NW,Nil,Group:OI_to_NW,N,CAS_NW,FIX,ComplicatedTrans_CAS_Refresh_and_Retrans_01,
@CASE=ComplicatedTrans_CAS_Refresh_and_Retrans_02_NW,Nil,Group:OI_to_NW,N,CAS_NW,FIX,ComplicatedTrans_CAS_Refresh_and_Retrans_02,
@CASE=ComplicatedTrans_CAS_Refresh_and_Retrans_03_NW,Nil,Group:OI_to_NW,N,CAS_NW,FIX,ComplicatedTrans_CAS_Refresh_and_Retrans_03,
@CASE=ComplicatedTrans_CAS_Refresh_and_Retrans_04_NW,Nil,Group:OI_to_NW,N,CAS_NW,FIX,ComplicatedTrans_CAS_Refresh_and_Retrans_04,
@CASE=ComplicatedTrans_CAS_Refresh_and_Retrans_05_NW,Nil,Group:OI_to_NW,N,CAS_NW,FIX,ComplicatedTrans_CAS_Refresh_and_Retrans_05,
@CASE=ComplicatedTrans_CAS_Refresh_and_Retrans_06_NW,Nil,Group:OI_to_NW,N,CAS_NW,FIX,ComplicatedTrans_CAS_Refresh_and_Retrans_06,
@CASE=ComplicatedTrans_CAS_Refresh_and_Retrans_07_NW,Nil,Group:OI_to_NW,N,CAS_NW,FIX,ComplicatedTrans_CAS_Refresh_and_Retrans_07,
@CASE=ComplicatedTrans_CAS_Refresh_and_Retrans_08_NW,Nil,Group:OI_to_NW,N,CAS_NW,FIX,ComplicatedTrans_CAS_Refresh_and_Retrans_08,
@CASE=ComplicatedTrans_CAS_Refresh_and_Retrans_09_NW,Nil,Group:OI_to_NW,N,CAS_NW,FIX,ComplicatedTrans_CAS_Refresh_and_Retrans_09,
@CASE=ComplicatedTrans_CAS_Refresh_and_Retrans_10_NW,Nil,Group:OI_to_NW,N,CAS_NW,FIX,ComplicatedTrans_CAS_Refresh_and_Retrans_10,
@CASE=Change_Market_Status_at_CAS_Session_NW_to_RC,Nil,Group:CAS_NW,Y,NW_to_RC,FIX,=ALL=,
@CASE=Refresh_and_Retrans_Trading_Session_Status_Verification_for_CAS_RC,Nil,Group:NW_to_RC,N,CAS_RC,FIX,Refresh_and_Retrans_Trading_Session_Status_Verification_for_CAS,
@CASE=ComplicatedTrans_CAS_Refresh_and_Retrans_04_RC,Nil,Group:NW_to_RC,N,CAS_RC,FIX,ComplicatedTrans_CAS_Refresh_and_Retrans_04,
@CASE=ComplicatedTrans_CAS_Refresh_and_Retrans_05_RC,Nil,Group:NW_to_RC,N,CAS_RC,FIX,ComplicatedTrans_CAS_Refresh_and_Retrans_05,
@CASE=ComplicatedTrans_CAS_Refresh_and_Retrans_06_RC,Nil,Group:NW_to_RC,N,CAS_RC,FIX,ComplicatedTrans_CAS_Refresh_and_Retrans_06,
@CASE=Change_Market_Status_at_CAS_Session_RC_to_MA,Nil,Group:CAS_RC,Y,RC_to_MA,FIX,=ALL=,
@CASE=Refresh_and_Retrans_Trading_Session_Status_Verification_for_CAS_MA,Nil,Group:RC_to_MA,N,CAS_MA,FIX,Refresh_and_Retrans_Trading_Session_Status_Verification_for_CAS,
@CASE=ComplicatedTrans_CAS_Refresh_and_Retrans_05_MA,Nil,Group:RC_to_MA,N,CAS_MA,FIX,ComplicatedTrans_CAS_Refresh_and_Retrans_05,
@CASE=ComplicatedTrans_CAS_Refresh_and_Retrans_06_MA,Nil,Group:RC_to_MA,N,CAS_MA,FIX,ComplicatedTrans_CAS_Refresh_and_Retrans_06,
@CASE=Change_Market_Status_at_CAS_Session_MA_to_DC,Nil,Group:CAS_MA,Y,MA_to_DC,FIX,=ALL=,
@CASE=Refresh_and_Retrans_Trading_Session_Status_Verification_for_CAS_DC,Nil,Group:MA_to_DC,N,Nil,FIX,Refresh_and_Retrans_Trading_Session_Status_Verification_for_CAS,
@CASE=ComplicatedTrans_CAS_Refresh_and_Retrans_05_DC,Nil,Group:MA_to_DC,N,Nil,FIX,ComplicatedTrans_CAS_Refresh_and_Retrans_05,
@CASE=ComplicatedTrans_CAS_Refresh_and_Retrans_06_DC,Nil,Group:MA_to_DC,N,Nil,FIX,ComplicatedTrans_CAS_Refresh_and_Retrans_06,
