case_id,start_time,preceding_case_id,stop_execution_if_fail,group,protocol,group_in_report,remark
@FEATURE=ComplicatedTrans_Limitation_Turnover_ChangeMarekt,Nil,Nil,N,Nil,FIX,Nil,about_12_minutes
@FEATURE=ComplicatedTrans_Limitation_Turnover_Bid_1537_Times_01,Nil,@FEATURE=ComplicatedTrans_Limitation_Turnover_ChangeMarekt,N,Buy_Order,FIX,Nil,about_40_minutes
@FEATURE=ComplicatedTrans_Limitation_Turnover_Bid_1537_Times_02,Nil,@FEATURE=ComplicatedTrans_Limitation_Turnover_ChangeMarekt,N,Buy_Order,FIX,Nil,about_40_minutes
@FEATURE=ComplicatedTrans_Limitation_Turnover_Bid_1537_Times_03,Nil,@FEATURE=ComplicatedTrans_Limitation_Turnover_ChangeMarekt,N,Buy_Order,FIX,Nil,about_40_minutes
@FEATURE=ComplicatedTrans_Limitation_Turnover_Bid_1537_Times_04,Nil,@FEATURE=ComplicatedTrans_Limitation_Turnover_ChangeMarekt,N,Buy_Order,FIX,Nil,about_40_minutes
@FEATURE=ComplicatedTrans_Limitation_Turnover_Bid_1537_Times_05,Nil,@FEATURE=ComplicatedTrans_Limitation_Turnover_ChangeMarekt,N,Buy_Order,FIX,Nil,about_40_minutes
@FEATURE=ComplicatedTrans_Limitation_Turnover_Bid_1537_Times_06,Nil,@FEATURE=ComplicatedTrans_Limitation_Turnover_ChangeMarekt,N,Buy_Order,FIX,Nil,about_40_minutes
@FEATURE=ComplicatedTrans_Limitation_Turnover_Ask_First,Nil,Group:Buy_Order,N,Nil,FIX,ComplicatedTrans_Limitation_Turnover,
@FEATURE=ComplicatedTrans_Limitation_Turnover_Ask_1537_Times_01,Nil,@FEATURE=ComplicatedTrans_Limitation_Turnover_Ask_First,N,Ask_Order,FIX,Nil,about_40_minutes
@FEATURE=ComplicatedTrans_Limitation_Turnover_Ask_1537_Times_02,Nil,@FEATURE=ComplicatedTrans_Limitation_Turnover_Ask_First,N,Ask_Order,FIX,Nil,about_40_minutes
@FEATURE=ComplicatedTrans_Limitation_Turnover_Ask_1537_Times_03,Nil,@FEATURE=ComplicatedTrans_Limitation_Turnover_Ask_First,N,Ask_Order,FIX,Nil,about_40_minutes
@FEATURE=ComplicatedTrans_Limitation_Turnover_Ask_1537_Times_04,Nil,@FEATURE=ComplicatedTrans_Limitation_Turnover_Ask_First,N,Ask_Order,FIX,Nil,about_40_minutes
@FEATURE=ComplicatedTrans_Limitation_Turnover_Ask_1537_Times_05,Nil,@FEATURE=ComplicatedTrans_Limitation_Turnover_Ask_First,N,Ask_Order,FIX,Nil,about_40_minutes
@FEATURE=ComplicatedTrans_Limitation_Turnover_Ask_1537_Times_06,Nil,@FEATURE=ComplicatedTrans_Limitation_Turnover_Ask_First,N,Ask_Order,FIX,Nil,about_40_minutes
@FEATURE=ComplicatedTrans_Limitation_Turnover_Ask_Last,Nil,Group:Ask_Order,N,Nil,FIX,ComplicatedTrans_Limitation_Turnover,