case_id,start_time,preceding_case_id,stop_execution_if_fail,group,protocol,group_in_report,remark
@FEATURE=ComplicatedTrans_Retransmission_master_RS038,16:30:00,Nil,N,Nil,FIX,Nil,
@FEATURE=ComplicatedTrans_Retransmission_master_RS039,Nil,Previous,N,Nil,FIX,Nil,
@FEATURE=ComplicatedTrans_Retransmission_master_RS040,Nil,Previous,N,Nil,FIX,Nil,
@FEATURE=ComplicatedTrans_Retransmission_master_RS041,Nil,Previous,N,Nil,FIX,Nil,
@FEATURE=ComplicatedTrans_Retransmission_master_RS042,Nil,Previous,N,Nil,FIX,Nil,
@FEATURE=ComplicatedTrans_Retransmission_master_RS043,Nil,Previous,N,Nil,FIX,Nil,
@FEATURE=ComplicatedTrans_Retransmission_master_RS044,Nil,Previous,N,Nil,FIX,Nil,
@FEATURE=ComplicatedTrans_Retransmission_master_RS045,Nil,Previous,N,Nil,FIX,Nil,
@FEATURE=ComplicatedTrans_Retransmission_master_RS046,Nil,Previous,N,Nil,FIX,Nil,
@FEATURE=ComplicatedTrans_Retransmission_master_RS047,Nil,Previous,N,Nil,FIX,Nil,
@FEATURE=ComplicatedTrans_Retransmission_master_RS051,Nil,Previous,N,Nil,FIX,Nil,
@FEATURE=ComplicatedTrans_Retransmission_master_RS052,Nil,Previous,N,Nil,FIX,Nil,