case_id,start_time,preceding_case_id,stop_execution_if_fail,group,protocol,group_in_report,remark
@FEATURE=ComplicatedTrans_Retransmission_master_RS001_Channel01,16:30:00,Nil,N,Nil,FIX,Nil,
@FEATURE=ComplicatedTrans_Retransmission_master_RS002_Channel02,Nil,Previous,N,Nil,FIX,Nil,
@FEATURE=ComplicatedTrans_Retransmission_master_RS003_Channel03,Nil,Previous,N,Nil,FIX,Nil,
@FEATURE=ComplicatedTrans_Retransmission_master_RS005_Channel10,Nil,Previous,N,Nil,FIX,Nil,
@FEATURE=ComplicatedTrans_Retransmission_master_RS006_Channel20,Nil,Previous,N,Nil,FIX,Nil,
@FEATURE=ComplicatedTrans_Retransmission_master_RS007_Channel21,Nil,Previous,N,Nil,FIX,Nil,
@FEATURE=ComplicatedTrans_Retransmission_master_RS015_Channel30,Nil,Previous,N,Nil,FIX,Nil,
@FEATURE=ComplicatedTrans_Retransmission_master_RS016_Channel31,Nil,Previous,N,Nil,FIX,Nil,
@FEATURE=ComplicatedTrans_Retransmission_master_RS024_Channel60,Nil,Previous,N,Nil,FIX,Nil,
@FEATURE=ComplicatedTrans_Retransmission_master_RS025_Channel70,Nil,Previous,N,Nil,FIX,Nil,
@FEATURE=ComplicatedTrans_Retransmission_master_RS026_Channel71,Nil,Previous,N,Nil,FIX,Nil,
@FEATURE=ComplicatedTrans_Retransmission_master_RS034_Channel41,Nil,Previous,N,Nil,FIX,Nil,
@FEATURE=ComplicatedTrans_Retransmission_master_RS035_Channel42,Nil,Previous,N,Nil,FIX,Nil,
@FEATURE=ComplicatedTrans_Retransmission_master_RS036_Channel43,Nil,Previous,N,Nil,FIX,Nil,
@FEATURE=ComplicatedTrans_Retransmission_master_RS037_Channel44,Nil,Previous,N,Nil,FIX,Nil,