MaintainAL_ALCode_Prefix,CL
MaintainAL_ALCode_CL0700,CL700
MaintainAL_ALCode_CL1288,CL1288
MaintainAL_Desc_AL1288,Action List 1288
MaintainAL_ALCode_CL2834,CL2834
MaintainAL_Desc_AL2834,Action List 2834
MaintainAL_ALCode_CL1,CL1
MaintainAL_ALCode_CL27,CL27
MaintainAL_ALCode_CL267,CL267
MaintainAL_ALCode_CL386,CL386
MaintainAL_ALCode_CL65036,CL65036
MaintainAL_Desc_AL65036,Action List 65036
MaintainAL_ALCode_CL688,CL688
MaintainAL_ALCode_CL700,700
MaintainAL_ALCode_CL762,762
MaintainAL_Type_Reserved,1 - Reserved
MaintainAL_Type_Auto,2 - Auto
MaintainAL_Type_Issuer,3 - Issuer
MaintainAL_Type_Manual,4 - Manually Created
MaintainAL_Desc_AL0700,Action List 0700
MaintainAL_ApplyImmediately_Yes,Y - Yes
MaintainAL_ApplyImmediately_No,N - No
MaintainAL_ALCode_CLHK999HK,HK999HK
MaintainAL_Desc_HK,HK
MaintainAL_Desc_WWWWWW,wwwwwwwwwwwwwwww
MaintainAL_ALCode_ALBIDW,ALBIDW
MaintainAL_Remove_No,N
MaintainAL_Remove_Yes,Y
MaintainAL_ALCode_1,CL450
MaintainAL_Desc_1,CL450
MaintainAL_Action_1,Add