UploadData_Path_Securities_1Day,/home/jenkins/wabiworkspace/features/serial/uploadSecurity_1_Day.csv
UploadData_Path_Securities_ShortSell_Non1Day,/home/jenkins/wabiworkspace/features/serial/uploadSecurity_ShortSell_Non_1_Day.csv
UploadData_Path_Securities_OQR_Non1Day,/home/jenkins/wabiworkspace/features/serial/uploadSecurity_OQR_Non_1_Day.csv
UploadData_Path_Securities_DesignatedDealers_Non1Day,/home/jenkins/wabiworkspace/features/serial/uploadDesignatedDealers_ShortSell_Non_1_Day.csv
UploadData_Path_Securities_PriceWarning_Non1Day,/home/jenkins/wabiworkspace/features/serial/uploadSecurity_PriceWarning_Non_1_Day.csv
UploadData_Path_Securities_LPSMMBrokerSecurityAssignment_Non1Day,/home/jenkins/wabiworkspace/features/serial/uploadLPSMMBrokerSecurityAssignment_ShortSell_Non_1_Day.csv
UploadData_Path_DesinatedDealer_Add_1,/home/jenkins/wabiworkspace/features/serial/DesignatedDealers-ADD.CSV
UploadData_Path_DesinatedDealer_Mod_1,/home/jenkins/wabiworkspace/features/serial/DesignatedDealers-MODIFY.CSV
UploadData_Path_DesinatedDealer_Del_1,/home/jenkins/wabiworkspace/features/serial/DesignatedDealers-DELETE.CSV
UploadData_Path_LinkedSecurity_Add_1,/home/jenkins/wabiworkspace/features/serial/LinkedSecurities-ADD.CSV
UploadData_Path_LinkedSecurity_Mod_1,/home/jenkins/wabiworkspace/features/serial/LinkedSecurities-MODIFY.CSV
UploadData_Path_LinkedSecurity_Del_1,/home/jenkins/wabiworkspace/features/serial/LinkedSecurities-DELETE.CSV
UploadData_Path_LPSMMBroker_Add_1,/home/jenkins/wabiworkspace/features/serial/LPSMMBroker-ADD.CSV
UploadData_Path_LPSMMBroker_Mod_1,/home/jenkins/wabiworkspace/features/serial/LPSMMBroker-MODIFY.CSV
UploadData_Path_LPSMMBroker_Del_1,/home/jenkins/wabiworkspace/features/serial/LPSMMBroker-DELETE.CSV
UploadData_Path_SecInfo_Add_1,/home/jenkins/wabiworkspace/features/serial/SecuritiesInformation1_ADD.CSV
UploadData_Path_SecInfo_Mod_1,/home/jenkins/wabiworkspace/features/serial/SecuritiesInformation1_MODIFY.CSV
UploadData_Path_SecInfo_Del_1,/home/jenkins/wabiworkspace/features/serial/SecuritiesInformation1_DELETE.CSV
UploadData_Path_SecAccessGrp_Add_1,/home/jenkins/wabiworkspace/features/serial/SecurityAccessGroup-ADD.CSV
UploadData_Path_SecAccessGrp_Del_1,/home/jenkins/wabiworkspace/features/serial/SecurityAccessGroup-DELETE.CSV
UploadData_Path_SecAccessGrp_AddNewSec_1,/home/jenkins/wabiworkspace/features/serial/SecurityAccessGroup-AddNewSec.CSV
UploadData_Path_CGClient_Add_1,/home/jenkins/wabiworkspace/features/serial/CGClient-ADD.CSV
UploadData_Path_CGClient_Mod_1,/home/jenkins/wabiworkspace/features/serial/CGClient-MODIFY.CSV
UploadData_Path_CGClient_Del_1,/home/jenkins/wabiworkspace/features/serial/CGClient-DELETE.CSV
UploadData_Path_Broker_Add_1,/home/jenkins/wabiworkspace/features/serial/UploadBroker-Add.CSV
UploadData_Path_Broker_Mod_1,/home/jenkins/wabiworkspace/features/serial/UploadBroker-Modify.CSV
UploadData_Path_Broker_Del_1,/home/jenkins/wabiworkspace/features/serial/UploadBroker-DELETE.CSV
UploadData_Path_CGClient_Add_SYSTST-203_002_T1,/home/jenkins/wabiworkspace/features/serial/SYSTST-203_002_T1_CGClient-ADD.CSV
UploadData_Path_Broker_Add_SYSTST-203_002_T1,/home/jenkins/wabiworkspace/features/serial/SYSTST-203_002_T1_Broker-Add.CSV
UploadData_Path_CGClient_Mod_SYSTST-203_013_T1,/home/jenkins/wabiworkspace/features/serial/SYSTST-203_013_T1_CGClient-Mod.CSV
UploadData_Path_CGClient_Mod_SYSTST-203_014_T1,/home/jenkins/wabiworkspace/features/serial/SYSTST-203_014_T1_CGClient-Mod.CSV
UploadData_Path_SecuritiesCommon_1_N,/home/jenkins/wabiworkspace/features/serial/Common_all_1_N.csv
UploadData_Path_SecuritiesCommon_1_P,/home/jenkins/wabiworkspace/features/serial/Common_all_1_P.csv
UploadData_Path_SecuritiesCommon_2_N,/home/jenkins/wabiworkspace/features/serial/Common_all_2_N.csv
UploadData_Path_SecuritiesCommon_2_P,/home/jenkins/wabiworkspace/features/serial/Common_all_2_P.csv
UploadData_Path_SecuritiesCommon_3_level2_N,/home/jenkins/wabiworkspace/features/serial/Common_all_3_level2_N.csv
UploadData_Path_SecuritiesCommon_3_level2_P,/home/jenkins/wabiworkspace/features/serial/Common_all_3_level2_P.csv
UploadData_Path_SecuritiesCommon_4_N,/home/jenkins/wabiworkspace/features/serial/Common_all_4_N.csv
UploadData_Path_SecuritiesCommon_4_P,/home/jenkins/wabiworkspace/features/serial/Common_all_4_P.csv
UploadData_Path_SecuritiesCommon_5_N,/home/jenkins/wabiworkspace/features/serial/Common_all_5_N.csv
UploadData_Path_SecuritiesCommon_5_P,/home/jenkins/wabiworkspace/features/serial/Common_all_5_P.csv
UploadData_Path_SecuritiesCommon_6_N,/home/jenkins/wabiworkspace/features/serial/Common_all_6_N.csv
UploadData_Path_SecuritiesEquity_2_N,/home/jenkins/wabiworkspace/features/serial/Equity_2_N.csv
UploadData_Path_SecuritiesEquity_2_P,/home/jenkins/wabiworkspace/features/serial/Equity_2_P.csv
UploadData_Path_SecuritiesWarrant_1_N,/home/jenkins/wabiworkspace/features/serial/Warrant_all-10-44-46-47-48_N.csv
UploadData_Path_SecuritiesWarrant_1_P,/home/jenkins/wabiworkspace/features/serial/Warrant_all-10-44-46-47-48_P.csv
UploadData_Path_SecuritiesWarrant_2_A,/home/jenkins/wabiworkspace/features/serial/Warrant_all-49-50-51_A.csv
UploadData_Path_SecuritiesWarrant_3_Level2_N,/home/jenkins/wabiworkspace/features/serial/Warrant_all-52-53-54-55-56_level2_N.csv
UploadData_Path_SecuritiesWarrant_3_Level2_P,/home/jenkins/wabiworkspace/features/serial/Warrant_all-52-53-54-55-56_level2_P.csv
UploadData_Path_SecuritiesWarrant_3_Level1_N,/home/jenkins/wabiworkspace/features/serial/Warrant_all-52-53-54-55-56_level1_N.csv
UploadData_Path_SecuritiesBond_1_P,/home/jenkins/wabiworkspace/features/serial/Bond_level1_P.csv
UploadData_Path_SecuritiesBond_1_N,/home/jenkins/wabiworkspace/features/serial/Bond_level1_N.csv
UploadData_Path_SecuritiesBond_2_P,/home/jenkins/wabiworkspace/features/serial/Bond_level2_P.csv
UploadData_Path_SecuritiesBond_2_N,/home/jenkins/wabiworkspace/features/serial/Bond_level2_N.csv
UploadData_Path_DesignatedDealers_P,/home/jenkins/wabiworkspace/features/serial/Upload_Designated_Dealers_P.csv
UploadData_Path_DesignatedDealers_L1_N,/home/jenkins/wabiworkspace/features/serial/Upload_Designated_Dealers_Validation_L1_N.csv
UploadData_Path_DesignatedDealers_L2_N,/home/jenkins/wabiworkspace/features/serial/Upload_Designated_Dealers_Validation_L2_N.csv
UploadData_Path_LinkedSecurities_N,/home/jenkins/wabiworkspace/features/serial/Upload_Linked_Securities_Validation_N.csv
UploadData_Path_LinkedSecurities_P,/home/jenkins/wabiworkspace/features/serial/Upload_Linked_Securities_Validation_P.csv
UploadData_Path_LPSMMBrokerSecurity_N,/home/jenkins/wabiworkspace/features/serial/Upload_LP_SMM_Broker_Security_Validation_N.csv
UploadData_Path_LPSMMBrokerSecurity_P,/home/jenkins/wabiworkspace/features/serial/Upload_LP_SMM_Broker_Security_Validation_P.csv
UploadData_Path_SecurityAccessGroup_N,/home/jenkins/wabiworkspace/features/serial/Upload_Security_Access_Group_Validation_N.csv
UploadData_Path_SecurityAccessGroup_P,/home/jenkins/wabiworkspace/features/serial/Upload_Security_Access_Group_Validation_P.csv
UploadData_Path_BrokerInfo_1_level1_N,/home/jenkins/wabiworkspace/features/serial/Upload_Broker_1_level1_N.csv
UploadData_Path_BrokerInfo_1_level2_N,/home/jenkins/wabiworkspace/features/serial/Upload_Broker_1_level2_N.csv
UploadData_Path_BrokerInfo_1_level2_P,/home/jenkins/wabiworkspace/features/serial/Upload_Broker_1_level2_P.csv
UploadData_Path_BrokerInfo_2_level1_N,/home/jenkins/wabiworkspace/features/serial/Upload_Broker_2_level1_N.csv
UploadData_Path_BrokerInfo_2_level2_N,/home/jenkins/wabiworkspace/features/serial/Upload_Broker_2_level2_N.csv
UploadData_Path_BrokerInfo_2_level2_P,/home/jenkins/wabiworkspace/features/serial/Upload_Broker_2_level2_P.csv
UploadData_Path_BrokerInfo_3_N,/home/jenkins/wabiworkspace/features/serial/Upload_Broker_3.csv
UploadData_Path_BrokerInfo_4_N,/home/jenkins/wabiworkspace/features/serial/Upload_Broker_4.csv
UploadData_Path_BrokerInfo_5_N,/home/jenkins/wabiworkspace/features/serial/Upload_Broker_5.csv
UploadData_Path_CGclientInfo_1_level1_N,/home/jenkins/wabiworkspace/features/serial/Upload_CG_client_1_level1_A_N.csv
UploadData_Path_CGclientInfo_1_level2_N,/home/jenkins/wabiworkspace/features/serial/Upload_CG_client_1_level2_A_N.csv
UploadData_Path_CGclientInfo_1_level3_N,/home/jenkins/wabiworkspace/features/serial/Upload_CG_client_1_level3_N.csv
UploadData_Path_CGclientInfo_1_level3_P,/home/jenkins/wabiworkspace/features/serial/Upload_CG_client_1_level3_P.csv
UploadData_Path_CGclientInfo_2_level1_N,/home/jenkins/wabiworkspace/features/serial/Upload_CG_client_2_level1_A_N.csv
UploadData_Path_CGclientInfo_2_level2_N,/home/jenkins/wabiworkspace/features/serial/Upload_CG_client_2_level2_N.csv
UploadData_Path_CGclientInfo_2_level2_P,/home/jenkins/wabiworkspace/features/serial/Upload_CG_client_2_level2_P.csv
UploadData_Path_CGclientInfo_3_N,/home/jenkins/wabiworkspace/features/serial/Upload_CG_client_3_N.csv
UploadData_Path_CGclientInfo_3_P,/home/jenkins/wabiworkspace/features/serial/Upload_CG_client_3_P.csv
UploadData_Path_CGclientInfo_4_level1_N,/home/jenkins/wabiworkspace/features/serial/Upload_CG_client_4_level1_A_N.csv
UploadData_Path_CGclientInfo_4_level2_N,/home/jenkins/wabiworkspace/features/serial/Upload_CG_client_4_level2_N.csv
UploadData_Path_CGclientInfo_4_level2_P,/home/jenkins/wabiworkspace/features/serial/Upload_CG_client_4_level2_P.csv
UploadData_Path_CGclientInfo_5_level1_N,/home/jenkins/wabiworkspace/features/serial/Upload_CG_client_5_level1_A_N.csv
UploadData_Path_CGclientInfo_5_level2_N,/home/jenkins/wabiworkspace/features/serial/Upload_CG_client_5_level2_N.csv
UploadData_Path_CGclientInfo_5_level2_P,/home/jenkins/wabiworkspace/features/serial/Upload_CG_client_5_level2_P.csv
UploadData_Path_CGclientInfo_6_N,/home/jenkins/wabiworkspace/features/serial/Upload_CG_client_6_N.csv
UploadData_Path_Securities_List,/home/env62-1/workspace/OMD-C/Env62_OMDC_Test_Execution_01/features/serial/security_reference_data_trial_MODIFY_allsecurities.csv