MaintainTradingTimetable_Display_TimetableID,//div/span,xpath
MaintainTradingTimetable_OptList_RecordStatus,//select,xpath
MaintainTradingTimetable_Input_Name,//div/input,xpath
MaintainTradingTimetable_Input_Description,//div[3]/div/div/input,xpath
MaintainTradingTimetable_OptList_DefaultTimetableforMSA,//div[3]/div/p/select,xpath
MaintainTradingTimetable_Button_Add,//th[5]/button,xpath
MaintainTradingTimetable_Input_CreateName,//div[2]/div/div/input,xpath
MaintainTradingTimetable_OptList_CreateType,//div[2]/div/p/select,xpath
MaintainTradingTimetable_Input_TimetableID,//div/input,xpath
MaintainTradingTimetable_Button_Edit,//div[5]/button,xpath
MaintainTradingTimetable_Button_Submit,//div[5]/button,xpath
MaintainTradingTimetable_Button_Cancel,//div[5]/button[2],xpath