MaintainCalendar_CalendarCode_1,JP
MaintainCalendar_CalendarCode_2,HK
MaintainCalendar_CalendarCode_3,US
MaintainCalendar_Day_1,2
MaintainCalendar_Month_1,18
MaintainCalendar_Year_1,2017
MaintainCalendar_CalendarCode_2,02
MaintainCalendar_Day_2,
MaintainCalendar_Month_2,
MaintainCalendar_Year_2,2017
MaintainCalendar_Day_3,
MaintainCalendar_Month_3,
MaintainCalendar_Year_3,2017
MaintainCalendar_Day_4,
MaintainCalendar_Month_4,
MaintainCalendar_Year_4,2017
MaintainCalendar_Day_5,
MaintainCalendar_Month_5,
MaintainCalendar_Year_5,2017
MaintainCalendar_Day_6,
MaintainCalendar_Month_6,
MaintainCalendar_Year_6,2017
MaintainCalendar_Day_7,
MaintainCalendar_Month_7,
MaintainCalendar_Year_7,2017
MaintainCalendar_TradingDayType_HalfDay,H
MaintainCalendar_TradingDayType_FullDay,T
MaintainCalendar_TradingDayType_NonTradeDay,N
MaintainCalendar_SettlementDay_Y,Y
MaintainCalendar_SettlementDay_N,N
MaintainCalendar_SouthBound_Y,Y
MaintainCalendar_SouthBound_N,N
MaintainCalendar_RecordStatus_Active,A-Active
MaintainCalendar_RecordStatus_Delete,D-Deleted