MaintainLPSMMBrokerSecAssign_Broker1,8101
MaintainLPSMMBrokerSecAssign_Broker2,8102
MaintainLPSMMBrokerSecAssign_Broker3,8103
MaintainLPSMMBrokerSecAssign_Broker4,8104
MaintainLPSMMBrokerSecAssign_Broker5,8105
MaintainLPSMMBrokerSecAssign_Broker6,8106
MaintainLPSMMBrokerSecAssign_Broker7,8201
MaintainLPSMMBrokerSecAssign_Broker8,8202
MaintainLPSMMBrokerSecAssign_Broker9,8203
MaintainLPSMMBrokerSecAssign_Broker10,8204
MaintainLPSMMBrokerSecAssign_Broker11,8301
MaintainLPSMMBrokerSecAssign_Broker12,8302
MaintainLPSMMBrokerSecAssign_Broker13,8303
MaintainLPSMMBrokerSecAssign_Broker14,8304
MaintainLPSMMBrokerSecAssign_Security1,103
MaintainLPSMMBrokerSecAssign_SSGrp1,Short Sell Grp 1
MaintainLPSMMBrokerSecAssign_SSGrp11,Short Sell Grp 11
MaintainLPSMMBrokerSecAssign_SSGrp12,Short Sell Grp 12
MaintainLPSMMBrokerSecAssign_Broker2990,2990