CxlBrokerTrades_Display_BrokerNo,outBrokerId,id
CxlBrokerTrades_Display_FirmName,outFirmName,id
CxlBrokerTrades_Input_CPBrokerNo,inputCounterBrokerId,id
CxlBrokerTrades_Input_SecCode,inputSecurityId,id
CxlBrokerTrades_OptList_OrderSide,inputOrderSide,id
CxlBrokerTrades_OptList_TradeType,inputTradeType,id
CxlBrokerTrades_OptList_Rejected,inputRejected,id
CxlBrokerTrades_Input_StartTime,inputStartTime,id
CxlBrokerTrades_Input_EndTime,inputEndTime,id
CxlBrokerTrades_SearchButton_TradeSearch,btnSearch,id
CxlBrokerTrades_ClearButton,btnClear,id
CxlBrokerTrades_CheckBox_CxlAllTrades,checkboxCancelAll,id
CxlBrokerTrades_TradeTable,tblQueryResult,id
CxlBrokerTrades_Display_NoOfTrades,inputNumberOfTrades,id
CxlBrokerTrades_Display_TotShsTrades,inputTotalSharesTrades,id
CxlBrokerTrades_Checkbox_Row1,colsel_0,id
CxlBrokerTrades_Checkbox_Row2,colsel_1,id
CxlBrokerTrades_Checkbox_Row3,colsel_2,id
CxlBrokerTrades_Checkbox_Row4,colsel_3,id
CxlBrokerTrades_Checkbox_Row5,colsel_4,id
CxlBrokerTrades_Checkbox_Row6,colsel_5,id
CxlBrokerTrades_Checkbox_Row7,colsel_6,id
CxlBrokerTrades_Checkbox_Row8,colsel_7,id
CxlBrokerTrades_Checkbox_Row9,colsel_8,id
CxlBrokerTrades_Checkbox_Row10,colsel_9,id