MaintainCGClient_Firm1991,01991
MaintainCGClient_CGClientID,CO01991001
MaintainCGClient_CGClientID_2,CO01991005
MaintainCGClient_CGClientID_DC_format,CC01991
MaintainCGClient_CGClientType,O - Order Flow
MaintainCGClient_CGClientType_DC,C - Drop Copy
MaintainCGClient_Protocol,F - FIX
MaintainCGClient_Protocol_Binary,B - Binary
MaintainCGClient_Blocked,N - No
MaintainCGClient_Blocked_Yes,Y - Yes
MaintainCGClient_PasswordPolicy,1 - Super User
MaintainCGClient_PasswordPolicy_2, 
MaintainCGClient_BSSSolutions,1 - BSS
MaintainCGClient_BSSSolutions_2,2 – BSS – NSTD
MaintainCGClient_BSSColocation,Y - Co-Located
MaintainCGClient_BSSColocation_N,N - Not Co-Located
MaintainCGClient_BizFuncGrpID,1 - BFA1
MaintainCGClient_BizFuncGrpID_2,2 - BFA2
MaintainCGClient_BizFuncGrpID_3,3 - BFA3
MaintainCGClient_CancelOnDisconnect,N - No
MaintainCGClient_CancelOnDisconnect_Y,Y - Yes
MaintainCGClient_TradingPurpose,1 - Normal
MaintainCGClient_TradingPurpose_2,2 - SP
MaintainCGClient_TimeBeforeCancel,60
MaintainCGClient_TimeBeforeCancel_2Min,120
MaintainCGClient_CGClientID_DC,CC01991001
MaintainCGClient_CGClientID_DC_2,CC01991005
MaintainCGClient_DropCopyService,Include Trades Only
MaintainCGClient_IPAddress1_Section1,127
MaintainCGClient_IPAddress1_Section2,0
MaintainCGClient_IPAddress1_Section3,0
MaintainCGClient_IPAddress1_Section4,2
MaintainCGClient_SecurityAccessGroup1,1 - DefaultAG
MaintainCGClient_SecurityAccessGroup_Status_1,Assigned
MaintainCGClient_SecurityAccessGroup_Status_2,Pending
MaintainCGClient_SecurityAccessGroup_Status_3,Deleted
MaintainCGClient_Edit_OptList_CGClientType_O,O-Order Flow
MaintainCGClient_Edit_OptList_CGClientType_C,D-Drop Copy
MaintainCGClient_Edit_OptList_Blocked_Y,Y - Yes
MaintainCGClient_Edit_OptList_Blocked_N,N - No
MaintainCGClient_Edit_RecordStatus_Delete,D - Delete
MaintainCGClient_Edit_RecordStatus_ACtive,A - Active
MaintainCGClient_Edit_FirmCode_1,1973
MaintainCGClient_Edit_CGClientID,CO01973005
MaintainCGClient_Edit_NewPassword_errorRule_1,ab123456
MaintainCGClient_Edit_NewPassword_errorRule_2,AB123456
MaintainCGClient_Edit_NewPassword_errorRule_3,aB123456
MaintainCGClient_Edit_NewPassword_errorRule_4,Oo123456
MaintainCGClient_Edit_NewPassword_errorRule_5,Ii123456
MaintainCGClient_Edit_NewPassword_errorRule_6,Io123456
MaintainCGClient_Edit_NewPassword_errorRule_7,Oi123456
MaintainCGClient_Edit_NewPassword_1,iI123456
MaintainCGClient_Edit_NewPassword_2,oO123456
MaintainCGClient_Edit_NewPassword_3,iO123456
MaintainCGClient_Edit_NewPassword_4,oI123456
MaintainCGClient_Edit_NewPassword_5,Ab123456
MaintainCGClient_Edit_OptList_CancelOnDisconnect_Y,Y - Yes
MaintainCGClient_Edit_OptList_CancelOnDisconnect_N,N - No
MaintainCGClient_Edit_TimeBeforeCancel_1,1000
MaintainCGClient_Edit_IPAddress1_1,127
MaintainCGClient_Edit_IPAddress1_2,0
MaintainCGClient_Edit_IPAddress1_3,0
MaintainCGClient_Edit_IPAddress1_4,1
MaintainCGClient_Edit_IPAddress2_1,10
MaintainCGClient_Edit_IPAddress2_2,1
MaintainCGClient_Edit_IPAddress2_3,95
MaintainCGClient_Edit_IPAddress2_4,211
MaintainCGClient_Edit_IPAddress3_1,10
MaintainCGClient_Edit_IPAddress3_2,1
MaintainCGClient_Edit_IPAddress3_3,95
MaintainCGClient_Edit_IPAddress3_4,212
MaintainCGClient_Edit_IPAddress4_1,10
MaintainCGClient_Edit_IPAddress4_2,163
MaintainCGClient_Edit_IPAddress4_3,231
MaintainCGClient_Edit_IPAddress4_4,145
MaintainCGClient_Edit_IPAddress_256,256
MaintainCGClient_Edit_OptList_Protocol_B,B - Binary
MaintainCGClient_Edit_OptList_Protocol_F,F - FIX
MaintainCGClient_Edit_OptList_BSSSolutions_1,1 - BBS
MaintainCGClient_Edit_OptList_BSSSolutions_2,2 - BBS - NSTD
MaintainCGClient_Edit_OptList_PasswordPolicy_1,1 - Super User
MaintainCGClient_Edit_OptList_PasswordPolicy_2,2 - CG Client User
MaintainCGClient_Edit_OptList_PasswordPolicy_3,11 - CG Client User
MaintainCGClient_Edit_OptList_PasswordPolicy_11,11 - AI User
MaintainCGClient_Edit_OptList_BizFuncGrpID_1,1 - BFA1
MaintainCGClient_Edit_OptList_BizFuncGrpID_2,2 - BFA2
MaintainCGClient_Edit_OptList_CancelOnDisconnect_Y,Y - Yes
MaintainCGClient_Edit_OptList_CancelOnDisconnect_N,N - No
MaintainCGClient_Edit_OptList_BSSColocation_Y,Y - Co - Located
MaintainCGClient_Edit_OptList_BSSColocation_N,N - Not Co - Located
MaintainCGClient_Edit_OptList_TradingPurpose_1,1 - Normal
MaintainCGClient_Edit_OptList_TradingPurpose_2,2 - SP
MaintainCGClient_Edit_OptList_TradingPurpose_3,3 - LP
MaintainCGClient_Edit_OptList_TradingPurpose_4,4 - SMM
MaintainCGClient_Edit_OptList_SecurityAccessGroup_1,1 - SAG1
MaintainCGClient_Edit_OptList_SecurityAccessGroup_2,2 - SAG2
MaintainCGClient_Edit_OptList_DropCopyService_1,Include Trades and Orders
MaintainCGClient_Edit_OptList_DropCopyService_2,Include Trades Only