CxlBrokerOrders_Input_SecCode_1,123
CxlBrokerTrades_BrokerNum_1,07101
CxlBrokerTrades_BrokerNum_3digital,212
CxlBrokerTrades_BrokerNum_5digital,21250
CxlBrokerTrades_BrokerNum_2,05044
CxlBrokerTrades_BrokerNum_3,06059
CxlBrokerTrades_BrokerNum_4,07201
CxlBrokerTrades_BrokerNum_5,03201
CxlBrokerTrades_BrokerNum_6,03101
CxlBrokerTrades_Input_SecCode_1,6948
CxlBrokerTrades_Input_SecCode_2,4363
CxlBrokerTrades_Input_SecCode_3,6514
CxlBrokerTrades_Input_Time_incorrectFormat_1,2017-01-25
CxlBrokerTrades_Input_Time_incorrectFormat_2,10/00/00
CxlBrokerTrades_Input_StartTime_1,10:00:00
CxlBrokerTrades_Input_EndTime_1,11:00:00
CxlBrokerTrades_OptList_OrderSide_B,B - Bid orders
CxlBrokerTrades_OptList_OrderSide_A,A - Ask orders
CxlBrokerTrades_OptList_Rejected_Y,Y - Yes
CxlBrokerTrades_OptList_Rejected_N,N - No
CxlBrokerTrades_OptList_TradeType_OddLot,Odd Lot
CxlBrokerTrades_OptList_TradeType_overseas,Overseas
CxlBrokerTrades_TradeType_1,M
CxlBrokerTrades_TradeType_2,A
CxlBrokerTrades_TradeType_3,U
CxlBrokerTrades_TradeType_4,P
CxlBrokerTrades_TradeType_5,O
CxlBrokerTrades_TradeType_6,R