MaintainDesignatedDealers_SecurityCode_1,3121
MaintainDesignatedDealers_SecurityName_1,Security Short Name
MaintainDesignatedDealers_OptList_RelaxSpreadRule_Yes,Y - Yes
MaintainDesignatedDealers_OptList_RelaxSpreadRule_No,N - No
MaintainDesignatedDealers_OptList_AllowSSOnNSSSecurity_Yes,Y - Yes
MaintainDesignatedDealers_OptList_AllowSSOnNSSSecurity_No,N - No
MaintainDesignatedDealers_BrokerNum_1,3201
MaintainDesignatedDealers_BrokerNum_3digital,212
MaintainDesignatedDealers_BrokerNum_5digital,21250
MaintainSecurity_Input_incorrectDate_1,2017-13-40
MaintainDesignatedDealers_InputField_EffectiveFrom_1,2017-01-25
MaintainDesignatedDealers_InputField_EffectiveTo_1,2017-01-28
MaintainDesignatedDealers_OptList_SSGrpIDForBroker_1,Short Sell Group 1
MaintainDesignatedDealers_OptList_SSGrpIDForBroker_2,Short Sell Group 2
MaintainDesignatedDealers_Display_ActionRow1_Add,Add
MaintainDesignatedDealers_Display_ActionRow1_Modify,Modify
MaintainDesignatedDealers_Display_ActionRow1_Delete,Delete
MaintainDesignatedDealers_InputField_EffectiveFrom_invaild_1,2017-01-25
MaintainDesignatedDealers_InputField_EffectiveTo_invaild_1,2017-01-23