UploadSecBrokerData_OptList_UploadDataType,//select,xpath
UploadSecBrokerData_Input_UploadDataFile,fileName,id
UploadSecBrokerData_Button_Browser,//div[2]/button,xpath
UploadSecBrokerData_Button_Import,btnImportDataFile,id
UploadSecBrokerData_Button_Validate,btnValidate,id
UploadSecBrokerData_Input_RemainPwd,inputPassword,id
PageAdmin_UploadData_ValidationError,//div/div/div/div/div,xpath
UploadDataFile,uploadDataFile,id
UploadSecBrokerData_Display_Error,//div/div/div/div/div/div,xpath
UploadSecBrokerData_Display_ErrorMsg,//div/div[2]/div,xpath
UploadSecBrokerData_ErrorMsg,//p,xpath