MtnUpdExRate_Display_BasicCurrency,//div/label,xpath
MtnUpdExRate_CurrencyTable,//table,xpath
MtnUpdExRate_Input_NewExRateRow1,//td[5]/input,xpath
MtnUpdExRate_Display_ChangeEffect,//p,xpath
MtnUpdExRate_CheckBox_ApplyImmediately,//p/input,xpath
MtnUpdExRate_SubmitButton,//form/div/button[1],xpath
MtnUpdExRate_Display_CurrencyCode_1,//tr[1]/td[1],xpath
MtnUpdExRate_Display_CurrencyCode_2,//tr[2]/td[1],xpath
MtnUpdExRate_Display_CurrencyCode_3,//tr[3]/td[1],xpath
MtnUpdExRate_Display_CurrencyCode_4,//tr[4]/td[1],xpath
MtnUpdExRate_Display_CurrencyCode_5,//tr[5]/td[1],xpath
MtnUpdExRate_Display_CurrencyCode_6,//tr[6]/td[1],xpath
MtnUpdExRate_Display_CurrencyCode_7,//tr[7]/td[1],xpath
MtnUpdExRate_Display_CurrencyCode_8,//tr[8]/td[1],xpath
MtnUpdExRate_Display_CurrencyCode_9,//tr[9]/td[1],xpath
MtnUpdExRate_Display_CurrencyCode_10,//tr[10]/td[1],xpath
MtnUpdExRate_Display_CurrencyCode_11,//tr[11]/td[1],xpath
MtnUpdExRate_Display_CurrencyCode_12,//tr[12]/td[1],xpath
MtnUpdExRate_Display_CurrencyFactor_1,//tr[1]/td[2],xpath
MtnUpdExRate_Display_CurrencyFactor_2,//tr[2]/td[2],xpath
MtnUpdExRate_Display_CurrencyFactor_3,//tr[3]/td[2],xpath
MtnUpdExRate_Display_CurrencyFactor_4,//tr[4]/td[2],xpath
MtnUpdExRate_Display_CurrencyFactor_5,//tr[5]/td[2],xpath
MtnUpdExRate_Display_CurrencyFactor_6,//tr[6]/td[2],xpath
MtnUpdExRate_Display_CurrencyFactor_7,//tr[7]/td[2],xpath
MtnUpdExRate_Display_CurrencyFactor_8,//tr[8]/td[2],xpath
MtnUpdExRate_Display_CurrentExRate_1,//tr[1]/td[3],xpath
MtnUpdExRate_Display_CurrentExRate_2,//tr[2]/td[3],xpath
MtnUpdExRate_Display_CurrentExRate_3,//tr[3]/td[3],xpath
MtnUpdExRate_Display_CurrentExRate_4,//tr[4]/td[3],xpath
MtnUpdExRate_Display_CurrentExRate_5,//tr[5]/td[3],xpath
MtnUpdExRate_Display_CurrentExRate_6,//tr[6]/td[3],xpath
MtnUpdExRate_Display_CurrentExRate_7,//tr[7]/td[3],xpath
MtnUpdExRate_Display_CurrentExRate_8,//tr[8]/td[3],xpath
MtnUpdExRate_Display_CurrentExRate_9,//tr[9]/td[3],xpath
MtnUpdExRate_Display_OvernightExRate_1,//tr[1]/td[4],xpath
MtnUpdExRate_Display_OvernightExRate_2,//tr[2]/td[4],xpath
MtnUpdExRate_Display_OvernightExRate_3,//tr[3]/td[4],xpath
MtnUpdExRate_Display_OvernightExRate_4,//tr[4]/td[4],xpath
MtnUpdExRate_Display_OvernightExRate_5,//tr[5]/td[4],xpath
MtnUpdExRate_Display_OvernightExRate_6,//tr[6]/td[4],xpath
MtnUpdExRate_Display_OvernightExRate_7,//tr[7]/td[4],xpath
MtnUpdExRate_Display_OvernightExRate_8,//tr[8]/td[4],xpath
MtnUpdExRate_Input_NewExRate_1,//td[5]/input,xpath
MtnUpdExRate_Input_NewExRate_2,//tr[2]/td[5]/input,xpath
MtnUpdExRate_Input_NewExRate_3,//tr[3]/td[5]/input,xpath
MtnUpdExRate_Input_NewExRate_4,//tr[4]/td[5]/input,xpath
MtnUpdExRate_Input_NewExRate_5,//tr[5]/td[5]/input,xpath
MtnUpdExRate_Input_NewExRate_6,//tr[6]/td[5]/input,xpath
MtnUpdExRate_Input_NewExRate_7,//tr[7]/td[5]/input,xpath
MtnUpdExRate_Input_NewExRate_8,//tr[8]/td[5]/input,xpath
MtnUpdExRate_Input_NewExRate_9,//tr[9]/td[5]/input,xpath
MtnUpdExRate_Input_NewExRate_10,//tr[10]/td[5]/input,xpath
MtnUpdExRate_Input_NewExRate_11,//tr[11]/td[5]/input,xpath
MtnUpdExRate_Input_NewExRate_12,//tr[12]/td[5]/input,xpath
MtnUpdExRate_Popup_Ok,btnDialogOk,id