MaintainProductGroup_ProductGroupId_1,3
MaintainProductGroup_TradingRule_1,12 - prod
MaintainProductGroup_VcmParamsGrp_1,7 - vcmParamGrp7
MaintainProductGroup_FeeGpName_1,Fee Group 1
MaintainProductGroup_PriceLimitID_1,11 - PriceLimitGrp11
MaintainProductGroup_CASParaID_1,2 - CAS Params Group2
MaintainProductGroup_SSGpID_1,11 - Short Sell Group 11
MaintainProductGroup_ProductGroupId_2,11
MaintainProductGroup_MarketSegmentCode_1,MAIN
MaintainProductGroup_ProductGroupName_1,PG11
MaintainProductGroup_Desc_1,Product Group 11
MaintainProductGroup_FullDayTradingTimeTable_1,1 - Full Day
MaintainProductGroup_FullDayTradingTimeTable_2,0 - Not Specified
MaintainProductGroup_HalfDayTradingTimeTable_1,3 - Half Day
MaintainProductGroup_HalfDayTradingTimeTable_2,0 - Not Specified
MaintainProductGroup_CaptureTimeAM1_HH_1,09
MaintainProductGroup_CaptureTimeAM1_MM_1,35
MaintainProductGroup_CaptureTimeAM1_SS_1,00
MaintainProductGroup_CaptureTimeAM2_HH_1,09
MaintainProductGroup_CaptureTimeAM2_MM_1,45
MaintainProductGroup_CaptureTimeAM2_SS_1,00
MaintainProductGroup_CaptureTimeAM3_HH_1,09
MaintainProductGroup_CaptureTimeAM3_MM_1,50
MaintainProductGroup_CaptureTimeAM3_SS_1,00
MaintainProductGroup_CaptureTimeAM4_HH_1,09
MaintainProductGroup_CaptureTimeAM4_MM_1,55
MaintainProductGroup_CaptureTimeAM4_SS_1,00
MaintainProductGroup_CaptureTimeAM5_HH_1,10
MaintainProductGroup_CaptureTimeAM5_MM_1,05
MaintainProductGroup_CaptureTimeAM5_SS_1,00
MaintainProductGroup_CaptureTimePM1_HH_1,02
MaintainProductGroup_CaptureTimePM1_MM_1,10
MaintainProductGroup_CaptureTimePM1_SS_1,00
MaintainProductGroup_CaptureTimePM2_HH_1,02
MaintainProductGroup_CaptureTimePM2_MM_1,15
MaintainProductGroup_CaptureTimePM2_SS_1,00
MaintainProductGroup_CaptureTimePM3_HH_1,02
MaintainProductGroup_CaptureTimePM3_MM_1,20
MaintainProductGroup_CaptureTimePM3_SS_1,00
MaintainProductGroup_CaptureTimePM4_HH_1,02
MaintainProductGroup_CaptureTimePM4_MM_1,25
MaintainProductGroup_CaptureTimePM4_SS_1,00
MaintainProductGroup_CaptureTimePM5_HH_1,02
MaintainProductGroup_CaptureTimePM5_MM_1,30
MaintainProductGroup_CaptureTimePM5_SS_1,00
MaintainProductGroup_RecordStatus_Active,A - Active
MaintainProductGroup_RecordStatus_Delete,D - Deleted
MaintainProductGroup_MarketSegmentCode_2,NASD
MaintainProductGroup_ProductGroupName_2,PG12
MaintainProductGroup_Desc_2,Product Group 11 Test
MaintainProductGroup_CaptureTimeAM1_HH_2,09
MaintainProductGroup_CaptureTimeAM1_MM_2,00
MaintainProductGroup_CaptureTimeAM1_SS_2,00
MaintainProductGroup_CaptureTimeAM2_HH_2,09
MaintainProductGroup_CaptureTimeAM2_MM_2,05
MaintainProductGroup_CaptureTimeAM2_SS_2,00
MaintainProductGroup_CaptureTimeAM3_HH_2,09
MaintainProductGroup_CaptureTimeAM3_MM_2,10
MaintainProductGroup_CaptureTimeAM3_SS_2,00
MaintainProductGroup_CaptureTimeAM4_HH_2,09
MaintainProductGroup_CaptureTimeAM4_MM_2,15
MaintainProductGroup_CaptureTimeAM4_SS_2,00
MaintainProductGroup_CaptureTimeAM5_HH_2,09
MaintainProductGroup_CaptureTimeAM5_MM_2,20
MaintainProductGroup_CaptureTimeAM5_SS_2,00
MaintainProductGroup_CaptureTimePM1_HH_2,15
MaintainProductGroup_CaptureTimePM1_MM_2,30
MaintainProductGroup_CaptureTimePM1_SS_2,00
MaintainProductGroup_CaptureTimePM2_HH_2,15
MaintainProductGroup_CaptureTimePM2_MM_2,35
MaintainProductGroup_CaptureTimePM2_SS_2,00
MaintainProductGroup_CaptureTimePM3_HH_2,15
MaintainProductGroup_CaptureTimePM3_MM_2,40
MaintainProductGroup_CaptureTimePM3_SS_2,00
MaintainProductGroup_CaptureTimePM4_HH_2,15
MaintainProductGroup_CaptureTimePM4_MM_2,45
MaintainProductGroup_CaptureTimePM4_SS_2,00
MaintainProductGroup_CaptureTimePM5_HH_2,15
MaintainProductGroup_CaptureTimePM5_MM_2,50
MaintainProductGroup_CaptureTimePM5_SS_2,00
MaintainProductGroup_TradingRule_2,0 - Not Specified
MaintainProductGroup_VcmParamsGrp_2,0 - Not Specified
MaintainProductGroup_FeeGpName_2,0 - Not Specified
MaintainProductGroup_PriceLimitID_2,0 - Not Specified
MaintainProductGroup_CASParaID_2,0 - Not Specified
MaintainProductGroup_SSGpID_2,0 - Not Specified
MaintainProductGroup_TradingRule_3,4 - Trading Rule Group 4