MaintainBizFunction_GpID_1,3
MaintainBizFunction_GpID_2,5
MaintainBizFunction_GpName_1,BFA3
MaintainBizFunction_GpName_3,BFA5
MaintainBizFunction_GpDesc_1,Biz Function Group 3
MaintainBizFunction_GpName_2,BFA4
MaintainBizFunction_GpDesc_2,Biz Function Group 4
MaintainBizFunction_OptList_Yes,Y - Yes
MaintainBizFunction_OptList_No,N - No
MaintainBizFunction_RecordStatus_Active,A - Active
MaintainBizFunction_RecordStatus_Delete,D - Deleted
MainTainBizFuncGroup_BizName_Alpha_21,ABABABABABABABABABABA
MainTainBizFuncGroup_Desc_Alpha_65,ABCDEABCDEABCDEABCDEABCDEABCDEABCDEABCDEABCDEABCDEABCDEABCDEABCDE
MainTainBizFuncGroup_Desc,This is OK