EnqUpdAL_Input_ALCode,search.action_list_id,id
EnqUpdAL_Input_ScheduleStartTime_HH,inputStartTime_HH,id
EnqUpdAL_Input_ScheduleStartTime_MM,inputStartTime_MM,id
EnqUpdAL_Input_ScheduleStartTime_SS,inputStartTime_SS,id
EnqUpdAL_Input_ScheduleEndTime_HH,inputEndTime_HH,id
EnqUpdAL_Input_ScheduleEndTime_MM,inputEndTime_MM,id
EnqUpdAL_Input_ScheduleEndTime_SS,inputEndTime_SS,id
EnqUpdAL_OptList_Action,inputOperation,id
EnqUpdAL_Display_TotNoOfSelectedSch,outNumOfSelectedSchedules,id
EnqUpdAL_Display_Remarks_Title,//div/table/tbody/tr/td,xpath
EnqUpdAL_Display_Remarks_TradingHalt,//div/table/tbody/tr[2]/td[1],xpath
EnqUpdAL_Display_Remarks_Suspension,//div/table/tbody/tr[3]/td[1],xpath
EnqUpdAL_Display_Remarks_SetResumptionTime,//div/table/tbody/tr[4]/td,xpath
EnqUpdAL_Display_Remarks_TradingResumption,//div/table/tbody/tr[2]/td[2],xpath
EnqUpdAL_Display_Remarks_MSA,//div/table/tbody/tr[3]/td[2],xpath