MaintainAL_Input_ALCode,inputActionListId,id
MaintainAL_OptList_RecordStatus,inputRecordStatus,id
MaintainAL_Input_Desc,inputDescription,id
MaintainAL_Display_ALType,outActionListTypeText,id
MaintainAL_Display_ChangeEffect,//form/div[3],xpath
MaintainAL_OptList_ApplyImmediately,inputApplyImmediately,id
MaintainAL_Input_InitialSec_SecCode,inputSecurityId,id
MaintainAL_Add_Button_InitialSec,btnAdd,id
MaintainAL_ALtable,tblActionListSecurity,id
MaintainAL_RelatedSecurity_Label,//section/div/div/div/table/tboday/tr/td[3],xpath
MaintainAL_OptList_Initial_Rmove3,//tr[3]/td[4]/select,xpath
MaintainAL_OptList_Related_Rmove1,//tr[4]/select,xpath
MaintainAL_FirstRow_View,//td,xpath
MaintainAL_Error_Msg,//div[2]/p,xpath
MaintainAL_Close_Button,//div[3]/span/button,xpath
MaintainAL_Cancel_Button,//p/span/button,xpath