MaintainVCMParameterGroup_VCMParaId,7
MaintainVCMParameterGroup_Name,vcmParamGrp7
MaintainVCMParameterGroup_Desc,VCM Parameter Group 7
MaintainVCMParameterGroup_ReferencePriceLimit,10.0000
MaintainVCMParameterGroup_ReferencePriceInterval,1
MaintainVCMParameterGroup_CoolingOffPeriod,300
MaintainVCMParameterGroup_MaxTriggersPerSession,1
MaintainVCMParameterGroup_MaxTriggersPerTradingDay,2
MaintainVCMParameterGroup_RecordStatus_Delete,D - Deleted
MaintainVCMParameterGroup_RecordStatus_Active,A - Active
MaintainVCMParameterGroup_ReferencePriceLimit_Modify,50.0000
MaintainVCMParameterGroup_ReferencePriceInterval_Modify,10
MaintainVCMParameterGroup_CoolingOffPeriod_Modify,400
MaintainVCMParameterGroup_MaxTriggersPerSession_Modify,2
MaintainVCMParameterGroup_MaxTriggersPerTradingDay_Modify,3
MaintainVCMParameterGroup_VCMParaId_Remove,11
MaintainVCMParameterGroup_Name_Remove,vcmParamGrp11
MaintainVCMParameterGroup_Desc_Remove,VCM Parameter Group 11