MaintainLPSMMBrokerSecAssign_PageName,header_row_2,id
MaintainLPSMMBrokerSecAssign_Search_ResultRow_1,//td,xpath
MaintainLPSMMBrokerSecAssign_Search_ResultTable,//table,xpath
MaintainLPSMMBrokerSecAssign_Display_BrokerNumber,//div/span,xpath
MaintainLPSMMBrokerSecAssign_OptList_BrokerType,//div/div[2]/select,xpath
MaintainLPSMMBrokerSecAssign_OptList_RecordStatus,//div[3]/select,xpath
MaintainLPSMMBrokerSecAssign_Input_SecurityCode,//p/input,xpath
MaintainLPSMMBrokerSecAssign_OptList_RelaxSpreadRule,//td/select,xpath
MaintainLPSMMBrokerSecAssign_OptList_AllowSSonNonSSStocks,//td[2]/select,xpath
MaintainLPSMMBrokerSecAssign_OptList_SSGrpIDForBroker,//td[3]/select,xpath
MaintainLPSMMBrokerSecAssign_OptList_PageOpt,//div[2]/div/select
MaintainLPSMMBrokerSecAssign_Button_Edit,//div[2]/button,xpath
MaintainLPSMMBrokerSecAssign_Button_Cancel,//div[2]/button[2],xpath
MaintainLPSMMBrokerSecAssign_Button_Add,//div[2]/button,xpath
MaintainLPSMMBrokerSecAssign_Button_Modify,//div[2]/button[2],xpath
MaintainLPSMMBrokerSecAssign_Button_Delete,//div[2]/button[3],xpath
MaintainLPSMMBrokerSecAssign_Button_EditSubmit,//div[5]/button,xpath
MaintainLPSMMBrokerSecAssign_Button_EditCancel,//div[5]/button[2],xpath