MaintainMarketSegment_Button_Edit,//td[4]/button,xpath
MaintainMarketSegment_OptList_TradingRules,//div[12]/div/select,xpath
MaintainMarketSegment_OptList_SSGroupID,//div[15]/div[2]/select,xpath
MaintainMarketSegment_OptList_VcmParamsGrp,//div[13]/div/select,xpath
MaintainMarketSegment_OptList_CASParamGrp,//div[13]/div[2]/select,xpath
MaintainMarketSegment_OptList_PriceLimit,//div[12]/div[2]/select,xpath
MaintainMarketSegment_OptList_FeeId,//div[15]/div/select,xpath
MaintainMarketSegment_Input_MarketSegmentCode,inputMarketSegmentCode,id
MaintainMarketSegment_OptList_RecordStatus,selectRecordStatus,id
MaintainMarketSegment_Input_Name,inputName,id
MaintainMarketSegment_Input_MIC,inputMic,id
MaintainMarketSegment_Input_Desc,inputDescription,id
MaintainMarketSegment_OptList_CurrencyCode,selectCurrencyCode,id
MaintainMarketSegment_OptList_CalendarCode,selectCalendarCode,id
MaintainMarketSegment_Input_PriceWarningSpreads,selectPriceWarningSpreads,id
MaintainMarketSegment_Input_ELOMatchableSpreads,inputEloMatchableSpreads,id
MaintainMarketSegment_Input_PriceWarningDuration,inputPriceWarningDuration,id
MaintainMarketSegment_Input_SLOMatchableSpreads,inputSloMatchableSpreads,id
MaintainMarketSegment_OptList_FullDayTradingTimeTable,selectTimetableIdFullday,id
MaintainMarketSegment_OptList_HalfDayTradingTimeTable,selectTimetableIdHalfDay,id
MaintainMarketSegment_Input_Morning_SnapshotTimeHour1,inputSnapshotT1_hh,id
MaintainMarketSegment_Input_Morning_SnapshotTimeMinute1,inputSnapshotT1_mm,id
MaintainMarketSegment_Input_Morning_SnapshotTimeSecond1,inputSnapshotT1_ss,id
MaintainMarketSegment_Input_Morning_SnapshotTimeHour2,inputSnapshotT2_hh,id
MaintainMarketSegment_Input_Morning_SnapshotTimeMinute2,inputSnapshotT2_mm,id
MaintainMarketSegment_Input_Morning_SnapshotTimeSecond2,inputSnapshotT2_ss,id
MaintainMarketSegment_Input_Morning_SnapshotTimeHour3,inputSnapshotT3_hh,id
MaintainMarketSegment_Input_Morning_SnapshotTimeMinute3,inputSnapshotT3_mm,id
MaintainMarketSegment_Input_Morning_SnapshotTimeSecond3,inputSnapshotT3_ss,id
MaintainMarketSegment_Input_Morning_SnapshotTimeHour4,inputSnapshotT4_hh,id
MaintainMarketSegment_Input_Morning_SnapshotTimeMinute4,inputSnapshotT4_mm,id
MaintainMarketSegment_Input_Morning_SnapshotTimeSecond4,inputSnapshotT4_ss,id
MaintainMarketSegment_Input_Morning_SnapshotTimeHour5,inputSnapshotT5_hh,id
MaintainMarketSegment_Input_Morning_SnapshotTimeMinute5,inputSnapshotT5_mm,id
MaintainMarketSegment_Input_Morning_SnapshotTimeSecond5,inputSnapshotT5_ss,id
MaintainMarketSegment_Input_Afternoon_SnapshotTimeHour1,inputSnapshotT6_hh,id
MaintainMarketSegment_Input_Afternoon_SnapshotTimeMinute1,inputSnapshotT6_mm,id
MaintainMarketSegment_Input_Afternoon_SnapshotTimeSecond1,inputSnapshotT6_ss,id
MaintainMarketSegment_Input_Afternoon_SnapshotTimeHour2,inputSnapshotT7_hh,id
MaintainMarketSegment_Input_Afternoon_SnapshotTimeMinute2,inputSnapshotT7_mm,id
MaintainMarketSegment_Input_Afternoon_SnapshotTimeSecond2,inputSnapshotT7_ss,id
MaintainMarketSegment_Input_Afternoon_SnapshotTimeHour3,inputSnapshotT8_hh,id
MaintainMarketSegment_Input_Afternoon_SnapshotTimeMinute3,inputSnapshotT8_mm,id
MaintainMarketSegment_Input_Afternoon_SnapshotTimeSecond3,inputSnapshotT8_ss,id
MaintainMarketSegment_Input_Afternoon_SnapshotTimeHour4,inputSnapshotT9_hh,id
MaintainMarketSegment_Input_Afternoon_SnapshotTimeMinute4,inputSnapshotT9_mm,id
MaintainMarketSegment_Input_Afternoon_SnapshotTimeSecond4,inputSnapshotT9_ss,id
MaintainMarketSegment_Input_Afternoon_SnapshotTimeHour5,inputSnapshotT10_hh,id
MaintainMarketSegment_Input_Afternoon_SnapshotTimeMinute5,inputSnapshotT10_mm,id
MaintainMarketSegment_Input_Afternoon_SnapshotTimeSecond5,inputSnapshotT10_ss,id