ActSusBroker_MenuButton,//div[2]/div[1]/div,xpath
ActSusMemFirm_MenuButton,//div[2]/div[2]/div,xpath
ActSusBrokerSPOrderSub_MenuButton,//div[3]/div,xpath
Approval_ApprovalID,inputApproverId,id
Approval_ApprovalPW,inputPwd,id
Approval_MsgDesc,dialogMsg,id
Approval_Warning,dialogMsg,id
Approval_Warning_Yes,btnDialogOk,id
Approval_Warning_No,btnDialogCancel,id
Approval_ErrorMsgDesc_1,//div[2]/ul/li,xpath
Approval_ErrorMsgDesc_2,//div[2]/ul/li[2],xpath
Approval_ErrorMsgDesc_3,//div[2]/ul/li[3],xpath
Approval_ErrorMsgDesc_4,dialogDescription,id
Approval_OKButton,//p/span/button,xpath
Approval_SimilarButton,//span[2]/button,xpath
Approval_Tag,//div[2]/label,xpath
CxlBrokerOrders_MenuButton,//div[5]/div,xpath
CxlBrokerTrades_MenuButton,//div[6]/div,xpath
CxlMemFirmOrders_MenuButton,//div[7]/div,xpath
CxlPostMCETrades_MenuButton,//div[8]/div,xpath
CxlAllBrokerOrders_MenuButton,//div[4]/div,xpath
DF_Approval_MsgDesc,//div/div[2]/div/div,xpath
DF_Approval_OKButton,//p/span/button,xpath
DF_Edit_Tag,labelMode,id
EnquireUpdateScheduleTradStates_MenuButton,//div[10]/div,xpath
EnquireCxlActionsUpdateART_MenuButton,//div[9]/div,xpath
ErrorMsg_NoUpdate,//p,xpath
ErrorPopup,//h2,xpath
CancelMsg,//div/div[2]/div/div,xpath
ErrorMsg_OKButton,btnDialogOk,id
SuccessMsg_CloseButton,btnDialogOk,id
InitiateAction_MenuButton,//div[3]/div/div,xpath
MaintainBizFuncGp_MenuButton,//div[2]/div[2]/div[1]/div,xpath
MaintainBroker_MenuButton,//div/div[2]/div/div,xpath
MaintainBusinessFunctionGroup_MenuButton,//div[2]/div[2]/div/div,xpath
MaintainCalendar_MenuButton,//div[2]/div[2]/div,xpath
MaintainCASParaGp_MenuButton,//div[2]/div[2]/div[2]/div,xpath
MaintainCGClient_MenuButton,//div[3]/div,xpath
MaintainCurrency_MenuButton,//div[3]/div,xpath
MaintainDesignatedDealers_MenuButton,//div[4]/div,xpath
MaintainExchangeParameter_MenuButton,//div[5]/div,xpath
MaintainFeeGroup_MenuButton,//div[2]/div[2]/div[4]/div,xpath
MaintainFirm_MenuButton,//div[11]/div,xpath
MaintainGlobalParameters_MenuButton,//div[5]/div,xpath
MaintainIndexCodes_MenuButton,//div[6]/div,xpath
MaintainLinkedSecurities_MenuButton,//div[7]/div,xpath
MaintainLPSMMBrokerSecAssign_MenuButton,//div[8]/div,xpath
MaintainTradingSupportFacility_MenuButton,//div[3]/div[5]/div,xpath
UploadData_MenuButton,//div[3]/div[6]/div,xpath
MaintainUploadSecurityBrokerData_MenuButton,//div[3]/div[6]/div,xpath
MaintainMarket_MenuButton,//div[2]/div[9]/div,xpath
MaintainMarketSegment_MenuButton,//div[10]/div,xpath
MaintainPriceLimitGroup_MenuButton,//div[6]/div,xpath
MaintainProductGroup_MenuButton,//div[7]/div,xpath
MaintainReportingGroup_MenuButton,//div[3]/div/div,xpath
MaintainSecurity_MenuButton,//div[3]/div/div,xpath
MaintainSecurityAccessGroup_MenuButton,//div[3]/div[2]/div,xpath
MaintainSecurityIDRange_MenuButton,//div[2]/div[3]/div[2]/div,xpath
MaintainShortSellRulesGroup_MenuButton,//div[2]/div[3]/div[4]/div,xpath
MaintainSpreadTable_MenuButton,//div[3]/div[5]/div,xpath
MaintainSSAllowedPerOrdType_MenuButton,//div[3]/div[3]/div,xpath
MaintainTASSPRINTSChange_MenuButton,//div[3]/div[3]/div,xpath
MaintainSSRulesGroup_MenuButton,//div[3]/div[4]/div,xpath
UpdSecAndBrokerData_MenuButton,//div[3]/div[7]/div,xpath
UpdTradingTimetable_MenuButton,//div[3]/div[8]/div,xpath
UpdateMemberFirm_MenuButton,//div[3]/div[7]/div,xpath
MaintainThrottle_MenuButton,//div[3]/div[4]/div,xpath
MaintainTradingRulesGroup_MenuButton,//div[3]/div[6]/div,xpath
MaintainTradingTimetable_MenuButton,//div[3]/div[7]/div,xpath
MaintainUpdateActionList_MenuButton,//div/div[3]/div[2]/div,xpath
MaintainVCMParametergroup_MenuButton,//div[3]/div[7]/div,xpath
MaintainScheduledSecChange_MenuButton,//div[2]/div[2]/div/div,xpath
TASCPRINTSScheduledChangeBulkApproval_MenuButton,//div[3]/div/div,xpath
MaintainTASSPRINTSChangeInTASSPRINT_MenuButton,//div[2]/div[2]/div[2]/div,xpath
MtnSecFreeTxt_MenuButton,//div[3]/div[4]/div,xpath
MtnUpdExRate_MenuButton,//div[3]/div[3]/div,xpath
MtnUsers_MenuButton,//div/div[2]/div/div,xpath
MtnDept_MenuButton,//div[3]/div/div,xpath
MtnRoles_MenuButton,//div[2]/div[2]/div,xpath
MaintainAlarmSetting,//div/div[2]/div/div,xpath
MonitorCBBCMCE,//div[2]/div[2]/div,xpath
MonitorTSFSuspension,//div[3]/div/div,xpath
MonitorVCM,//div[3]/div[2]/div,xpath
UpdateCGClient_MenuButton,//div[3]/div[6]/div,xpath
UpdateMemFirm_MenuButton,//div[3]/div[7]/div,xpath
UpdateSecurity_MenuButton,//div[3]/div[8]/div,xpath
UpdateTradingSupportFacility_MenuButton,//div[3]/div[9]/div,xpath
MaintainUpdateActionList_MenuButton,//div[3]/div[2]/div,xpath
MaintainUsers_MenuButton,//div/div[2]/div,xpath
MaintainRole_MenuButton,//div[2]/div[2]/div,xpath
MaintainDepartment_MenuButton,//div[3]/div,xpath
NavBar_PageBox1,navbtn1,id
NavBar_PageBox2,navbtn2,id
NavBar_PageBox3,navbtn3,id
NavBar_PageBox4,navbtn4,id
NavBar_PageBox5,navbtn5,id
NavBar_PageFirst,navbtnFirst,id
NavBar_PageLast,navbtnLast,id
NavBar_PageNext,navbtnNext,id
NavBar_PagePrevious,navbtnPrev,id
PageAdmin_AddButton,btnAdd,id
PageAdmin_ApprovalSimilarButton,//span[2]/button,xpath
PageAdmin_ApprovalSimilarButton,//span[2]/button,xpath
PageAdmin_ApproveCancel,//div[2]/button[2],xpath
PageAdmin_ApproveOKButton,//p/span/button,xpath
PageAdmin_ApproveSubmit,btnSubmit,id
PageAdmin_CancelButton,btnCancel,id
PageAdmin_ChangePW,changePassword,id
PageAdmin_CreateButton,btnCreate,id
PageAdmin_DF,deferredMenu,id
PageAdmin_DeleteButton,btnDelete,id
PageAdmin_EditButton,btnEdit,id
PageAdmin_EditLabel,//div[2]/label,xpath
PageAdmin_HomeButton,homeIcon,id
PageAdmin_InputField_ApproveID,//div/input,xpath
PageAdmin_InputField_ApprovePWD,//div[4]/div/input,xpath
PageAdmin_ModifyButton,btnModify,id
PageAdmin_NewLabel,//div[2]/label,xpath
PageAdmin_PageName,header_row_2,id
PageAdmin_PageOpt,inPageSize,id
PageAdmin_ReadOnlyLabel,//div[2]/label,xpath
PageAdmin_RT,realtimeMenu,id
PageAdmin_SignIn,btnLogin,id
PageAdmin_SignOut,logoutIcon,id
PageAdmin_UserId,//nav[@id='header_row_1']/div/i,xpath
PageAdmin_SubmitButton,btnSubmit,id
PageAdmin_PreviousButton,btnPrevious,id
PageAdmin_NextButton,btnNext,id
PageAdmin_UA,userMenu,id
PageAdmin_UserName,//input,xpath
PageAdmin_UserProfile,//div/i,xpath
PageAdmin_UserPW,//div[2]/input,xpath
PageAdmin_UserNewPW,//div[3]/div/input,xpath
PageAdmin_UserReconfirmPW,//div[3]/div[2]/input,xpath
PageAdmin_Warning_No,//p/button,xpath
PageAdmin_Warning_Yes,//p/span/button,xpath
PageAdmin_HeaderTitle,mainHeaderTitle,id
PageAdmin_LoginError,//div[5]/div/p,xpath
ReportGeneration_MenuButton,//div[3]/div[10]/div,xpath
RequestActivityLog_MenuButton,//div[3]/div[6]/div,xpath
ScheduleExchangeIntervention_MenuButton,//div[3]/div[5]/div,xpath
Search_ResultRow1,//td,xpath
SearchField_ActionList_Desc,search.description,id
SearchField_ActionList_ID,search.action_list_id,id
SearchField_ActionList_Type,inputActionListType,id
SearchField_BizFuncGroupID,search.bizFuncsAllowedGrpId,id
SearchField_BizFunctionGroupID,search.bizFuncsAllowedGrpId,id
SearchField_BizFunctionGroupName,search.name,id
SearchField_BrokerID,search.brokerId,id
SearchField_CalendarCode,search.calendarCode,id
SearchField_CurrencyCode,search.currencyCode,id
SearchField_CASParaID,search.casParamsId,id
SearchField_Category,inputTransactionType,id
SearchField_CGClientID,search.compId,id
SearchField_ClearSearchButton,btnClear,id
SearchField_EffectiveDate,search.EffectiveDate,id
SearchField_FeeGroup,feeCode,id
SearchField_FirmCode,search.firmCode,id
SearchField_FirmName,search.firmName,id
SearchField_MarketCode,search.marketCode,id
SearchField_MarketSegmentCode,search.marketSegmentCode,id
SearchField_MCETime_HH,inputSearch_HH,id
SearchField_MCETime_HH,inputSearch_HH,id
SearchField_MCETime_MM,inputSearch_MM,id
SearchField_MCETime_MM,inputSearch_MM,id
SearchField_MCETime_SS,inputSearch_SS,id
SearchField_MCETime_SS,inputSearch_SS,id
SearchField_Name,search.name,id
SearchField_PasswordPolicyID,search.passwordPolicyId,id
SearchField_PriceLimitID,search.priceLimitsId,id
SearchField_PriceLimitName,search.name,id
SearchField_ProductGroupID,productGroup,id
SearchField_ReportingGroupID,search.reportingGroup,id
SearchField_ResultTable,tblQueryResult,id
SearchField_SearchButton,btnSearch,id
SearchField_SecCode,search.securityId,id
SearchField_SecName,search.securityName,id
SearchField_SecShortName,search.securityShortName,id
SearchField_SecurityAccessGroupID,search.securityAccessGroup,id
SearchField_SecurityAccessGroupName,search.name,id
SearchField_ShortSellRulesGroupID,search.shortsellParamsId,id
SearchField_ShortSellRulesGroupNames,search.name,id
SearchField_SpreadTableCode,search.spreadTableId,id
SearchField_TimetableID,search.timetableId,id
SearchField_TimetableName,search.name,id
SearchField_TradingRulesID,search.tradingRulesId,id
SearchField_TradingRulesName,search.name,id
SearchField_TransactionStatus,inputTransactionStatus,id
SearchField_VCMParamID,search.vcmParamsId,id
SearchField_VCMParamName,search.name,id
SearchField_FeeName,feeName,id
SearchField_UserID,userId,id
SearchField_RoleID,roleId,id
SearchField_DeptID,deptId,id
MaintainUpdateSecFreeText,//div[3]/div[4]/div,xpath
UpdPreTradingState_MenuButton,//div[3]/div[10]/div,xpath
ViewPasswordPolicy_MenuButton,//div[3]/div[8]/div,xpath
ViewProductType_MenuButton,//div[3]/div[9]/div,xpath
Search_ResultRow1,//td,xpath
PageAdmin_Warning_Yes,//p/span/button,xpath
PageAdmin_Warning_No,//p/button,xpath
PageAdmin_Error_Popup5,(//button[@id='btnDialogOk'])[5],xpath
PageAdmin_Error_Popup4,(//button[@id='btnDialogOk'])[4],xpath
PageAdmin_Error_Popup3,(//button[@id='btnDialogOk'])[3],xpath
PageAdmin_Error_Popup2,(//button[@id='btnDialogOk'])[2],xpath
PageAdmin_Error_Popup1,btnDialogOk,id
