MaintainThrottle_Display_CGClientID,outCompId,id
MaintainThrottle_Display_FirmCode,outFirmId,id
MaintainThrottle_Display_FirmName,outFirmName,id
MaintainThrottle_Display_TotalTOD,//div[6]/div/div[1]/label,xpath
MaintainThrottle_Display_NoofThrottleAsOfDate,//div[6]/div/div[2]/label,xpath
MaintainThrottle_Input_NoofThrottle,inputThrottles,id
MaintainThrottle_TODTable,tblTod,id
MaintainThrottle_Input_TODQty_Row1,//*[@id="tblTod"]/tbody/tr[1]/td[2]/input,xpath
MaintainThrottle_Input_TODQty_Row2,//*[@id="tblTod"]/tbody/tr[2]/td[2]/input,xpath
MaintainThrottle_Input_TODQty_Row3,//*[@id="tblTod"]/tbody/tr[3]/td[2]/input,xpath
MaintainThrottle_Input_TODQty_Row4,//*[@id="tblTod"]/tbody/tr[4]/td[2]/input,xpath
MaintainThrottle_Input_TODQty_Row5,//*[@id="tblTod"]/tbody/tr[5]/td[2]/input,xpath
MaintainThrottle_Input_TODQty_Row6,//*[@id="tblTod"]/tbody/tr[6]/td[2]/input,xpath
MaintainThrottle_Input_TODQty_Row7,//*[@id="tblTod"]/tbody/tr[7]/td[2]/input,xpath
MaintainThrottle_Input_TODQty_Row8,//*[@id="tblTod"]/tbody/tr[8]/td[2]/input,xpath
MaintainThrottle_Input_TODQty_Row9,//*[@id="tblTod"]/tbody/tr[9]/td[2]/input,xpath
MaintainThrottle_Input_TODQty_Row10,//*[@id="tblTod"]/tbody/tr[10]/td[2]/input,xpath
MaintainThrottle_Input_StartDate_Row1,//*[@id="tblTod"]/tbody/tr[1]/td[3]/input,xpath
MaintainThrottle_Input_StartDate_Row2,//*[@id="tblTod"]/tbody/tr[2]/td[3]/input,xpath
MaintainThrottle_Input_StartDate_Row3,//*[@id="tblTod"]/tbody/tr[3]/td[3]/input,xpath
MaintainThrottle_Input_StartDate_Row4,//*[@id="tblTod"]/tbody/tr[4]/td[3]/input,xpath
MaintainThrottle_Input_StartDate_Row5,//*[@id="tblTod"]/tbody/tr[5]/td[3]/input,xpath
MaintainThrottle_Input_StartDate_Row6,//*[@id="tblTod"]/tbody/tr[6]/td[3]/input,xpath
MaintainThrottle_Input_StartDate_Row7,//*[@id="tblTod"]/tbody/tr[7]/td[3]/input,xpath
MaintainThrottle_Input_StartDate_Row8,//*[@id="tblTod"]/tbody/tr[8]/td[3]/input,xpath
MaintainThrottle_Input_StartDate_Row9,//*[@id="tblTod"]/tbody/tr[9]/td[3]/input,xpath
MaintainThrottle_Input_StartDate_Row10,//*[@id="tblTod"]/tbody/tr[10]/td[3]/input,xpath
MaintainThrottle_Input_EndDate_Row1,//*[@id="tblTod"]/tbody/tr[1]/td[4]/input,xpath
MaintainThrottle_Input_EndDate_Row2,//*[@id="tblTod"]/tbody/tr[2]/td[4]/input,xpath
MaintainThrottle_Input_EndDate_Row3,//*[@id="tblTod"]/tbody/tr[3]/td[4]/input,xpath
MaintainThrottle_Input_EndDate_Row4,//*[@id="tblTod"]/tbody/tr[4]/td[4]/input,xpath
MaintainThrottle_Input_EndDate_Row5,//*[@id="tblTod"]/tbody/tr[5]/td[4]/input,xpath
MaintainThrottle_Input_EndDate_Row6,//*[@id="tblTod"]/tbody/tr[6]/td[4]/input,xpath
MaintainThrottle_Input_EndDate_Row7,//*[@id="tblTod"]/tbody/tr[7]/td[4]/input,xpath
MaintainThrottle_Input_EndDate_Row8,//*[@id="tblTod"]/tbody/tr[8]/td[4]/input,xpath
MaintainThrottle_Input_EndDate_Row9,//*[@id="tblTod"]/tbody/tr[9]/td[4]/input,xpath
MaintainThrottle_Input_EndDate_Row10,//*[@id="tblTod"]/tbody/tr[10]/td[4]/input,xpath
MaintainThrottle_OptList_TODStatus_Row1,//*[@id="tblTod"]/tbody/tr[1]/td[5]/select,xpath
MaintainThrottle_OptList_TODStatus_Row2,//*[@id="tblTod"]/tbody/tr[2]/td[5]/select,xpath
MaintainThrottle_OptList_TODStatus_Row3,//*[@id="tblTod"]/tbody/tr[3]/td[5]/select,xpath
MaintainThrottle_OptList_TODStatus_Row4,//*[@id="tblTod"]/tbody/tr[4]/td[5]/select,xpath
MaintainThrottle_OptList_TODStatus_Row5,//*[@id="tblTod"]/tbody/tr[5]/td[5]/select,xpath
MaintainThrottle_OptList_TODStatus_Row6,//*[@id="tblTod"]/tbody/tr[6]/td[5]/select,xpath
MaintainThrottle_OptList_TODStatus_Row7,//*[@id="tblTod"]/tbody/tr[7]/td[5]/select,xpath
MaintainThrottle_OptList_TODStatus_Row8,//*[@id="tblTod"]/tbody/tr[8]/td[5]/select,xpath
MaintainThrottle_OptList_TODStatus_Row9,//*[@id="tblTod"]/tbody/tr[9]/td[5]/select,xpath
MaintainThrottle_OptList_TODStatus_Row10,//*[@id="tblTod"]/tbody/tr[10]/td[5]/select,xpath
MaintainThrottle_CalendarIcon_StartDate_Row1,//*[@id="tblTod"]/tbody/tr[1]/td[3]/button,xpath
MaintainThrottle_CalendarIcon_StartDate_Row2,//*[@id="tblTod"]/tbody/tr[2]/td[3]/button,xpath
MaintainThrottle_CalendarIcon_StartDate_Row3,//*[@id="tblTod"]/tbody/tr[3]/td[3]/button,xpath
MaintainThrottle_CalendarIcon_StartDate_Row4,//*[@id="tblTod"]/tbody/tr[4]/td[3]/button,xpath
MaintainThrottle_CalendarIcon_StartDate_Row5,//*[@id="tblTod"]/tbody/tr[5]/td[3]/button,xpath
MaintainThrottle_CalendarIcon_StartDate_Row6,//*[@id="tblTod"]/tbody/tr[6]/td[3]/button,xpath
MaintainThrottle_CalendarIcon_StartDate_Row7,//*[@id="tblTod"]/tbody/tr[7]/td[3]/button,xpath
MaintainThrottle_CalendarIcon_StartDate_Row8,//*[@id="tblTod"]/tbody/tr[8]/td[3]/button,xpath
MaintainThrottle_CalendarIcon_StartDate_Row9,//*[@id="tblTod"]/tbody/tr[9]/td[3]/button,xpath
MaintainThrottle_CalendarIcon_StartDate_Row10,//*[@id="tblTod"]/tbody/tr[10]/td[3]/button,xpath
MaintainThrottle_CalendarIcon_EndDate_Row1,//*[@id="tblTod"]/tbody/tr[1]/td[4]/button,xpath
MaintainThrottle_CalendarIcon_EndDate_Row2,//*[@id="tblTod"]/tbody/tr[2]/td[4]/button,xpath
MaintainThrottle_CalendarIcon_EndDate_Row3,//*[@id="tblTod"]/tbody/tr[3]/td[4]/button,xpath
MaintainThrottle_CalendarIcon_EndDate_Row4,//*[@id="tblTod"]/tbody/tr[4]/td[4]/button,xpath
MaintainThrottle_CalendarIcon_EndDate_Row5,//*[@id="tblTod"]/tbody/tr[5]/td[4]/button,xpath
MaintainThrottle_CalendarIcon_EndDate_Row6,//*[@id="tblTod"]/tbody/tr[6]/td[4]/button,xpath
MaintainThrottle_CalendarIcon_EndDate_Row7,//*[@id="tblTod"]/tbody/tr[7]/td[4]/button,xpath
MaintainThrottle_CalendarIcon_EndDate_Row8,//*[@id="tblTod"]/tbody/tr[8]/td[4]/button,xpath
MaintainThrottle_CalendarIcon_EndDate_Row9,//*[@id="tblTod"]/tbody/tr[9]/td[4]/button,xpath
MaintainThrottle_CalendarIcon_EndDate_Row10,//*[@id="tblTod"]/tbody/tr[10]/td[4]/button,xpath
MaintainThrottle_EditButton_Row1,//*[@id="tblTod"]/tbody/tr[1]/td[6]/button,xpath
MaintainThrottle_EditButton_Row2,//*[@id="tblTod"]/tbody/tr[2]/td[6]/button,xpath
MaintainThrottle_EditButton_Row3,//*[@id="tblTod"]/tbody/tr[3]/td[6]/button,xpath
MaintainThrottle_EditButton_Row4,//*[@id="tblTod"]/tbody/tr[4]/td[6]/button,xpath
MaintainThrottle_EditButton_Row5,//*[@id="tblTod"]/tbody/tr[5]/td[6]/button,xpath
MaintainThrottle_EditButton_Row6,//*[@id="tblTod"]/tbody/tr[6]/td[6]/button,xpath
MaintainThrottle_EditButton_Row7,//*[@id="tblTod"]/tbody/tr[7]/td[6]/button,xpath
MaintainThrottle_EditButton_Row8,//*[@id="tblTod"]/tbody/tr[8]/td[6]/button,xpath
MaintainThrottle_EditButton_Row9,//*[@id="tblTod"]/tbody/tr[9]/td[6]/button,xpath
MaintainThrottle_EditButton_Row10,//*[@id="tblTod"]/tbody/tr[10]/td[6]/button,xpath