UpdateSecurity_Big5Name_1,acbd
UpdateSecurity_Big5Name_2,cdas
UpdateSecurity_Big5Name_3,dacd
UpdateSecurity_Big5Name_4,dcad
UpdateSecurity_Big5Name_5,adcs
UpdateSecurity_Big5Name_6,dcas
UpdateSecurity_Big5Name_7,dcss
UpdateSecurity_Big5Name_8,dcds
UpdateSecurity_Big5Name_9,ascs
UpdateSecurity_Big5Name_10,dcss
UpdateSecurity_Big5Name_11,asdw
UpdateSecurity_Big5Name_12,asdv
UpdateSecurity_Big5Name_13,ascr
UpdateSecurity_Big5Name_14,hgfh
UpdateSecurity_Big5Name_15,dfsd
UpdateSecurity_GBName_1,sdfg
UpdateSecurity_GBName_2,dfse
UpdateSecurity_GBName_3,sdfs
UpdateSecurity_GBName_4,sdfs
UpdateSecurity_GBName_5,scds
UpdateSecurity_GBName_6,sdfs
UpdateSecurity_GBName_7,sdfg
UpdateSecurity_GBName_8,sdfe
UpdateSecurity_GBName_9,sdjf
UpdateSecurity_GBName_10,asgc
UpdateSecurity_GBName_11,sdeh
UpdateSecurity_GBName_12,asrb
UpdateSecurity_GBName_13,savf
UpdateSecurity_GBName_14,sdaw
UpdateSecurity_GBName_15,sdfb
UpdateSecurity_StampDutyIndicator_Yes,Y-Yes
UpdateSecurity_StampDutyIndicator_No,N_No
UpdateSecurity_CCASSIndicator_Yes,Y-Yes
UpdateSecurity_CCASSIndicator_No,N_No
UpdateSec_DelistingDate_1,2018-02-10
UpdateSec_DelistingDate_1_original,2017-07-08
UpdateSec_DelistingDate_2_original, 
UpdateSecurity_ShortName_1,Test Security 1
UpdateSecurity_ShortName_1_original,WARRANT CBBC Test 1
UpdateSecurity_ShortName_2,Test Security 2
UpdateSecurity_ShortName_2_original,BOND 1
UpdateSecurity_ISIN_1,HS12345678
UpdateSecurity_ISIN_1_original, 
UpdateSecurity_ISIN_2_original,GB12345678
otpcAdmin_Warr_CBBC1,9000
otpcAdmin_Bond_1,8999
UpdateSecurityurity_Input_SecCode_1,6523
UpdateSecurityurity_Input_SecCode_2,6943
UpdateSecurityurity_Input_SecCode_3,5601
UpdateSecurityurity_Input_SecCode_4,12301
UpdateSecurity_Input_SecCode_1,3121
UpdateSec_ConversionRatio_1,12.5
UpdateSec_ConversionRatio_1_original,0
UpdateSec_FaceValue_1,100
UpdateSec_FaceValue_1_original,0
UpdateSec_FaceValueCurrency_1,GBP
UpdateSec_FaceValueCurrency_1_original,HKD
UpdateSecurity_Big5Name_original_1_1,asds
UpdateSecurity_Big5Name_original_1_2,asda
UpdateSecurity_Big5Name_original_1_3,asdc
UpdateSecurity_Big5Name_original_1_4,vxcv
UpdateSecurity_Big5Name_original_1_5,sdsd
UpdateSecurity_Big5Name_original_1_6,sdff
UpdateSecurity_Big5Name_original_1_7,sdfc
UpdateSecurity_Big5Name_original_1_8,sdfc
UpdateSecurity_Big5Name_original_1_9,sdfv
UpdateSecurity_Big5Name_original_1_10,sdfd
UpdateSecurity_Big5Name_original_1_11,sdfs
UpdateSecurity_Big5Name_original_1_12,scdf
UpdateSecurity_Big5Name_original_1_13,sdfs
UpdateSecurity_Big5Name_original_1_14,sdfs
UpdateSecurity_Big5Name_original_1_15,asda
UpdateSecurity_GBName_original_1_1,asda
UpdateSecurity_GBName_original_1_2,asda
UpdateSecurity_GBName_original_1_3,asda
UpdateSecurity_GBName_original_1_4,jkjk
UpdateSecurity_GBName_original_1_5,hbjh
UpdateSecurity_GBName_original_1_6,bjhj
UpdateSecurity_GBName_original_1_7,khgh
UpdateSecurity_GBName_original_1_8,jhkh
UpdateSecurity_GBName_original_1_9,bjhk
UpdateSecurity_GBName_original_1_10,jhjk
UpdateSecurity_GBName_original_1_11,jhjk
UpdateSecurity_GBName_original_1_12,hgjg
UpdateSecurity_GBName_original_1_13,hgju
UpdateSecurity_GBName_original_1_14,jhkj
UpdateSecurity_GBName_original_1_15,hjkj
UpdateSecurity_Big5Name_original_2_1,adfd
UpdateSecurity_Big5Name_original_2_2,sdfd
UpdateSecurity_Big5Name_original_2_3,sdfs
UpdateSecurity_Big5Name_original_2_4,sdfd
UpdateSecurity_Big5Name_original_2_5,sdfd
UpdateSecurity_Big5Name_original_2_6,sdfs
UpdateSecurity_Big5Name_original_2_7,sdfd
UpdateSecurity_Big5Name_original_2_8,sdfd
UpdateSecurity_Big5Name_original_2_9,sdfs
UpdateSecurity_Big5Name_original_2_10,sdfs
UpdateSecurity_Big5Name_original_2_11,sdfs
UpdateSecurity_Big5Name_original_2_12,sdfs
UpdateSecurity_Big5Name_original_2_13,sdfs
UpdateSecurity_Big5Name_original_2_14,asfg
UpdateSecurity_Big5Name_original_2_15,dfgd
UpdateSecurity_GBName_original_2_1,adfd
UpdateSecurity_GBName_original_2_2,adfd
UpdateSecurity_GBName_original_2_3,adfd
UpdateSecurity_GBName_original_2_4,adfd
UpdateSecurity_GBName_original_2_5,adfd
UpdateSecurity_GBName_original_2_6,adfd
UpdateSecurity_GBName_original_2_7,adfd
UpdateSecurity_GBName_original_2_8,adfd
UpdateSecurity_GBName_original_2_9,adfd
UpdateSecurity_GBName_original_2_10,adfd
UpdateSecurity_GBName_original_2_11,adfd
UpdateSecurity_GBName_original_2_12,adfd
UpdateSecurity_GBName_original_2_13,adfd
UpdateSecurity_GBName_original_2_14,adfd
UpdateSecurity_GBName_original_2_15,adfd
UpdateSec_Input_ShortName_1,BMO AP REAL EST
UpdateSec_Input_ISINCode_1,HK0000281011
UpdateSec_Input_EngName,BMO MSCI ASIA PACIFIC REAL ESTATE ETF
UpdateSecurity_Input_DelistingDate_incorrectDate_1,2017-13-45
UpdateSec_Input_FaceValue_Zero,0
UpdateSec_Input_Entitlement_1,10.2