MaintainBroker_Input_BrokerNo,inputBrokerId,id
MaintainBroker_OptList_RecordStatus,inputRecordStatus,id
MaintainBroker_Input_FirmCode,inputFirmId,id
MaintainBroker_Input_FirmName,inputFirmName,id
MaintainBroker_OptList_BrokerType,inputBrokerType,id
MaintainBroker_Input_CGClientID,inputCompId,id
MaintainBroker_Input_FreeText,freeText,id
MaintainBroker_OptList_SuspForAllMarket,inputIsSuspended,id
MaintainBroker_Input_DCClientID_Row1,//td[2]/input,xpath
MaintainBroker_Input_DCClientID_Row2,//*[@id="dclistTable"]/tr[2]/td[2]/input,xpath
MaintainBroker_Status,//td[3],xpath
MaintainBroker_Add_Button,//td[3],xpath
MaintainBroker_Delete_Button_Row1,//td[4]/span,xpath
MaintainBroker_DCClientTable,/html/body/div/div/div/section/div/div/div/form/div/div[10]/table/tbody/tr/td[1]/table,xpath