UpdateSec_Display_SecCode,outSecurityId,id
UpdateSec_Display_MarketSeg,outMarketCode,id
UpdateSec_Display_InstrType,outInstrumentType,id
UpdateSec_Display_,ReportingGp,outReportingGroup,id
UpdateSec_Input_ShortName,inputSecurityShortName,id
UpdateSec_Input_ISINCode,inputIsin,id
UpdateSec_Input_EngName,inputSecurityName,id
UpdateSec_Input_Big5Name_1,inputBig5Array01,id
UpdateSec_Input_Big5Name_2,inputBig5Array02,id
UpdateSec_Input_Big5Name_3,inputBig5Array03,id
UpdateSec_Input_Big5Name_4,inputBig5Array04,id
UpdateSec_Input_Big5Name_5,inputBig5Array05,id
UpdateSec_Input_Big5Name_6,inputBig5Array06,id
UpdateSec_Input_Big5Name_7,inputBig5Array07,id
UpdateSec_Input_Big5Name_8,inputBig5Array08,id
UpdateSec_Input_Big5Name_9,inputBig5Array09,id
UpdateSec_Input_Big5Name_10,inputBig5Array10,id
UpdateSec_Input_Big5Name_11,inputBig5Array11,id
UpdateSec_Input_Big5Name_12,inputBig5Array12,id
UpdateSec_Input_Big5Name_13,inputBig5Array13,id
UpdateSec_Input_Big5Name_14,inputBig5Array14,id
UpdateSec_Input_Big5Name_15,inputBig5Array15,id
UpdateSec_Input_GBName_1,inputGbArray01,id
UpdateSec_Input_GBName_2,inputGbArray02,id
UpdateSec_Input_GBName_3,inputGbArray03,id
UpdateSec_Input_GBName_4,inputGbArray04,id
UpdateSec_Input_GBName_5,inputGbArray05,id
UpdateSec_Input_GBName_6,inputGbArray06,id
UpdateSec_Input_GBName_7,inputGbArray07,id
UpdateSec_Input_GBName_8,inputGbArray08,id
UpdateSec_Input_GBName_9,inputGbArray09,id
UpdateSec_Input_GBName_10,inputGbArray10,id
UpdateSec_Input_GBName_11,inputGbArray11,id
UpdateSec_Input_GBName_12,inputGbArray12,id
UpdateSec_Input_GBName_13,inputGbArray13,id
UpdateSec_Input_GBName_14,inputGbArray14,id
UpdateSec_Input_GBName_15,inputGbArray15,id
UpdateSec_OptList_StampDutyIndicator,inputIsStampDutyAllowed,id
UpdateSec_OptList_CCASSIndicator,inputIsCcassEnabled,id
UpdateSec_CalendarIcon,btnOpenCalendar,id
UpdateSec_Input_DelistingDate,inputDelistingDate,id
UpdateSec_Input_ConversionRatio,inputCbbc_ConversionRatio,id
UpdateSec_Input_Entitlement,inputCbbc_Entitlement,id
UpdateSec_Input_NoOfWarrentPerEntitlement,inputCbbc_NumOfWarrantsPerEntitlement,id
UpdateSec_Input_FaceValue,inputBond_FaceValuePerTradingLot,id
UpdateSec_OptList_FaceValueCurrency,inputBond_FaceValueCurrency,id
UpdateSec_SecCode,outSecurityId,id
UpdateSec_CalendarIcon_Day_1,//td/button,xpath