MaintainProductGroup_Input_ProductGroupID,//div/input,xpath
MaintainProductGroup_OptList_RecordStatus,//div[2]/div[2]/select,xpath
MaintainProductGroup_OptList_MarketSegmentCode,//div[3]/div/select,xpath
MaintainProductGroup_Input_ProductGroupName,//div[4]/div/input,xpath
MaintainProductGroup_Input_ProductGroupDescription,//div[5]/div/input,xpath
MaintainProductGroup_OptList_FullDayTradingTimeTable,//div[6]/div/select,xpath
MaintainProductGroup_OptList_HalfDayTradingTimeTable,//div[7]/div/select,xpath
MaintainProductGroup_Input_CaptureTimeAM1_HH,//td[2]/input,xpath
MaintainProductGroup_Input_CaptureTimeAM1_MM,//input[2],xpath
MaintainProductGroup_Input_CaptureTimeAM1_SS,//input[3],xpath
MaintainProductGroup_Input_CaptureTimeAM2_HH,//td[3]/input,xpath
MaintainProductGroup_Input_CaptureTimeAM2_MM,//td[3]/input[2],xpath
MaintainProductGroup_Input_CaptureTimeAM2_SS,//td[3]/input[3],xpath
MaintainProductGroup_Input_CaptureTimeAM3_HH,//td[4]/input,xpath
MaintainProductGroup_Input_CaptureTimeAM3_MM,//td[4]/input[2],xpath
MaintainProductGroup_Input_CaptureTimeAM3_SS,//td[4]/input[3],xpath
MaintainProductGroup_Input_CaptureTimeAM4_HH,//td[5]/input,xpath
MaintainProductGroup_Input_CaptureTimeAM4_MM,//td[5]/input[2],xpath
MaintainProductGroup_Input_CaptureTimeAM4_SS,//td[5]/input[3],xpath
MaintainProductGroup_Input_CaptureTimeAM5_HH,//td[6]/input,xpath
MaintainProductGroup_Input_CaptureTimeAM5_MM,//td[6]/input[2],xpath
MaintainProductGroup_Input_CaptureTimeAM5_SS,//td[6]/input[3],xpath
MaintainProductGroup_Input_CaptureTimePM1_HH,//tr[2]/td[2]/input,xpath
MaintainProductGroup_Input_CaptureTimePM1_MM,//tr[2]/td[2]/input[2],xpath
MaintainProductGroup_Input_CaptureTimePM1_SS,//tr[2]/td[2]/input[3],xpath
MaintainProductGroup_Input_CaptureTimePM2_HH,//tr[2]/td[3]/input,xpath
MaintainProductGroup_Input_CaptureTimePM2_MM,//tr[2]/td[3]/input[2],xpath
MaintainProductGroup_Input_CaptureTimePM2_SS,//tr[2]/td[3]/input[3],xpath
MaintainProductGroup_Input_CaptureTimePM3_HH,//tr[2]/td[4]/input,xpath
MaintainProductGroup_Input_CaptureTimePM3_MM,//tr[2]/td[4]/input[2],xpath
MaintainProductGroup_Input_CaptureTimePM3_SS,//tr[2]/td[4]/input[3],xpath
MaintainProductGroup_Input_CaptureTimePM4_HH,//tr[2]/td[5]/input,xpath
MaintainProductGroup_Input_CaptureTimePM4_MM,//tr[2]/td[5]/input[2],xpath
MaintainProductGroup_Input_CaptureTimePM4_SS,//tr[2]/td[5]/input[3],xpath
MaintainProductGroup_Input_CaptureTimePM5_HH,//tr[2]/td[6]/input,xpath
MaintainProductGroup_Input_CaptureTimePM5_MM,//tr[2]/td[6]/input[2],xpath
MaintainProductGroup_Input_CaptureTimePM5_SS,//tr[2]/td[6]/input[3],xpath
MaintainProductGroup_OptList_TradingRulesID,//div[10]/div/select,xpath
MaintainProductGroup_OptList_PriceLimitID,//div[10]/div[2]/select,xpath
MaintainProductGroup_OptList_VCMParamID,//div[11]/div/select,xpath
MaintainProductGroup_OptList_CASParamID,//div[11]/div[2]/select,xpath
MaintainProductGroup_OptList_FeeID,//div[12]/div/select,xpath
MaintainProductGroup_OptList_ShortSellGgpID,//div[12]/div[2]/select,xpath
