otpcAdmin_Eqty_Ord121,7020
otpcAdmin_Eqty_Ord122,7021
otpcAdmin_Eqty_Ord123,7022
otpcAdmin_Eqty_Ord124,7023
otpcAdmin_Eqty_Ord125,7024
otpcAdmin_Eqty_Ord126,7025
otpcAdmin_Eqty_Ord127,7026
otpcAdmin_Eqty_Ord128,7027
otpcAdmin_Eqty_Ord129,7028
otpcAdmin_Eqty_Ord130,7029
otpcAdmin_Eqty_Ord131,7030
otpcAdmin_Eqty_Ord132,7031
otpcAdmin_Eqty_Ord133,7032
otpcAdmin_Eqty_Ord134,7033
otpcAdmin_Eqty_Ord135,7034
otpcAdmin_Eqty_Ord136,7035
otpcAdmin_Eqty_Ord137,7036
otpcAdmin_Eqty_Ord138,7037
otpcAdmin_Eqty_Ord139,7038
otpcAdmin_Eqty_Ord140,7039
otpcAdmin_Eqty_Ord141,7040
otpcAdmin_Eqty_Ord142,7041
otpcAdmin_Eqty_Ord143,7042
otpcAdmin_Eqty_Ord144,7043
otpcAdmin_Eqty_Ord145,7044
otpcAdmin_Eqty_Ord146,7045
otpcAdmin_Eqty_Ord147,7046
otpcAdmin_Eqty_Ord148,7047
otpcAdmin_Eqty_Ord149,7048
otpcAdmin_Eqty_Ord150,7049
otpcAdmin_Eqty_Ord151,7050
otpcAdmin_Eqty_Ord152,7051
otpcAdmin_Eqty_Ord153,7052
otpcAdmin_Eqty_Ord154,7053
otpcAdmin_Eqty_Ord155,7054
otpcAdmin_Eqty_Ord156,7055
otpcAdmin_Eqty_Ord157,7056
otpcAdmin_Eqty_Ord158,7057
otpcAdmin_Eqty_Ord159,7058
otpcAdmin_Eqty_Ord160,7059
otpcAdmin_Eqty_Ord161,7060
otpcAdmin_Eqty_Ord162,7061
otpcAdmin_Eqty_Ord163,7062
otpcAdmin_Eqty_Ord164,7063
otpcAdmin_Eqty_Ord165,7064
otpcAdmin_Eqty_Ord166,7065
otpcAdmin_Eqty_Ord167,7066
otpcAdmin_Eqty_Ord168,7067
otpcAdmin_Eqty_Ord169,7068
otpcAdmin_Eqty_Ord170,7069
otpcAdmin_Eqty_Ord171,7070
otpcAdmin_Eqty_Ord172,7071
otpcAdmin_Eqty_Ord173,7072
otpcAdmin_Eqty_Ord174,7073
otpcAdmin_Eqty_Ord175,7074
otpcAdmin_Eqty_Ord176,7075
otpcAdmin_Eqty_Ord177,7076
otpcAdmin_Eqty_Ord178,7077
otpcAdmin_Eqty_Ord179,7078
otpcAdmin_Eqty_Ord180,7079
otpcAdmin_Eqty_Ord181,7080
otpcAdmin_Eqty_Ord182,7081
otpcAdmin_Eqty_Ord183,7082
otpcAdmin_Eqty_Ord184,7083
otpcAdmin_Eqty_Ord185,7084
otpcAdmin_Eqty_Ord186,7085
otpcAdmin_Eqty_Ord187,7086
otpcAdmin_Eqty_Ord188,7087
otpcAdmin_Eqty_Ord189,7088
otpcAdmin_Eqty_Ord190,7089
otpcAdmin_Eqty_Ord191,7090
otpcAdmin_Eqty_Ord192,7091
otpcAdmin_Eqty_Ord193,7092
otpcAdmin_Eqty_Ord194,7093
otpcAdmin_Eqty_Ord195,7094
otpcAdmin_Eqty_Ord196,7095
otpcAdmin_Eqty_Ord197,7096
otpcAdmin_Eqty_Ord198,7097
otpcAdmin_Eqty_Ord199,7098
otpcAdmin_Eqty_Ord200,7099
otpcAdmin_Trst_ETF1,6506
otpcAdmin_Trst_ETF2,6507
otpcAdmin_Trst_ETF3,6508
otpcAdmin_Trst_ETF4,6516
otpcAdmin_Trst_ETF5,6517
otpcAdmin_Trst_ETF6,6524
otpcAdmin_Trst_ETF7,6525
otpcAdmin_Trst_ETF8,6532
otpcAdmin_Trst_ETF9,6533
otpcAdmin_Trst_ETF10,6540
otpcAdmin_Trst_ETF11,6541
otpcAdmin_Trst_ETF12,6548
otpcAdmin_Trst_ETF13,6549
otpcAdmin_Trst_ETF14,6556
otpcAdmin_Trst_ETF15,6557
otpcAdmin_Trst_ETF16,6564
otpcAdmin_Trst_ETF17,6565
otpcAdmin_Trst_ETF18,6574
otpcAdmin_Trst_ETF19,6575
otpcAdmin_Trst_ETF20,6576
otpcAdmin_Trst_ETF21,6582
otpcAdmin_Trst_ETF22,6583
otpcAdmin_Trst_ETF23,6592
otpcAdmin_Trst_ETF24,6594
otpcAdmin_Trst_ETF25,6596
otpcAdmin_Eqty_Ord41,6940
otpcAdmin_Eqty_Ord42,6941
otpcAdmin_Eqty_Ord43,6942
otpcAdmin_Eqty_Ord44,6943
otpcAdmin_Eqty_Ord45,6944
otpcAdmin_Eqty_Ord46,6945
otpcAdmin_Eqty_Ord47,6946
otpcAdmin_Eqty_Ord48,6947
otpcAdmin_Eqty_Ord49,6948
otpcAdmin_Eqty_Ord50,6949
otpcAdmin_Eqty_Ord51,6950
otpcAdmin_Eqty_Ord52,6951
otpcAdmin_Eqty_Ord53,6952
otpcAdmin_Eqty_Ord54,6953
otpcAdmin_Eqty_Ord55,6954
otpcAdmin_Eqty_Ord56,6955
otpcAdmin_Eqty_Ord57,6956
otpcAdmin_Eqty_Ord58,6957
otpcAdmin_Eqty_Ord59,6958
otpcAdmin_Eqty_Ord60,6959
otpcAdmin_Eqty_Ord61,6960
otpcAdmin_Eqty_Ord62,6961
otpcAdmin_Eqty_Ord63,6962
otpcAdmin_Eqty_Ord64,6963
otpcAdmin_Eqty_Ord65,6964
otpcAdmin_Eqty_Ord66,6965
otpcAdmin_Eqty_Ord67,6966
otpcAdmin_Eqty_Ord68,6967
otpcAdmin_Eqty_Ord69,6968
otpcAdmin_Eqty_Ord70,6969
otpcAdmin_Eqty_Ord71,6970
otpcAdmin_Eqty_Ord72,6971
otpcAdmin_Eqty_Ord73,6972
otpcAdmin_Eqty_Ord74,6973
otpcAdmin_Eqty_Ord75,6974
otpcAdmin_Eqty_Ord76,6975
otpcAdmin_Eqty_Ord77,6976
otpcAdmin_Eqty_Ord78,6977
otpcAdmin_Eqty_Ord79,6978
otpcAdmin_Eqty_Ord80,6979
otpcAdmin_Trst_ETF26,6503
otpcAdmin_Trst_ETF27,6504
otpcAdmin_Trst_ETF28,6505
otpcAdmin_Trst_ETF29,6514
otpcAdmin_Trst_ETF30,6515
otpcAdmin_Trst_ETF31,6522
otpcAdmin_Trst_ETF32,6523
otpcAdmin_Trst_ETF33,6530
otpcAdmin_Trst_ETF34,6531
otpcAdmin_Trst_ETF35,6538
otpcAdmin_Trst_ETF36,6539
otpcAdmin_Trst_ETF37,6546
otpcAdmin_Trst_ETF38,6547
otpcAdmin_Trst_ETF39,6554
otpcAdmin_Trst_ETF40,6555
otpcAdmin_Trst_ETF41,6562
otpcAdmin_Trst_ETF42,6563
otpcAdmin_Trst_ETF43,6571
otpcAdmin_Trst_ETF44,6572
otpcAdmin_Trst_ETF45,6573
otpcAdmin_Trst_ETF46,6581
otpcAdmin_Trst_ETF47,6585
otpcAdmin_Trst_ETF48,6587
otpcAdmin_Trst_ETF49,6589
otpcAdmin_Trst_ETF50,6591
otpcAdmin_Eqty_Ord1,6900
otpcAdmin_Eqty_Ord2,6901
otpcAdmin_Eqty_Ord3,6902
otpcAdmin_Eqty_Ord4,6903
otpcAdmin_Eqty_Ord5,6904
otpcAdmin_Eqty_Ord6,6905
otpcAdmin_Eqty_Ord7,6906
otpcAdmin_Eqty_Ord8,6907
otpcAdmin_Eqty_Ord9,6908
otpcAdmin_Eqty_Ord10,6909
otpcAdmin_Eqty_Ord11,6910
otpcAdmin_Eqty_Ord12,6911
otpcAdmin_Eqty_Ord13,6912
otpcAdmin_Eqty_Ord14,6913
otpcAdmin_Eqty_Ord15,6914
otpcAdmin_Eqty_Ord16,6915
otpcAdmin_Eqty_Ord17,6916
otpcAdmin_Eqty_Ord18,6917
otpcAdmin_Eqty_Ord19,6918
otpcAdmin_Eqty_Ord20,6919
otpcAdmin_Eqty_Ord21,6920
otpcAdmin_Eqty_Ord22,6921
otpcAdmin_Eqty_Ord23,6922
otpcAdmin_Eqty_Ord24,6923
otpcAdmin_Eqty_Ord25,6924
otpcAdmin_Eqty_Ord26,6925
otpcAdmin_Eqty_Ord27,6926
otpcAdmin_Eqty_Ord28,6927
otpcAdmin_Eqty_Ord29,6928
otpcAdmin_Eqty_Ord30,6929
otpcAdmin_Eqty_Ord31,6930
otpcAdmin_Eqty_Ord32,6931
otpcAdmin_Eqty_Ord33,6932
otpcAdmin_Eqty_Ord34,6933
otpcAdmin_Eqty_Ord35,6934
otpcAdmin_Eqty_Ord36,6935
otpcAdmin_Eqty_Ord37,6936
otpcAdmin_Eqty_Ord38,6937
otpcAdmin_Eqty_Ord39,6938
otpcAdmin_Eqty_Ord40,6939
otpcAdmin_Trst_ETF51,6500
otpcAdmin_Trst_ETF52,6501
otpcAdmin_Trst_ETF53,6502
otpcAdmin_Trst_ETF54,6512
otpcAdmin_Trst_ETF55,6513
otpcAdmin_Trst_ETF56,6520
otpcAdmin_Trst_ETF57,6521
otpcAdmin_Trst_ETF58,6528
otpcAdmin_Trst_ETF59,6529
otpcAdmin_Trst_ETF60,6536
otpcAdmin_Trst_ETF61,6537
otpcAdmin_Trst_ETF62,6544
otpcAdmin_Trst_ETF63,6545
otpcAdmin_Trst_ETF64,6552
otpcAdmin_Trst_ETF65,6553
otpcAdmin_Trst_ETF66,6560
otpcAdmin_Trst_ETF67,6561
otpcAdmin_Trst_ETF68,6568
otpcAdmin_Trst_ETF69,6569
otpcAdmin_Trst_ETF70,6570
otpcAdmin_Trst_ETF71,6580
otpcAdmin_Trst_ETF72,6584
otpcAdmin_Trst_ETF73,6586
otpcAdmin_Trst_ETF74,6588
otpcAdmin_Trst_ETF75,6590
otpcAdmin_Eqty_Ord81,6980
otpcAdmin_Eqty_Ord82,6981
otpcAdmin_Eqty_Ord83,6982
otpcAdmin_Eqty_Ord84,6983
otpcAdmin_Eqty_Ord85,6984
otpcAdmin_Eqty_Ord86,6985
otpcAdmin_Eqty_Ord87,6986
otpcAdmin_Eqty_Ord88,6987
otpcAdmin_Eqty_Ord89,6988
otpcAdmin_Eqty_Ord90,6989
otpcAdmin_Eqty_Ord91,6990
otpcAdmin_Eqty_Ord92,6991
otpcAdmin_Eqty_Ord93,6992
otpcAdmin_Eqty_Ord94,6993
otpcAdmin_Eqty_Ord95,6994
otpcAdmin_Eqty_Ord96,6995
otpcAdmin_Eqty_Ord97,6996
otpcAdmin_Eqty_Ord98,6997
otpcAdmin_Eqty_Ord99,6998
otpcAdmin_Eqty_Ord100,6999
otpcAdmin_Eqty_Ord101,7000
otpcAdmin_Eqty_Ord102,7001
otpcAdmin_Eqty_Ord103,7002
otpcAdmin_Eqty_Ord104,7003
otpcAdmin_Eqty_Ord105,7004
otpcAdmin_Eqty_Ord106,7005
otpcAdmin_Eqty_Ord107,7006
otpcAdmin_Eqty_Ord108,7007
otpcAdmin_Eqty_Ord109,7008
otpcAdmin_Eqty_Ord110,7009
otpcAdmin_Eqty_Ord111,7010
otpcAdmin_Eqty_Ord112,7011
otpcAdmin_Eqty_Ord113,7012
otpcAdmin_Eqty_Ord114,7013
otpcAdmin_Eqty_Ord115,7014
otpcAdmin_Eqty_Ord116,7015
otpcAdmin_Eqty_Ord117,7016
otpcAdmin_Eqty_Ord118,7017
otpcAdmin_Eqty_Ord119,7018
otpcAdmin_Eqty_Ord120,7019
otpcAdmin_Trst_ETF76,6509
otpcAdmin_Trst_ETF77,6510
otpcAdmin_Trst_ETF78,6511
otpcAdmin_Trst_ETF79,6518
otpcAdmin_Trst_ETF80,6519
otpcAdmin_Trst_ETF81,6526
otpcAdmin_Trst_ETF82,6527
otpcAdmin_Trst_ETF83,6534
otpcAdmin_Trst_ETF84,6535
otpcAdmin_Trst_ETF85,6542
otpcAdmin_Trst_ETF86,6543
otpcAdmin_Trst_ETF87,6550
otpcAdmin_Trst_ETF88,6551
otpcAdmin_Trst_ETF89,6558
otpcAdmin_Trst_ETF90,6559
otpcAdmin_Trst_ETF91,6566
otpcAdmin_Trst_ETF92,6567
otpcAdmin_Trst_ETF93,6577
otpcAdmin_Trst_ETF94,6578
otpcAdmin_Trst_ETF95,6579
otpcAdmin_Trst_ETF96,6593
otpcAdmin_Trst_ETF97,6595
otpcAdmin_Trst_ETF98,6597
otpcAdmin_Trst_ETF99,6598
otpcAdmin_Trst_ETF100,6599
otpcAdmin_Trst_ETF101,3175
otpcAdmin_Trst_ETF102,3177
otpcAdmin_Trst_ETF103,3180
otpcAdmin_Trst_ETF104,3188
otpcAdmin_Trst_ETF105,3199
otpcAdmin_Eqty_Ord201,2900
otpcAdmin_Eqty_Ord202,2902
otpcAdmin_Eqty_Ord203,2904
otpcAdmin_Eqty_Ord204,2906
otpcAdmin_Eqty_Ord205,2999
otpcAdmin_Trst_ETF105,6600
otpcAdmin_Trst_ETF106,6601
otpcAdmin_Trst_ETF107,6602
otpcAdmin_Trst_ETF108,6603
otpcAdmin_Trst_ETF109,6604
otpcAdmin_Trst_ETF110,6605
otpcAdmin_Trst_ETF111,6606
otpcAdmin_Trst_ETF112,6607
otpcAdmin_Trst_ETF113,6608
otpcAdmin_Trst_ETF114,6609
otpcAdmin_Trst_ETF115,6610
otpcAdmin_Trst_ETF116,6611
otpcAdmin_Trst_ETF117,6612
otpcAdmin_Trst_ETF118,6613
otpcAdmin_Trst_ETF119,6614
otpcAdmin_Trst_ETF120,6615
otpcAdmin_Trst_ETF121,6616
otpcAdmin_Trst_ETF122,6617
otpcAdmin_Trst_ETF123,6618
otpcAdmin_Trst_ETF124,6619
otpcAdmin_Trst_ETF125,6620
otpcAdmin_Trst_ETF126,6621
otpcAdmin_Trst_ETF127,6622
otpcAdmin_Trst_ETF128,6623
otpcAdmin_Trst_ETF129,6624
otpcAdmin_Trst_ETF130,6625
otpcAdmin_Trst_ETF131,6626
otpcAdmin_Trst_ETF132,6627
otpcAdmin_Trst_ETF133,6628
otpcAdmin_Trst_ETF134,6629
otpcAdmin_Trst_ETF135,6630
otpcAdmin_Trst_ETF136,6631
otpcAdmin_Trst_ETF137,6632
otpcAdmin_Trst_ETF138,6633
otpcAdmin_Trst_ETF139,6634
otpcAdmin_Trst_ETF140,6635
otpcAdmin_Trst_ETF141,6636
otpcAdmin_Trst_ETF142,6637
otpcAdmin_Trst_ETF143,6638
otpcAdmin_Trst_ETF144,6639
otpcAdmin_Trst_ETF145,6640
otpcAdmin_Trst_ETF146,6641
otpcAdmin_Trst_ETF147,6642
otpcAdmin_Trst_ETF148,6643
otpcAdmin_Trst_ETF149,6644
otpcAdmin_Trst_ETF150,6645
otpcAdmin_Trst_ETF151,6646
otpcAdmin_Trst_ETF152,6647
otpcAdmin_Trst_ETF153,6648
otpcAdmin_Trst_ETF154,6649
otpcAdmin_Trst_ETF155,6650
otpcAdmin_Trst_ETF156,6651
otpcAdmin_Trst_ETF157,6652
otpcAdmin_Trst_ETF158,6653
otpcAdmin_Trst_ETF159,6654
otpcAdmin_Trst_ETF160,6655
otpcAdmin_Trst_ETF161,6656
otpcAdmin_Trst_ETF162,6657
otpcAdmin_Trst_ETF163,6658
otpcAdmin_Trst_ETF164,6659
otpcAdmin_Trst_ETF165,6660
otpcAdmin_Trst_ETF166,6661
otpcAdmin_Trst_ETF167,6662
otpcAdmin_Trst_ETF168,6663
otpcAdmin_Trst_ETF169,6664
otpcAdmin_Trst_ETF170,6665
otpcAdmin_Trst_ETF171,6666
otpcAdmin_Trst_ETF172,6667
otpcAdmin_Trst_ETF173,6668
otpcAdmin_Trst_ETF174,6669
otpcAdmin_Trst_ETF175,6670
otpcAdmin_Trst_ETF176,6671
otpcAdmin_Trst_ETF177,6672
otpcAdmin_Trst_ETF178,6673
otpcAdmin_Trst_ETF179,6674
otpcAdmin_Trst_ETF180,6675
otpcAdmin_Trst_ETF181,6676
otpcAdmin_Trst_ETF182,6677
otpcAdmin_Trst_ETF183,6678
otpcAdmin_Trst_ETF184,6679
otpcAdmin_Trst_ETF185,6680
otpcAdmin_Trst_ETF186,6681
otpcAdmin_Trst_ETF187,6682
otpcAdmin_Trst_ETF188,6683
otpcAdmin_Trst_ETF189,6684
otpcAdmin_Trst_ETF190,6685
otpcAdmin_Trst_ETF191,6686
otpcAdmin_Trst_ETF192,6687
otpcAdmin_Trst_ETF193,6688
otpcAdmin_Trst_ETF194,6689
otpcAdmin_Trst_ETF195,6690
otpcAdmin_Trst_ETF196,6691
otpcAdmin_Trst_ETF197,6692
otpcAdmin_Trst_ETF198,6693
otpcAdmin_Trst_ETF199,6694
otpcAdmin_Trst_ETF200,6695
otpcAdmin_Trst_ETF201,6696
otpcAdmin_Trst_ETF202,6697
otpcAdmin_Trst_ETF203,6698
otpcAdmin_Trst_ETF204,6699
otpcAdmin_Eqty_Ord206,7100
otpcAdmin_Eqty_Ord207,7101
otpcAdmin_Eqty_Ord208,7102
otpcAdmin_Eqty_Ord209,7103
otpcAdmin_Eqty_Ord210,7104
otpcAdmin_Eqty_Ord211,7105
otpcAdmin_Eqty_Ord212,7106
otpcAdmin_Eqty_Ord213,7107
otpcAdmin_Eqty_Ord214,7108
otpcAdmin_Eqty_Ord215,7109
otpcAdmin_Eqty_Ord216,7110
otpcAdmin_Eqty_Ord217,7111
otpcAdmin_Eqty_Ord218,7112
otpcAdmin_Eqty_Ord219,7113
otpcAdmin_Eqty_Ord220,7114
otpcAdmin_Eqty_Ord221,7115
otpcAdmin_Eqty_Ord222,7116
otpcAdmin_Eqty_Ord223,7117
otpcAdmin_Eqty_Ord224,7118
otpcAdmin_Eqty_Ord225,7119
otpcAdmin_Eqty_Ord226,7120
otpcAdmin_Eqty_Ord227,7121
otpcAdmin_Eqty_Ord228,7122
otpcAdmin_Eqty_Ord229,7123
otpcAdmin_Eqty_Ord230,7124
otpcAdmin_Eqty_Ord231,7125
otpcAdmin_Eqty_Ord232,7126
otpcAdmin_Eqty_Ord233,7127
otpcAdmin_Eqty_Ord234,7128
otpcAdmin_Eqty_Ord235,7129
otpcAdmin_Eqty_Ord236,7130
otpcAdmin_Eqty_Ord237,7131
otpcAdmin_Eqty_Ord238,7132
otpcAdmin_Eqty_Ord239,7133
otpcAdmin_Eqty_Ord240,7134
otpcAdmin_Eqty_Ord241,7135
otpcAdmin_Eqty_Ord242,7136
otpcAdmin_Eqty_Ord243,7137
otpcAdmin_Eqty_Ord244,7138
otpcAdmin_Eqty_Ord245,7139
otpcAdmin_Eqty_Ord246,7140
otpcAdmin_Eqty_Ord247,7141
otpcAdmin_Eqty_Ord248,7142
otpcAdmin_Eqty_Ord249,7143
otpcAdmin_Eqty_Ord250,7144
otpcAdmin_Eqty_Ord251,7145
otpcAdmin_Eqty_Ord252,7146
otpcAdmin_Eqty_Ord253,7147
otpcAdmin_Eqty_Ord254,7148
otpcAdmin_Eqty_Ord255,7149
otpcAdmin_Eqty_Ord256,7150
otpcAdmin_Eqty_Ord257,7151
otpcAdmin_Eqty_Ord258,7152
otpcAdmin_Eqty_Ord259,7153
otpcAdmin_Eqty_Ord260,7154
otpcAdmin_Eqty_Ord261,7155
otpcAdmin_Eqty_Ord262,7156
otpcAdmin_Eqty_Ord263,7157
otpcAdmin_Eqty_Ord264,7158
otpcAdmin_Eqty_Ord265,7159
otpcAdmin_Eqty_Ord266,7160
otpcAdmin_Eqty_Ord267,7161
otpcAdmin_Eqty_Ord268,7162
otpcAdmin_Eqty_Ord269,7163
otpcAdmin_Eqty_Ord270,7164
otpcAdmin_Eqty_Ord271,7165
otpcAdmin_Eqty_Ord272,7166
otpcAdmin_Eqty_Ord273,7167
otpcAdmin_Eqty_Ord274,7168
otpcAdmin_Eqty_Ord275,7169
otpcAdmin_Eqty_Ord276,7170
otpcAdmin_Eqty_Ord277,7171
otpcAdmin_Eqty_Ord278,7172
otpcAdmin_Eqty_Ord279,7173
otpcAdmin_Eqty_Ord280,7174
otpcAdmin_Eqty_Ord281,7175
otpcAdmin_Eqty_Ord282,7176
otpcAdmin_Eqty_Ord283,7177
otpcAdmin_Eqty_Ord284,7178
otpcAdmin_Eqty_Ord285,7179
otpcAdmin_Eqty_Ord286,7180
otpcAdmin_Eqty_Ord287,7181
otpcAdmin_Eqty_Ord288,7182
otpcAdmin_Eqty_Ord289,7183
otpcAdmin_Eqty_Ord290,7184
otpcAdmin_Eqty_Ord291,7185
otpcAdmin_Eqty_Ord292,7186
otpcAdmin_Eqty_Ord293,7187
otpcAdmin_Eqty_Ord294,7188
otpcAdmin_Eqty_Ord295,7189
otpcAdmin_Eqty_Ord296,7190
otpcAdmin_Eqty_Ord297,7191
otpcAdmin_Eqty_Ord298,7192
otpcAdmin_Eqty_Ord299,7193
otpcAdmin_Eqty_Ord300,7194
otpcAdmin_Eqty_Ord301,7195
otpcAdmin_Eqty_Ord302,7196
otpcAdmin_Eqty_Ord303,7197
otpcAdmin_Eqty_Ord304,7198
otpcAdmin_Eqty_Ord305,7199
