MaintainPriceLimitGroup_PriceLimitGroupID_3,12
PriceLimitGroup_name_1,PriceLimitGrp2,12
MaintainPriceLimitGroup_Desc_Alpha_65,ABCDEABCDEABCDEABCDEABCDEABCDEABCDEABCDEABCDEABCDEABCDEABCDEABCDE
MaintainPriceLimitGroup_Desc_1,ABC1234567
MaintainPriceLimitGroup_Input_PriceLimitUpper_2,30
MaintainPriceLimitGroup_Input_PriceLimitLower_2,20
MaintainPriceLimitGroup_RecordStatus_Delete,D - Delete
MaintainPriceLimitGroup_RecordStatus_Active,A - Active
MaintainPriceLimitGroup_GroupID_1,4
MaintainPriceLimitGroup_GroupName_1,Price Limit Group 4
MaintainPriceLimitGroup_Desc_2,Price Limit Group 4
MaintainPriceLimitGroup_PriceLimitLower_1,10
MaintainPriceLimitGroup_PriceLimitUpper_1,10