MaintainBizFunction_Input_BizFunctionGroupID,inputBizFuncsAllowedGrpId,id
MaintainBizFunction_Input_BizFunctionGroupName,inputName,id
MaintainBizFunction_OptList_RecordStatus,inputRecordStatus,id
MaintainBizFunction_Input_BizFunctionGroupDes,inputDescription,id
MaintainBizFunction_OptList_LimitOrderAllowed,inputIsLoAllowed,id
MaintainBizFunction_OptList_IsAloAllowed,inputIsAloAllowed,id
MaintainBizFunction_OptList_SpecialLimitOrderAllowed,inputIsSloAllowed,id
MaintainBizFunction_OptList_AtAuctionOrderAllowed,inputisAoAllowed,id
MaintainBizFunction_OptList_EnhancedLimitOrderAllowed,inputIsEloAllowed,id
MaintainBizFunction_OptList_ManualTradeReportAllowed,inputIsTcrReportingAllowed,id
MaintainBizFunction_OptList_ReceiveManualTradeAllowed,inputIsTcrCounterpartyAllowed,id
MaintainBizFunction_OptList_IsTcrDirectAllowed,inputIsTcrDirectAllowed,id
MaintainBizFunction_OptList_IsSemiAutoTradeAllowed,inputIsSemiAutoTradeAllowed,id
MaintainBizFunction_OptList_IsSemiAutoOrderAllowed,inputIsSemiAutoOrderAllowed,id
MaintainBizFunction_OptList_QuoteFunctionsAllowed,inputQuoteFunctionsAllowed,id
