MaintainMemberFirm_Search_PageOpt,//select,xpath
MaintainMemberFirm_Search_ResultRow_1,//td,xpath
MaintainMemberFirm_Search_ResultTable,//div/div[2]/div,xpath
MaintainMemberFirm_PageName,header_row_2,id
MaintainMemberFirm_Input_FirmCode,//div/input,xpath
MaintainMemberFirm_Input_FirmName,//div[3]/div/input,xpath
MaintainMemberFirm_OptList_RecordStatus,//div[4]/div/select,xpath
MaintainMemberFirm_Edit_FirstRow,//td[6]/button,xpath
MaintainMemberFirm_OptList_Suspended,//div[5]/div/select,xpath
MaintainMemberFirm_OptList_FirmType,//div[6]/div/select,xpath
MaintainMemberFirm_OptList_BrokerIDSpecified,//div[7]/div/select,xpath
MaintainMemberFirm_OptList_ShortSellAllowed,//div[8]/div/select,xpath
MaintainMemberFirm_OptList_BuyOrder,//div[9]/div/select,xpath
MaintainMemberFirm_OptList_SellOrder,//div[10]/div/select,xpath
MaintainMemberFirm_OptList_NotionalApplicable,//div[11]/div/select,xpath
MaintainMemberFirm_Input_NotionalValue,//div[12]/div/input,xpath
MaintainMemberFirm_Input_NumOfBrokerID,//div[13]/div,xpath
MaintainMemberFirm_Button_Edit,//div[2]/button,xpath
MaintainMemberFirm_Button_Submit,//div[2]/button,xpath
MaintainMemberFirm_Button_Cancel,//div[2]/button[2],xpath
MaintainMemberFirm_checkbox_checked,//table[@id='tblBrokerData1']/tbody/tr[10]/td/label/input,xpath
MaintainMemberFirm_checkbox_nochecked,//table[@id='tblBrokerData1']/tbody/tr/td/label/input,xpath
MaintainMemberFirm_radio_checked,isCxlAllOrder,id
MaintainMemberFirm_radio_nochecked,isNoCxlAllOrder2,id