MaintainMarketSegment_MarketSegmentCode,MAIN
MaintainMarketSegment_TradingRule,12 - prod
MaintainMarketSegment_VcmParamsGrp,7 - vcmParamGrp7
MaintainMarketSegment_TradingRule,12 - prod
MaintainMarketSegment_MarketSegmentCode_Create,TEST
MaintainMarketSegment_MarketSegmentCode_Delete,DELT
MaintainMarketSegment_Name_Create,TEST
MaintainMarketSegment_Name_Delete,MAINDELETE
MaintainMarketSegment_MIC_Create,XHKG
MaintainMarketSegment_Desc_Create,MAINTEST Board
MaintainMarketSegment_Desc_Delete,MAINTEST Board Delete
MaintainMarketSegment_CurrencyCode_Create,HKD
MaintainMarketSegment_CurrencyCode_Create2,CNY
MaintainMarketSegment_CalendarCode_Create,HK
MaintainMarketSegment_PriceWarningSpreads_Create,10
MaintainMarketSegment_ELOMatchableSpreads_Create,10
MaintainMarketSegment_PriceWarningDuration_Create,10
MaintainMarketSegment_SLOMatchableSpreads_Create,10
MaintainMarketSegment_Select_FullDayTradingTimeTable_Create,1 - TT_1
MaintainMarketSegment_Select_HalfDayTradingTimeTable_Create,3 - TT_3
MaintainMarketSegment_Morning_SnapshotTimeHour1_Create,11
MaintainMarketSegment_Morning_SnapshotTimeMinute1_Create,59
MaintainMarketSegment_Morning_SnapshotTimeSecond1_Create,00
MaintainMarketSegment_Morning_SnapshotTimeHour2_Create,11
MaintainMarketSegment_Morning_SnapshotTimeMinute2_Create,59
MaintainMarketSegment_Morning_SnapshotTimeSecond2_Create,15
MaintainMarketSegment_Morning_SnapshotTimeHour3_Create,11
MaintainMarketSegment_Morning_SnapshotTimeMinute3_Create,59
MaintainMarketSegment_Morning_SnapshotTimeSecond3_Create,30
MaintainMarketSegment_Morning_SnapshotTimeHour4_Create,11
MaintainMarketSegment_Morning_SnapshotTimeMinute4_Create,59
MaintainMarketSegment_Morning_SnapshotTimeSecond4_Create,45
MaintainMarketSegment_Morning_SnapshotTimeHour5_Create,12
MaintainMarketSegment_Morning_SnapshotTimeMinute5_Create,00
MaintainMarketSegment_Morning_SnapshotTimeSecond5_Create,00
MaintainMarketSegment_Afternoon_SnapshotTimeHour1_Create,15
MaintainMarketSegment_Afternoon_SnapshotTimeMinute1_Create,59
MaintainMarketSegment_Afternoon_SnapshotTimeSecond1_Create,00
MaintainMarketSegment_Afternoon_SnapshotTimeHour2_Create,15
MaintainMarketSegment_Afternoon_SnapshotTimeMinute2_Create,59
MaintainMarketSegment_Afternoon_SnapshotTimeSecond2_Create,15
MaintainMarketSegment_Afternoon_SnapshotTimeHour3_Create,15
MaintainMarketSegment_Afternoon_SnapshotTimeMinute3_Create,59
MaintainMarketSegment_Afternoon_SnapshotTimeSecond3_Create,30
MaintainMarketSegment_Afternoon_SnapshotTimeHour4_Create,15
MaintainMarketSegment_Afternoon_SnapshotTimeMinute4_Create,59
MaintainMarketSegment_Afternoon_SnapshotTimeSecond4_Create,45
MaintainMarketSegment_Afternoon_SnapshotTimeHour5_Create,16
MaintainMarketSegment_Afternoon_SnapshotTimeMinute5_Create,00
MaintainMarketSegment_Afternoon_SnapshotTimeSecond5_Create,00
MaintainMarketSegment_Select_TradingRules_Create,1 - Trading Rule Group 1
MaintainMarketSegment_Select_SSGroupID_Create,1 - Short Sell Group 1
MaintainMarketSegment_Select_VcmParamsGrp_Create,2 - VCM Group2
MaintainMarketSegment_Select_CASParamGrp_Create,1 - CAS Params Group 1
MaintainMarketSegment_Select_PriceLimit_Create,1 - PriceLimitGrp1
MaintainMarketSegment_Select_FeeId_Create,1 - Fee Group 1
MaintainMarketSegment_Select_FeeId2_Create,2 - Fee Group2