CxlBrokerOrders_Display_BrokerNo,inputBrokerId,id
CxlBrokerOrders_Display_FirmName,inputFirmName,id
CxlBrokerOrders_RadioButton_MarketSeg,orderByM,id
CxlBrokerOrders_OptList_MarketSeg,inputMarketSegment,id
CxlBrokerOrders_RadioButton_SecCode,orderByS,id
CxlBrokerOrders_Input_SecCode,inputSecurityId,id
CxlBrokerOrders_OptList_OrderSide,inputOrderSize,id
CxlBrokerOrders_RadioButton_YesCxlAll,isCancelAll,id
CxlBrokerOrders_RadioButton_NoCxlAll,isNoCancelAll,id
CxlBrokerOrders_SearchButton_OrderSearch,btnSearch,id
CxlBrokerOrders_Clear_Button,btnClear,id
CxlBrokerOrders_OrderTable_Row1,colsel_0,id
CxlBrokerOrders_OrderTable,btnQueryResult,id

