MaintainSpreadTable_RecordStatus_Active,A - Active
MaintainSpreadTable_RecordStatus_Delete,D - Deleted
MaintainSpreadTable_PriceTo_Row1_1,20
MaintainSpreadTable_PriceTo_Row2_1,40
MaintainSpreadTable_PriceTo_Row3_1,60
MaintainSpreadTable_PriceTo_Row4_1,80
MaintainSpreadTable_PriceTo_Row5_1,100
MaintainSpreadTable_SpreadValue_Row1_1,0.125
MaintainSpreadTable_SpreadValue_Row2_1,0.125
MaintainSpreadTable_SpreadValue_Row3_1,0.125
MaintainSpreadTable_SpreadValue_Row4_1,0.125
MaintainSpreadTable_SpreadValue_Row5_1,0.125
MaintainSpreadTable_SpreadTableCode_1,4
MaintainSpreadTable_MaxDPAllowed_1,3
MaintainSpreadTable_AbsMinPrice_1,0
MaintainSpreadTable_AbsMaxPrice_1,100
MaintainSpreadTable_PriceFrom_1,0
MaintainSpreadTable_PriceTo_Row1_2,20
MaintainSpreadTable_PriceTo_Row2_2,40
MaintainSpreadTable_PriceTo_Row3_2,60
MaintainSpreadTable_PriceTo_Row4_2,80
MaintainSpreadTable_PriceTo_Row5_2,100
MaintainSpreadTable_SpreadValue_Row1_2,0.5
MaintainSpreadTable_SpreadValue_Row2_2,0.5
MaintainSpreadTable_SpreadValue_Row3_2,0.5
MaintainSpreadTable_SpreadValue_Row4_2,0.5
MaintainSpreadTable_SpreadValue_Row5_2,0.5
MaintainSpreadTable_MaxDPAllowed_2,4
MaintainSpreadTable_AbsMinPrice_2,10
MaintainSpreadTable_AbsMaxPrice_2,120
MaintainSpreadTable_PriceFrom_2,5
MaintainSpreadTable_SpreadTableCodeName_1,Spread Table 04