MaintainSecurityAccessGroup_Display_AccessGroupID,//div[2]/div/div/input,xpath
MaintainSecurityAccessGroup_Display_EditAccessGroupID,//div/span,xpath
MaintainSecurityAccessGroup_OptList_EditRecordStatus,//select,xpath
MaintainSecurityAccessGroup_Input_AccessGroupID,//div/input,id
MaintainSecurityAccessGroup_Input_AccessGroupName,//div[2]/div/div/input,xpath
MaintainSecurityAccessGroup_Input_AccessGroupDescription,//div[3]/div/div/input,xpath
MaintainSecurityAccessGroup_Input_SecurityCode,//div[4]/div/p/input,xpath
MaintainSecurityAccessGroup_Display_SecurityName,//p/span,xpath
MaintainSecurityAccessGroup_Input_NumOfSecurity,//p/input,id
MaintainSecurityAccessGroup_OptList_RecordStatus,//form/div/div/select,xpath
MaintainSecurityAccessGroup_OptList_Reserved,//div[2]/div/p/select,xpath
MaintainSecurityAccessGroup_Button_Add,//div[3]/button,xpath
MaintainSecurityAccessGroup_Button_Delete,//div[3]/button[2],xpath
MaintainSecurityAccessGroup_Button_Submit,//div[7]/button,xpath
MaintainSecurityAccessGroup_Button_Cancel,//div[7]/button[2],xpath


