ActSusBroker_Search_BrokerNo_1,07101
ActSusBroker_Search_BrokerNo_2,07102
ActSusBroker_Search_BrokerNo_3,07103
ActSusBroker_Search_BrokerNo_4,07104
ActSusBroker_Search_BrokerNo_5,07105
ActSusBroker_Search_BrokerNo_6,07106
ActSusBroker_Search_BrokerNo_7,07201
ActSusBroker_Search_BrokerNo_8,07202
ActSusBroker_BrokerStatus_Active,BROKER IS CURRENTLY ACTIVE
ActSusBroker_BrokerStatus_Suspend,BROKER IS CURRENTLY SUSPEND
ActSusBroker_SuspendAllMarkets_Yes,Y - Yes
ActSusBroker_SuspendAllMarkets_No,N - No
ActSusBroker_ErrMsg_ParameterNotChange_Value,Parameter isSuspended is not change.
