MaintainTradingRulesGroup_Id,12
MaintainTradingRulesGroup_Name,prod
MaintainTradingRulesGroup_Desc,trading rules group 12
MaintainTradingRulesGroup_InitPermittedSpreads,9999
MaintainTradingRulesGroup_SubPermittedSpreads,99
MaintainTradingRulesGroup_TradeSpreads,25
MaintainTradingRulesGroup_OddLotSize,1
MaintainTradingRulesGroup_OpenQuotRuleSuspInterval,0
MaintainTradingRulesGroup_RecordStatus_Delete,D - Deleted
MaintainTradingRulesGroup_RecordStatus_Active,A - Active
MaintainTradingRulesGroup_ShouldResetClosingPrice_Yes,Y - Yes
MaintainTradingRulesGroup_ShouldResetClosingPrice_No,N - No
MaintainTradingRulesGroup_InitPermittedSpreads_Modify,10000
MaintainTradingRulesGroup_SubPermittedSpreads_Modify,100
MaintainTradingRulesGroup_TradeSpreads_Modify,20
MaintainTradingRulesGroup_OddLotSize_Modify,10
MaintainTradingRulesGroup_OpenQuotRuleSuspInterval_Modify,1
MaintainTradingRulesGroup_Id_Remove,13
MaintainTradingRulesGroup_Name_Remove,prod13
MaintainTradingRulesGroup_Desc_Remove,trading rules group 13
MaintainTradingRulesGroup_InitPermittedSpreads_Remove,9999
MaintainTradingRulesGroup_SubPermittedSpreads_Remove,99
MaintainTradingRulesGroup_TradeSpreads_Remove,25
MaintainTradingRulesGroup_OddLotSize_Remove,1
MaintainTradingRulesGroup_OpenQuotRuleSuspInterval_Remove,0
MaintainTradingRulesGroup_GpID_1,3
MaintainTradingRulesGroup_GpName_1,Trading Rule Group 3
MaintainTradingRulesGroup_Desc_1,Trading Rule Group 3
MaintainTradingRulesGroup_InitPermitSpreads_1,24
MaintainTradingRulesGroup_SubseqPermitSpreads_1,24
MaintainTradingRulesGroup_TradeSpreads_1,24
MaintainTradingRulesGroup_OddLotSize_1,1
MaintainTradingRulesGroup_OpenRuleSusInterval_1,0