MaintainTradingRulesGroup_Input_Id,//div/input,xpath
MaintainTradingRulesGroup_Input_Name,//div[2]/div/input,xpath
MaintainTradingRulesGroup_Input_Desc,//div[3]/div/input,xpath
MaintainTradingRulesGroup_OptList_RecordStatus,//select,xpath
MaintainTradingRulesGroup_Input_InitPermittedSpreads,//div[5]/div/input,xpath
MaintainTradingRulesGroup_Input_SubPermittedSpreads,//div[6]/div/input,xpath
MaintainTradingRulesGroup_Input_TradeSpreads,//div[7]/div/input,xpath
MaintainTradingRulesGroup_Input_OddLotSize,//div[8]/div/input,xpath
MaintainTradingRulesGroup_OptList_ShouldResetClosingPrice,//div[9]/div/select,xpath
MaintainTradingRulesGroup_Input_OpeningRuleSuspInterval,//div[10]/div/input,xpath