InitiateAction_Input_ActListCode,search.action_list_id,id
InitiateAction_Add_Button,//div[2]/button,xpath
InitiateAction_OptList_Action,//select,xpath
InitiateAction_OptList_Exclude_Row1,//select,xpath
InitiateAction_OptList_TradeSus_ApplyImmediately,//div[2]/table/tbody/tr/td[2]/select,xpath
InitiateAction_Input_TradeSus_HH,//td[2]/input[1],xpath
InitiateAction_Input_TradeSus_MM,//td[2]/input[2],xpath
InitiateAction_Input_ART_HH,//td[2]/input[1],xpath
InitiateAction_Input_ART_MM,//td[2]/input[2],xpath
InitiateAction_ART_FileUploadButton,btnUpload,id
InitiateAction_OptList_TradeResume_ApplyImmediately,//div[2]/table/tbody/tr[1]/td[2]/select,xpath
InitiateAction_Input_TradeResume_HH,//td[2]/input[1],xpath
InitiateAction_Input_TradeResume_MM,//td[2]/input[2],xpath
InitiateAction_OptList_TradeResume_AuctionTB,//tr[2]/td[4]/select,xpath
InitiateAction_Display_ART,//tr[3]/td[2],xpath
InitiateAction_Input_MSA_HH,//td[2]/input[1],xpath
InitiateAction_Input_MSA_MM,//td[2]/input[2],xpath
InitiateAction_OptList_MSA_AuctionTB,//td[4]/select,xpath
InitiateAction_Input_SecCodeSearch,//div/input,xpath
InitiateAction_Display_NoOfSelectedAL,//table[2]/tbody/tr[1]/td[2],xpath
InitiateAction_Display_NoOfAllSec,//table[2]/tbody/tr[1]/td[4]xpath
InitiateAction_Display_NoOfAllKOSec,//table[2]/tbody/tr[2]/td[2],xpath
InitiateAction_Display_NoOfAllExcludedSec,//table[2]/tbody/tr[2]/td[4],xpath
InitiateAction_Previous_Button,btnPrevious,id
InitiateAction_Remove_sign1,//table[@id='tblQueryResult']/tbody/tr/td[5]/span,xpath
InitiateAction_Remove_sign2,//tr[2]/td[5]/span,xpath
InitiateAction_Remove_sign3,//tr[3]/td[5]/span,xpath



