MaintainCGClient_Firm1991,01991
MaintainThrottle_CGClientID_1,CO01972001
MaintainThrottle_FirmCode_1,01972
MaintainThrottle_FirmName_1,Firm1972
MaintainThrottle_CGClientID_2,CO01972102
MaintainThrottle_TODQty_1,5
MaintainThrottle_NoofThrottle_1,100
MaintainThrottle_NoofThrottle_2,1000
MaintainThrottle_NoofThrottle_1_Display,Number of Throttles as of 2017-02-03        =   100
MaintainThrottle_TODAsof_1,Total TOD as of 2017-02-03        =   5
MaintainThrottle_TODAsof_2,Total TOD as of 2017-02-03        =   0
MaintainThrottle_TODAsof_3,Total TOD as of 2017-02-03        =   5
MaintainThrottle_SD_1,2017-02-01
MaintainThrottle_ED_1,2017-02-13
MaintainThrottle_SD_2,2017-03-01
MaintainThrottle_ED_2,2017-03-01
MaintainThrottle_SD_3,2017-03-01
MaintainThrottle_ED_3,2017-03-22
MaintainThrottle_SD_4,2017-03-10
MaintainThrottle_SD_5,2017-02-13
MaintainThrottle_ED_4,2017-02-20
MaintainThrottle_EmptyValue, 
MaintainThrottle_TODStatus_1,Pending Delete
MaintainThrottle_TODStatus_2,Pending Approval
MaintainThrottle_TODStatus_3,Approved