UpdateSecurity_Security1,80737
UpdateSecurity_Security2,82808
UpdateSecurity_Security3,82811
UpdateSecurity_Security4,82822
UpdateSecurity_Security5,82828
UpdateSecurity_Security6,82833
UpdateSecurity_Security7,82832
UpdateSecurity_Security8,82847
UpdateSecurity_Security9,83008
UpdateSecurity_Security10,82836
UpdateSecurity_ISIN_1,ISINCHANGED1
UpdateSecurity_ShortName_1,"CHANGED NAME                            "
UpdateSecurity_Big5Name_1,C3D2
UpdateSecurity_Big5Name_2,A8E9
UpdateSecurity_Big5Name_3,A657
UpdateSecurity_Big5Name_4,BAD9
UpdateSecurity_Big5Name_5,A477
UpdateSecurity_Big5Name_6,A662
UpdateSecurity_Big5Name_7,BD4C
UpdateSecurity_Big5Name_8,A4BA
UpdateSecurity_Big5Name_9,A7F3
UpdateSecurity_Big5Name_10,B773
UpdateSecurity_Big5Name_11,A140
UpdateSecurity_Big5Name_12,A140
UpdateSecurity_Big5Name_13,A140
UpdateSecurity_Big5Name_14,A140
UpdateSecurity_Big5Name_15,A140
UpdateSecurity_Big5Name_16,證券名稱已在盤內更新　　　　　
UpdateSecurity_GBName_1,D6A4
UpdateSecurity_GBName_2,C8AF
UpdateSecurity_GBName_3,C3FB
UpdateSecurity_GBName_4,B3C6
UpdateSecurity_GBName_5,D2D1
UpdateSecurity_GBName_6,D4DA
UpdateSecurity_GBName_7,C5CC
UpdateSecurity_GBName_8,C4DA
UpdateSecurity_GBName_9,B8FC
UpdateSecurity_GBName_10,D0C2
UpdateSecurity_GBName_11,A1A1
UpdateSecurity_GBName_12,A1A1
UpdateSecurity_GBName_13,A1A1
UpdateSecurity_GBName_14,A1A1
UpdateSecurity_GBName_15,A1A1
UpdateSecurity_GBName_16,证券名称已在盘内更新　　　　　
UpdateSecurity_StampDutyIndicator_Yes,Y - Yes
UpdateSecurity_StampDutyIndicator_No,N - No
UpdateSecurity_CCASSIndicator_Yes,Y - Yes
UpdateSecurity_CCASSIndicator_No,N - No
UpdateSecurity_DelistingDate1,22/03/2017
UpdateSecurity_DelistingDate2,20170322