InitiateAction_ActionListCode_Invalid,ASFAF00
InitiateAction_ActionListCode_01,1302
InitiateAction_ActionListCode_02,3382
InitiateAction_ActionListCode_03,168
InitiateAction_ActionListCode_04,209
InitiateAction_ActionListCode_05,AL1044
InitiateAction_ActionListCode_06,AL1044
InitiateAction_ActionListCode_07,AL1044
InitiateAction_ActionListCode_08,AL1044
InitiateAction_ActionListCode_09,AL1044
InitiateAction_ActionListCode_10,AL1044
InitiateAction_ActionListCode_11,AL1044
InitiateAction_ActionListCode_12,AL1044
InitiateAction_ActionListCode_13,AL1044
InitiateAction_ActionListCode_14,AL1044
InitiateAction_ActionListCode_15,AL1044
InitiateAction_ActionListCode_16,AL1044
InitiateAction_ActionListCode_17,AL1044
InitiateAction_ActionListCode_18,AL1044
InitiateAction_ActionListCode_19,AL1044
InitiateAction_ActionListCode_20,AL1044
InitiateAction_ActionListCode_21,AL1044
InitiateAction_ActionListCode_22,AL1044
InitiateAction_ActionListCode_23,AL1044
InitiateAction_ActionListCode_24,AL1044
InitiateAction_ActionListCode_25,AL1044
InitiateAction_ActionListCode_26,AL1044
InitiateAction_ActionListCode_27,AL1044
InitiateAction_ActionListCode_28,AL1044
InitiateAction_ActionListCode_29,AL1044
InitiateAction_ActionListCode_30,AL1044
InitiateAction_ActionListCode_31,AL1299
InitiateAction_ActionListCode_32,AL1288
InitiateAction_ActionListCode_33,AL1398
InitiateAction_SuspensionTime_HH,14
InitiateAction_SuspensionTime_MM,00
InitiateAction_SuspensionTime_HH1,17
InitiateAction_SuspensionTime_MM1,00
InitiateAction_AnticipatedResumptionTime_HH,14
InitiateAction_AnticipatedResumptionTime_MM,10
InitiateAction_AuctionTime_HH1,12
InitiateAction_AuctionTime_MM1,30
InitiateAction_AuctionTime_HH2,16
InitiateAction_AuctionTime_MM2,00
InitiateAction_ResumptionTime_HH1,15
InitiateAction_ResumptionTime_MM1,00
InitiateAction_ResumptionTime_HH2,13
InitiateAction_ResumptionTime_MM2,00
InitiateAction_ResumptionTime_HH3,14
InitiateAction_ResumptionTime_MM3,00