ViewProuductType_ProductType_1,1
ViewProuductType_ProductType_2,2
ViewProuductType_ProductType_3,3
ViewProuductType_ProductType_4,4
ViewProuductType_ProductType_5,5
ViewProuductType_ProductType_6,6
ViewProuductType_ProductType_7,7
ViewProuductType_ProductType_8,8
ViewProuductType_ProductType_9,9
ViewProuductType_ProductType_10,10
ViewProuductType_ProductType_11,11
ViewProuductType_ProductType_12,12
ViewProuductType_ProductType_13,13
ViewProuductType_ProductType_14,14
ViewProuductType_ProductType_99,99
ViewProuductType_InstrumentType_1,EQTY
ViewProuductType_InstrumentType_2,EQTY
ViewProuductType_InstrumentType_3,WRNT
ViewProuductType_InstrumentType_4,BOND
ViewProuductType_InstrumentType_5,TRST
ViewProuductType_InstrumentType_6,EQTY
ViewProuductType_InstrumentType_7,EQTY
ViewProuductType_InstrumentType_8,TRST
ViewProuductType_InstrumentType_9,TRST
ViewProuductType_InstrumentType_10,TRST
ViewProuductType_InstrumentType_11,WRNT
ViewProuductType_InstrumentType_12,WRNT
ViewProuductType_InstrumentType_13,WRNT
ViewProuductType_InstrumentType_14,WRNT
ViewProuductType_InstrumentType_99,
ViewProuductType_Name_1,Equity - Ord Shares
ViewProuductType_Name_2,Equity - Pref Shares
ViewProuductType_Name_3,Warrant - DW
ViewProuductType_Name_4,Bond - Debt Security
ViewProuductType_Name_5,Trust - ETF
ViewProuductType_Name_6,Equity - Rights
ViewProuductType_Name_7,Equity - HDR
ViewProuductType_Name_8,Trust - REIT
ViewProuductType_Name_9,Trust - Other
ViewProuductType_Name_10,Trust - LIP
ViewProuductType_Name_11,Warrant - CBBC
ViewProuductType_Name_12,Warrant - Inline
ViewProuductType_Name_13,Warrant - Equity
ViewProuductType_Name_14,Warrant - ELI
ViewProuductType_Name_99,Other