MaintainSecurity_Input_BuyLotSize,inputBuyLotSize,id
MaintainSecurity_Input_CallPrice,inputStockCbbc_callPrice,id
MaintainSecurity_Input_ClosingPrice,inputPrevClosingPrice,id
MaintainSecurity_Input_ConversionRatio,inputStockWarrant_conversionRatio,id
MaintainSecurity_Input_CouponRate,inputStockBond_couponRate,id
MaintainSecurity_Input_DelistingDate,inputDelistingDate,id
MaintainSecurity_Input_EngName,inputSecurityName,id
MaintainSecurity_Input_Entitlement,inputStockWarrant_entitlement,id
MaintainSecurity_Input_ExpiryDate,inputStockWarrant_expiryDate,id
MaintainSecurity_Input_FaceValueTradingLot,inputStockBond_faceValuePerTradingLot,id
MaintainSecurity_Input_FreeText1,inputFreeText1,id
MaintainSecurity_Input_FreeText2,inputFreeText2,id
MaintainSecurity_Input_FutureDividend,inputStockEquity_futureDividend,id
MaintainSecurity_Input_FutureDividendDate,inputStockEquity_futureDividendDate,id
MaintainSecurity_Input_ISINCode,inputIsin,id
MaintainSecurity_Input_ListingDate,inputListingDate,id
MaintainSecurity_Input_MaturityDate,inputStockBond_maturityDate,id
MaintainSecurity_Input_numWarrantEnt,inputStockWarrant_numWarrantsPerEntitlement,id
MaintainSecurity_Input_SecurityCode,inputSecurityId,id
MaintainSecurity_Input_ShortName,inputSecurityShortName,id
MaintainSecurity_Input_StrikePrice1,inputStockWarrant_strikePrice1,id
MaintainSecurity_Input_StrikePrice2,inputStockWarrant_strikePrice2,id
MaintainSecurity_Input_UnderlyingIndName,inputStockCbbc_ulIndexName,id
MaintainSecurity_Input_UnderlyingSecCode,inputStockWarrant_ulSecurityId,id
MaintainSecurity_OptList_AmericanEuroStyle,inputStockWarrant_amerEuroStyle,id
MaintainSecurity_Optlist_BNF_EFNIndicator,inputStockBond_isEfn,id
MaintainSecurity_OptList_CallPut,inputStockWarrant_callPutInd,id
MaintainSecurity_OptList_CASParamID,inputCasParamsId,id
MaintainSecurity_OptList_CCASSIndicator,inputIsCcassEnabled,id
MaintainSecurity_OptList_CeasedTrading,inputIsTradingCeased,id
MaintainSecurity_OptList_Classification,inputSecurityType,id
MaintainSecurity_OptList_CurrencyCode,inputCurrencyCode,id
MaintainSecurity_OptList_Exotic,inputStockWarrant_warrantType,id
MaintainSecurity_OptList_FaceValueCurrencyCode,inputStockBond_faceValueCurrency,id
MaintainSecurity_OptList_FeeID,inputFeeId,id
MaintainSecurity_OptList_InstrumentType,inputInstrumentType,id
MaintainSecurity_OptList_InvestorType,inputStockBond_investorType,id
MaintainSecurity_OptList_ListingStatus,inputListingStatus,id
MaintainSecurity_OptList_MarketSeg,inputMarketSegmentCode,id
MaintainSecurity_OptList_MCEEnabled,inputStockCbbc_isMceEnabled,id
MaintainSecurity_OptList_OpenQuotRuleApplied,inputIsOpeningRuleRelaxed,id
MaintainSecurity_OptList_PriceLimitID,inputPriceLimitsId,id
MaintainSecurity_OptList_ProductGroupID,inputProductGroup,id
MaintainSecurity_OptList_ProductType,inputProductType,id
MaintainSecurity_OptList_RecordStatus,inputRecordStatus,id
MaintainSecurity_OptList_ReportingGroup,inputReportingGroup,id
MaintainSecurity_OptList_SecurityState,inputSecurityState,id
MaintainSecurity_OptList_ShortSellGrpID,inputShortsellParamsId,id
MaintainSecurity_OptList_ShortSellIndicator,inputIsShortsellAllowed,id
MaintainSecurity_OptList_SpreadTableCode,inputSpreadTableId,id
MaintainSecurity_OptList_StampDutyApplicable,inputIsStampDutyAllowed,id
MaintainSecurity_OptList_UnderlyingType,inputStockCbbc_ulType,id
MaintainSecurity_OptList_VCMParamID,inputVcmParamsId,id
MaintainSecurity_SecAccessGroupTable,/html/body/div/div/div/section/div/div/div/div/form/div/div[31]/table,xpath
MaintainSecurity_SecAccessGroupTable_AddButton,/html/body/div/div/div/section/div/div/div/div/form/div/div[31]/table/thead/tr/th[3]/button,xpath
MaintainSecurity_SecAccessGroupTable_EditButton_Row1,/html/body/div/div/div/section/div/div/div/div/form/div/div[31]/table/tbody/tr/td[3]/button[2],xpath
MaintainSecurity_SecAccessGroupTable_RemoveButton_Row1,/html/body/div/div/div/section/div/div/div/div/form/div/div[31]/table/tbody/tr/td[3]/button[1],xpath
MaintainSecurity_SecAccessGroupTable_Status_Row1,/html/body/div/div/div/section/div/div/div/div/form/div/div[31]/table/tbody/tr/td[2],xpath
MaintainSecurity_OptList_SecAccessGrp_Row1,//td/select,xpath
MaintainSecurity_Input_Big5Name_1,inputBig5Array01,id
MaintainSecurity_Input_Big5Name_2,inputBig5Array02,id
MaintainSecurity_Input_Big5Name_3,inputBig5Array03,id
MaintainSecurity_Input_Big5Name_4,inputBig5Array04,id
MaintainSecurity_Input_Big5Name_5,inputBig5Array05,id
MaintainSecurity_Input_Big5Name_6,inputBig5Array06,id
MaintainSecurity_Input_Big5Name_7,inputBig5Array07,id
MaintainSecurity_Input_Big5Name_8,inputBig5Array08,id
MaintainSecurity_Input_Big5Name_9,inputBig5Array09,id
MaintainSecurity_Input_Big5Name_10,inputBig5Array10,id
MaintainSecurity_Input_Big5Name_11,inputBig5Array11,id
MaintainSecurity_Input_Big5Name_12,inputBig5Array12,id
MaintainSecurity_Input_Big5Name_13,inputBig5Array13,id
MaintainSecurity_Input_Big5Name_14,inputBig5Array14,id
MaintainSecurity_Input_Big5Name_15,inputBig5Array15,id
MaintainSecurity_Input_GBName_1,inputGbArray01,id
MaintainSecurity_Input_GBName_2,inputGbArray02,id
MaintainSecurity_Input_GBName_3,inputGbArray03,id
MaintainSecurity_Input_GBName_4,inputGbArray04,id
MaintainSecurity_Input_GBName_5,inputGbArray05,id
MaintainSecurity_Input_GBName_6,inputGbArray06,id
MaintainSecurity_Input_GBName_7,inputGbArray07,id
MaintainSecurity_Input_GBName_8,inputGbArray08,id
MaintainSecurity_Input_GBName_9,inputGbArray09,id
MaintainSecurity_Input_GBName_10,inputGbArray10,id
MaintainSecurity_Input_GBName_11,inputGbArray11,id
MaintainSecurity_Input_GBName_12,inputGbArray12,id
MaintainSecurity_Input_GBName_13,inputGbArray13,id
MaintainSecurity_Input_GBName_14,inputGbArray14,id
MaintainSecurity_Input_GBName_15,inputGbArray15,id
MaintainSecurity_ListingDateButton,//div[11]/button,xpath
MaintainSecurity_ListingDate_CalenderTitle,datepicker-910-9141-title,id
