MaintainBroker_Broker9111,9111
MaintainBroker_BrokerNo_1,7305
MaintainBroker_BrokerNo_2,9116
MaintainBroker_BrokerNo_1_display,07305
MaintainBroker_BrokerNo_2_display,09116
MaintainBroker_FirmCode_1,1973
MaintainBroker_FirmCode_2,1972
MaintainBroker_FirmName_1,Firm1973
MaintainBroker_CGClientID_1,CO01973101
MaintainBroker_CGClientID_2,CO01973001
MaintainBroker_CGClientID_3,CO01973102
MaintainBroker_CGClientID_4,CO01981103
MaintainBroker_CGClientID_5,CO01973005
MaintainBroker_DCCGClientID_1,CC01973101
MaintainBroker_DCCGClientID_status_1,Assigned
MaintainBroker_DCCGClientID_status_2,Pending
MaintainBroker_DCCGClientID_status_3,Deleted
MaintainBroker_FreeText_1,Broker 07305
MaintainBroker_FreeText_2,Updated
MaintainBroker_BrokerType_1,1 - Normal
MaintainBroker_BrokerType_2,2 - SP
MaintainBroker_BrokerType_3,3 - LP
MaintainBroker_BrokerType_4,4 - SMM
MaintainBroker_Suspension_Yes,Y - Yes
MaintainBroker_Suspension_No,N - No
MaintainBroker_RecordStatus_Active,A - Active
MaintainBroker_RecordStatus_Delete,D - Deleted
MaintainBroker_CGClient_error_1,CO01972005
MaintainBroker_ErrorMessage_Pop_message_1,400.1029 - Parameter [newValues.compId] has invalid value.
MaintainBroker_DClientID_2,CO01973006
MaintainBroker_BrokerNum_1,1005
MaintainBroker_BrokerNum_3digital,212
MaintainBroker_BrokerNum_5digital,21250
MaintainBroker_OptList_SuspForAllMarket_YES,Y - Yes
MaintainBroker_OptList_SuspForAllMarket_No,N - No
