InitiateAction_SuspensionTime_HH,14
InitiateAction_SuspensionTime_MM,00
InitiateAction_SuspensionTime_HH1,17
InitiateAction_SuspensionTime_MM1,00
InitiateAction_AnticipatedResumptionTime_HH,14
InitiateAction_AnticipatedResumptionTime_MM,10
InitiateAction_AuctionTime_HH1,12
InitiateAction_AuctionTime_MM1,30
InitiateAction_AuctionTime_HH2,16
InitiateAction_AuctionTime_MM2,00
InitiateAction_ResumptionTime_HH1,15
InitiateAction_ResumptionTime_MM1,00
InitiateAction_ResumptionTime_HH2,13
InitiateAction_ResumptionTime_MM2,00
InitiateAction_ResumptionTime_HH3,14
InitiateAction_ResumptionTime_MM3,00
InitiateAction_NoOfSelectedAL1,1
InitiateAction_NoOfAllSec1,79
InitiateAction_NoOfAllKOSec1,2
InitiateAction_NoOfAllExcludedSec1,2