UpdTrdSupFac_Display_TSFSuspensionStatus,outTsfSuspendStatus,id
UpdTrdSupFac_Display_TSFSuspensionReason,outTsfSuspReason,id
UpdTrdSupFac_Input_FundSize,inputFundSize,id
UpdTrdSupFac_Input_SuspenNow,inputSuspendTsfNow,id
UpdTrdSupFac_Input_SuspenSchedule,inputSuspendAt,id
UpdTrdSupFac_Input_SuspenNoSchedule,inputNoScheduledSuspension,id
UpdTrdSupFac_Input_ScheduleHour,inputSuspendAt_HH,id
UpdTrdSupFac_Input_ScheduleMinute,inputSuspendAt_MM,id
UpdTrdSupFac_Input_ScheduleSecond,inputSuspendAt_SS,id

