MaintainSecurity_Input_SecurityCode,inputSecurityId,id
MaintainSecurity_OptList_MarketSeg,inputMarketSegmentCode,id
MaintainSecurity_Input_ShortName,inputSecurityShortName,id
MaintainSecurity_Input_ISINCode,inputIsin,id
MaintainSecurity_OptList_RecordStatus,inputRecordStatus,id
MaintainSecurity_OptList_CeasedTrading,inputIsTradingCeased,id
MaintainSecurity_OptList_SecurityState,inputSecurityState,id
MaintainSecurity_Input_NameEng,inputSecurityName,id
MaintainSecurity_OptList_InstrumentType,inputInstrumentType,id
MaintainSecurity_OptList_ProductType,inputProductType,id
MaintainSecurity_OptList_ReportingGroup,inputReportingGroup,id
MaintainSecurity_OptList_Classification,inputSecurityType,id
MaintainSecurity_OptList_ListingStatus,inputListingStatus,id
MaintainSecurity_Input_ListingDate,inputListingDate,id
MaintainSecurity_OptList_CurrencyCode,inputCurrencyCode,id
MaintainSecurity_OptList_SpreadTableCode,inputSpreadTableId,id
MaintainSecurity_OptList_OpenQuotRuleApplied,inputIsOpeningRuleRelaxed,id
MaintainSecurity_OptList_StampDutyApplicable,inputIsStampDutyAllowed,id
MaintainSecurity_OptList_CCASSIndicator,inputIsCcassEnabled,id
MaintainSecurity_OptList_ShortSellIndicator,inputIsShortsellAllowed,id
MaintainSecurity_Input_BuyLotSize,inputBuyLotSize,id
MaintainSecurity_Input_ClosingPrice,inputPrevClosingPrice,id
MaintainSecurity_Input_FreeText1,inputFreeText1,id
MaintainSecurity_Input_FreeText2,inputFreeText2,id
MaintainSecurity_OptList_ProductGroupID,inputProductGroup,id
MaintainSecurity_OptList_FeeID,inputFeeId,id
MaintainSecurity_OptList_PriceLimitID,inputPriceLimitsId,id
MaintainSecurity_OptList_ShortSellGrpID,inputShortsellParamsId,id
MaintainSecurity_OptList_VCMParamID,inputVcmParamsId,id
MaintainSecurity_OptList_CASParamID,inputCasParamsId,id
MaintainSecurity_OptList_SecAccessGrp,//td/select,xpath
MaintainSecurity_Search_ResultRow_SecCode100,//tr[3]/td,xpath
MaintainSecurity_Input_ExpiryDate,inputStockWarrant_expiryDate,id
MaintainSecurity_Input_CBBCExpiryDate,inputStockCbbc_expiryDate,id
MaintainSecurity_Input_UnderlyingSecCode,inputStockWarrant_ulSecurityId,id
MaintainSecurity_OptList_CallorPut,inputStockWarrant_callPutInd,id
MaintainSecurity_OptList_BND_EFNIndicator,inputStockBond_isEfn,id
MaintainSecurity_OptList_FaceValueCurrencyCode,inputStockBond_faceValueCurrency,id
MaintainSecurity_Input_FaceValue,inputStockBond_faceValuePerTradingLot,id
MaintainSecurity_OptList_InvestorType,inputStockBond_investorType,id
MaintainSecurity_Input_MaturityDate,inputStockBond_maturityDate,id
MaintainSecurity_DateBtn_MaturityDate,//div[2]/div/button,xpath
MaintainSecurity_ClearBtn_MaturityDate,//span/button[2],xpath
MaintainSecurity_Input_StrikePrice1,inputStockWarrant_strikePrice1,id
MaintainSecurity_Input_StrikePrice2,inputStockWarrant_strikePrice2,id
MaintainSecurity_OptList_WarrantType,inputStockWarrant_warrantType,id
MaintainSecurity_Input_Warrant_Entitlement,inputStockWarrant_entitlement,id
MaintainSecurity_Input_CBBC_Entitlement,inputStockCbbc_entitlement,id
MaintainSecurity_Input_CBBC_CallPrice,inputStockCbbc_callPrice,id
MaintainSecurity_OptList_CBBC_UnderlyingType,inputStockCbbc_ulType,id
MaintainSecurity_Input_CBBC_UnderlyingIndex,inputStockCbbc_ulIndexName,id
MaintainSecurity_Input_Warrant_NoWarrantsPerEntitlement,inputStockWarrant_numWarrantsPerEntitlement,id
MaintainSecurity_Input_NameBigFive1,inputBig5Array01,id
MaintainSecurity_Input_NameBigFive2,inputBig5Array02,id
MaintainSecurity_Input_NameBigFive3,inputBig5Array03,id
MaintainSecurity_Input_NameBigFive4,inputBig5Array04,id
MaintainSecurity_Input_NameBigFive5,inputBig5Array05,id
MaintainSecurity_Input_NameBigFive6,inputBig5Array06,id
MaintainSecurity_Input_NameBigFive7,inputBig5Array07,id
MaintainSecurity_Input_NameBigFive8,inputBig5Array08,id
MaintainSecurity_Input_NameBigFive9,inputBig5Array09,id
MaintainSecurity_Input_NameBigFive10,inputBig5Array10,id
MaintainSecurity_Input_NameBigFive11,inputBig5Array11,id
MaintainSecurity_Input_NameBigFive12,inputBig5Array12,id
MaintainSecurity_Input_NameBigFive13,inputBig5Array13,id
MaintainSecurity_Input_NameBigFive14,inputBig5Array14,id
MaintainSecurity_Input_NameBigFive15,inputBig5Array15,id
MaintainSecurity_Input_NameGB1,inputGbArray01,id
MaintainSecurity_Input_NameGB2,inputGbArray02,id
MaintainSecurity_Input_NameGB3,inputGbArray03,id
MaintainSecurity_Input_NameGB4,inputGbArray04,id
MaintainSecurity_Input_NameGB5,inputGbArray05,id
MaintainSecurity_Input_NameGB6,inputGbArray06,id
MaintainSecurity_Input_NameGB7,inputGbArray07,id
MaintainSecurity_Input_NameGB8,inputGbArray08,id
MaintainSecurity_Input_NameGB9,inputGbArray09,id
MaintainSecurity_Input_NameGB10,inputGbArray10,id
MaintainSecurity_Input_NameGB11,inputGbArray11,id
MaintainSecurity_Input_NameGB12,inputGbArray12,id
MaintainSecurity_Input_NameGB13,inputGbArray13,id
MaintainSecurity_Input_NameGB14,inputGbArray14,id
MaintainSecurity_Input_NameGB15,inputGbArray15,id