SearchField_SecurityID,vm.search.securityId,id
SearchField_SecurityName,vm.search.securityShortName,id
MaintainDesignatedDealers_Display_SecurityID,//div/span,xpath
MaintainDesignatedDealers_Display_SecurityName,//div[2]/span,xpath
MaintainDesignatedDealers_Display_BrokerID,//td,xpath
MaintainDesignatedDealers_Display_AllowSSonNonSSStocks,//td[2],xpath
MaintainDesignatedDealers_Display_RelaxSpreadRule,//td[3],xpath
MaintainDesignatedDealers_Display_EffectiveFrom,//td[4],xpath
MaintainDesignatedDealers_Display_EffectiveTo,//td[5],xpath
MaintainDesignatedDealers_Display_SSGrpIDForBroker,//td[6],xpath
MaintainDesignatedDealers_Display_SecurityName,//div[2]/span,xpath
MaintainDesignatedDealers_EditButton,//div[2]/button,xpath
MaintainDesignatedDealers_CancelButton,//div[2]/button[2],xpath
MaintainDesignatedDealers_Input_BrokerID,//p/input,xpath
MaintainDesignatedDealers_AddButton,//div[2]/button,xpath
MaintainDesignatedDealers_ModifyButton,//div[2]/button[2],xpath
MaintainDesignatedDealers_DeleteButton,//div[2]/button[3],xpath
MaintainDesignatedDealers_OptList_RelaxSpreadRule,//select,xpath
MaintainDesignatedDealers_OptList_AllowSSOnNSSSecurity,//td[2]/select,xpath
MaintainDesignatedDealers_OptList_SSGrpIDForBroker,//td[3]/select,xpath
MaintainDesignatedDealers_InputField_EffectiveFrom,//td[4]/input,xpath
MaintainDesignatedDealers_InputField_EffectiveTo,//td[5]/input,xpath
MaintainDesignatedDealers_Display_ActionRow1,//div[5]/div/table/tbody/tr/td,xpath
MaintainDesignatedDealers_Display_BrokerIDRow1,//div[5]/div/table/tbody/tr/td,xpath
MaintainDesignatedDealers_Display_AllowSSOnNSSSecurityRow1,//div[5]/div/table/tbody/tr/td[2],xpath
MaintainDesignatedDealers_Display_RelaxSpreadRuleRow1,//div[5]/div/table/tbody/tr/td[3],xpath
MaintainDesignatedDealers_Display_EffectiveFromeRow1,//div[5]/div/table/tbody/tr/td[4],xpath
MaintainDesignatedDealers_Display_EffectiveToRow1,//div[5]/div/table/tbody/tr/td[5],xpath
MaintainDesignatedDealers_Display_SSGrpIDForBrokerRow1,//div[5]/div/table/tbody/tr/td[6],xpath
MaintainDesignatedDealers_Display_DeleteRow1,//td[8]/button,xpath
MaintainDesignatedDealers_Display_AddedBrokerIDRow1,//div/div/div/table/tbody/tr/td,xpath
MaintainDesignatedDealers_Display_AddedAllowSSOnNSSSecurityRow1,//div/div/div/table/tbody/tr/td[2],xpath
MaintainDesignatedDealers_Display_AddedRelaxSpreadRuleRow1,//div/div/div/table/tbody/tr/td[3],xpath
MaintainDesignatedDealers_Display_AddedEffectiveFromeRow1,//div/div/div/table/tbody/tr/td[4],xpath
MaintainDesignatedDealers_Display_AddedEffectiveToRow1,///div/div/div/table/tbody/tr/td[5],xpath