MaintainIndexCodes_IndexName_1,Hang Seng Index Test
MaintainIndexCodes_IndexCode_1,HSI2
MaintainIndexCodes_OtherIndexSourceDesc_1,Testing
MaintainIndexCodes_Desc_1,Hang Seng Index Desc Test
MaintainIndexCodes_DecimalinIndexValue_1,2
MaintainIndexCodes_IndexSource_1,C – CSI
MaintainIndexCodes_IndexSource_2,H – HSI
MaintainIndexCodes_IndexSource_3,S – S&P
MaintainIndexCodes_IndexSource_4,O - Other
MaintainIndexCodes_IndexName_2,Hang Seng Index Test 2
MaintainIndexCodes_IndexCode_2,HSI3
MaintainIndexCodes_Desc_2,Hang Seng Index Desc Test 2
MaintainIndexCodes_DecimalinIndexValue_2,5
MaintainIndexCodes_RecordStatus_Deleted,D - Deleted
MaintainIndexCodes_RecordStatus_Active,A - Active