MaintainMarketSegment_Button_Edit,//td[4]/button,xpath
MaintainMarketSegment_OptList_TradingRules,//div[12]/div/select,xpath
MaintainMarketSegment_OptList_SSGroupID,//div[15]/div[2]/select,xpath
MaintainMarketSegment_OptList_VcmParamsGrp,//div[13]/div/select,xpath
MaintainMarketSegment_OptList_CASParamGrp,//div[13]/div[2]/select,xpath
MaintainMarketSegment_OptList_PriceLimit,//div[12]/div[2]/select,xpath
MaintainMarketSegment_OptList_FeeId,//div[15]/div/select,xpath
MaintainMarketSegment_Input_MarketSegmentCode,//div/input,xpath
MaintainMarketSegment_OptList_RecordStatus,//select,xpath
MaintainMarketSegment_Input_Name,//div[3]/div/input,xpath
MaintainMarketSegment_Input_MIC,//div[2]/input,xpath
MaintainMarketSegment_Input_Desc,//div[4]/div/input,xpath
MaintainMarketSegment_OptList_CurrencyCode,//div[5]/div/select,xpath
MaintainMarketSegment_OptList_CalendarCode,//div[5]/div[2]/select,xpath
MaintainMarketSegment_Input_PriceWarningSpreads,//div[6]/div/input,xpath
MaintainMarketSegment_Input_ELOMatchableSpreads,//div[6]/div[2]/input,xpath
MaintainMarketSegment_Input_PriceWarningDuration,//div[7]/div/input,xpath
MaintainMarketSegment_Input_SLOMatchableSpreads,//div[7]/div[2]/input,xpath
MaintainMarketSegment_OptList_FullDayTradingTimeTable,//div[8]/div/select,xpath
MaintainMarketSegment_OptList_HalfDayTradingTimeTable,//div[9]/div/select,xpath
MaintainMarketSegment_Input_Morning_SnapshotTimeHour1,//td[2]/input,xpath
MaintainMarketSegment_Input_Morning_SnapshotTimeMinute1,//input[2],xpath
MaintainMarketSegment_Input_Morning_SnapshotTimeSecond1,//input[3],xpath
MaintainMarketSegment_Input_Morning_SnapshotTimeHour2,//td[3]/input,xpath
MaintainMarketSegment_Input_Morning_SnapshotTimeMinute2,//td[3]/input[2],xpath
MaintainMarketSegment_Input_Morning_SnapshotTimeSecond2,//td[3]/input[3],xpath
MaintainMarketSegment_Input_Morning_SnapshotTimeHour3,//td[4]/input,xpath
MaintainMarketSegment_Input_Morning_SnapshotTimeMinute3,//td[4]/input[2],xpath
MaintainMarketSegment_Input_Morning_SnapshotTimeSecond3,//td[4]/input[3],xpath
MaintainMarketSegment_Input_Morning_SnapshotTimeHour4,//td[5]/input,xpath
MaintainMarketSegment_Input_Morning_SnapshotTimeMinute4,//td[5]/input[2],xpath
MaintainMarketSegment_Input_Morning_SnapshotTimeSecond4,//td[5]/input[3],xpath
MaintainMarketSegment_Input_Morning_SnapshotTimeHour5,//td[6]/input,xpath
MaintainMarketSegment_Input_Morning_SnapshotTimeMinute5,//td[6]/input[2],xpath
MaintainMarketSegment_Input_Morning_SnapshotTimeSecond5,//td[6]/input[3],xpath
MaintainMarketSegment_Input_Afternoon_SnapshotTimeHour1,//tr[2]/td[2]/input,xpath
MaintainMarketSegment_Input_Afternoon_SnapshotTimeMinute1,//tr[2]/td[2]/input[2],xpath
MaintainMarketSegment_Input_Afternoon_SnapshotTimeSecond1,//tr[2]/td[2]/input[3],xpath
MaintainMarketSegment_Input_Afternoon_SnapshotTimeHour2,//tr[2]/td[3]/input,xpath
MaintainMarketSegment_Input_Afternoon_SnapshotTimeMinute2,//tr[2]/td[3]/input[2],xpath
MaintainMarketSegment_Input_Afternoon_SnapshotTimeSecond2,//tr[2]/td[3]/input[3],xpath
MaintainMarketSegment_Input_Afternoon_SnapshotTimeHour3,//tr[2]/td[4]/input,xpath
MaintainMarketSegment_Input_Afternoon_SnapshotTimeMinute3,//tr[2]/td[4]/input[2],xpath
MaintainMarketSegment_Input_Afternoon_SnapshotTimeSecond3,//tr[2]/td[4]/input[3],xpath
MaintainMarketSegment_Input_Afternoon_SnapshotTimeHour4,//tr[2]/td[5]/input,xpath
MaintainMarketSegment_Input_Afternoon_SnapshotTimeMinute4,//tr[2]/td[5]/input[2],xpath
MaintainMarketSegment_Input_Afternoon_SnapshotTimeSecond4,//tr[2]/td[5]/input[3],xpath
MaintainMarketSegment_Input_Afternoon_SnapshotTimeHour5,//tr[2]/td[6]/input,xpath
MaintainMarketSegment_Input_Afternoon_SnapshotTimeMinute5,//tr[2]/td[6]/input[2],xpath
MaintainMarketSegment_Input_Afternoon_SnapshotTimeSecond5,//tr[2]/td[6]/input[3],xpath
MaintainMarketSegment_Button_Edit,//div[2]/button,xpath
MaintainMarketSegment_Button_Submit,//div[2]/button,xpath
MaintainMarketSegment_Button_Cancel,//div[2]/button[2],xpath
