website_OTPC_admin,http://10.163.236.16:38620
otpCAdmin_ActSusBroker_searchFirmCode,1138
otpCAdmin_ActSusBroker_searchFirmCode_negative,-1138
otpCAdmin_ActSusBroker_searchFirmCode_decimal,1.138
otpCAdmin_ActSusBroker_searchFirmCode_alpha,ABC
otpCAdmin_MaintainSecurity_searchSecCode,3
otpCAdmin_MaintainSecurity_marketseg,MAIN
otpCAdmin_MaintainSecurity_shortname,ABC
otpCAdmin_MaintainSecurity_searchSecName,ABC
otpcAdmin_username,ADMIN
otpcAdmin_password,password
otpcAdmin_username_P1,wabi01
otpcAdmin_password_P1,Ee123456
otpcAdmin_username_P2,wabi02
otpcAdmin_password_P2,Ee123456
otpcAdmin_username_P3,wabi03
otpcAdmin_password_P3,Ee123456
otpcAdmin_username_P4,wabi04
otpcAdmin_password_P4,Ee123456
otpcAdmin_username_P5,wabi05
otpcAdmin_password_P5,Ee123456
otpcAdmin_username_P6,wabi06
otpcAdmin_password_P6,Ee123456
otpcAdmin_username_P7,wabi07
otpcAdmin_password_P7,Ee123456
otpcAdmin_username_P8,wabi08
otpcAdmin_password_P8,Ee123456
otpcAdmin_username_P9,wabi09
otpcAdmin_password_P9,Ee123456
otpcAdmin_username_P10,wabi10
otpcAdmin_password_P10,Ee123456
otpcMonitor_username,monitor
otpcMonitor_password,password
otpcAdmin_approver_username,ADMIN
otpcAdmin_approver_password,password
df_otpcAdmin_approver_username,ADMIN2
df_otpcAdmin_approver_password,Ee123456
otpcAdmin_pageOpt_10,10
otpcAdmin_pageOpt_20,20
otpcAdmin_pageOpt_30,30
otpcAdmin_approval_tag,Submit Request
otpcAdmin_create_tag,Create
otpcAdmin_edit_tag,Edit
otpcAdmin_readOnly_tag,Read Only
otpcAdmin_healthcheck_brokerID,9302
otpcAdmin_healthcheck_seccode,1000
firm_format,/Firm[0-9][0-9][0-9][0-9]/
color_red,"rgba(255, 0, 0, 1)"
color_white,"rgba(255, 255, 255, 1)"
RecordStatus_Delete,D - Deleted
RecordStatus_Active,A - Active
ErrorMsg_NoUpdate_message,No update.
ErrorMsg_NoUpdate_message_2,Parameter isSuspended is not change.
