otpcAdmin_seccode,456
otpcAdmin_Decimal,1.234
otpcAdmin_Decimal_2,0.1
otpcAdmin_AlphaNum4,12ABC
otpcAdmin_Alpha,ABCD
otpcAdmin_Alpha_4,ABCD
otpcAdmin_Alpha_5,ABCDE
otpcAdmin_Alpha_2,AB
otpcAdmin_Alpha_10,ABCDEFGHIJ
otpcAdmin_Alpha_11,ABCDEFGHIJK
otpcAdmin_Alpha_13,ABCDEFGHIJKLM
otpcAdmin_Alpha_20,ABCDEFGHIJKLMNOPQRST
otpcAdmin_Alpha_65,ABCDEABCDEABCDEABCDEABCDEABCDEABCDEABCDEABCDEABCDEABCDEABCDEABCDE
otpcAdmin_Alpha_130,ABCDEABCDEABCDEABCDEABCDEABCDEABCDEABCDEABCDEABCDEABCDEABCDEABCDEABCDEABCDEABCDEABCDEABCDEABCDEABCDEABCDEABCDEABCDEABCDEABCDEABCDE
otpcAdmin_Num_0,0
otpcAdmin_Num_1,1
otpcAdmin_Num_2,12
otpcAdmin_Num_3,123
otpcAdmin_Num_4,1234
otpcAdmin_Num_5,12345
otpcAdmin_Num_6,123456
otpcAdmin_Num_7,1234567
otpcAdmin_Num_10,1234567890
otpcAdmin_Num_11,12345678901
otpcAdmin_Num_13,1234567890123
otpcAdmin_Num_negdecimal,-123.123
otpcAdmin_Num_neginteger,-123
otpcAdmin_Num_neginteger_2,-1
otpcAdmin_special,!@=
otpcAdmin_special_2,*
otpcAdmin_script,"<script>alert(Hello)</script>"
otpcAdmin_sql,1=1
otpcAdmin_null, 
otpcAdmin_Integer_10,1234567890
otpcAdmin_Decimal_10,1.23456789
otpcAdmin_Integer_11,12345678912
otpcAdmin_Decimal_11,1.234567891
otpcAdmin_BrokerID_exact,07202
otpcAdmin_BrokerID_substring_1,7202
otpcAdmin_BrokerID_substring_2,72
otpcAdmin_BrokerID_substring_3,7
otpcAdmin_BrokerID_wildcard,72%
otpcAdmin_BrokerID_nomatch,123
otpcAdmin_FirmName_wildcard,Firm197%
otpcAdmin_FirmName_exact,Firm1972
otpcAdmin_FirmName_substring_1,Firm197
otpcAdmin_FirmName_substring_2,Firm19
otpcAdmin_FirmName_lowercase,firm1972
otpcAdmin_FirmName_Uppercase,FIRM1972
otpcAdmin_FirmName_loweruppercase,fiRM1972
otpcAdmin_FirmName_upperlowercase,Firm1972
otpcAdmin_FirmName_Alpha_83,ABCABCABCDABCABCABCDABCABCABCDABCABCABCDABCABCABCDABCABCABCDABCABCABCDABCABCABCDABC
otpcAdmin_FirmName_nomatch,abc
otpcAdmin_FirmCode_exact,01972
otpcAdmin_FirmCode_exact_2,1993
otpcAdmin_FirmCode_substring_1,1972
otpcAdmin_FirmCode_substring_2,99
otpcAdmin_FirmCode_wildcard,019%
otpcAdmin_FirmCode_nomatch,123
otpcAdmin_SecCode_exact,9
otpcAdmin_SecCode_substring_1,9660
otpcAdmin_SecCode_substring_2,9
otpcAdmin_SecCode_wildcard,99%
otpcAdmin_SecCode_nomatch,12345678
otpcAdmin_SecCode_equity,4359
otpcAdmin_SecCode_warrant,69619
otpcAdmin_SecCode_trust,93100
otpcAdmin_SecCode_bond,96004
otpcAdmin_SecName_wildcard,PCCW%
otpcAdmin_SecName_exact,PCCW LIMITED
otpcAdmin_SecName_substring_1,PCCW
otpcAdmin_SecName_substring_2,PCCW L
otpcAdmin_SecName_case,pccw limited
otpcAdmin_SecName_Alpha_121,12345678912345678912345678912345678912ABCABCABCDABCABCABCDABCABCABCDABCABCABCDABCABCABCDABCABCABCDABCABCABCDABCABCABCDABC
otpcAdmin_SecName_nomatch,123
otpcAdmin_CGClientID_wildcard,CO01993%
otpcAdmin_CGClientID_exact,CO01993102
otpcAdmin_CGClientID_substring_1,CO01993
otpcAdmin_CGClientID_substring_2,99
otpcAdmin_CGClientID_case,co01993102
otpcAdmin_CGClientID_Num_11,12345678901
otpcAdmin_CGClientID_nomatch,abc
otpcAdmin_Calendar_wildcard,U%
otpcAdmin_Calendar_exact,US
otpcAdmin_Calendar_substring_1,U
otpcAdmin_Calendar_nomatch,EM
otpcAdmin_Calendar_lowercase,us
otpcAdmin_BizFuncGpID_wildcard,1%
otpcAdmin_BizFuncGpID_exact,11
otpcAdmin_BizFuncGpID_substring_1,1
otpcAdmin_BizFuncGpID_nomatch,27
otpcAdmin_BizFuncGpName_wildcard,%FA
otpcAdmin_BizFuncGpName_exact,BFA11
otpcAdmin_BizFuncGpName_substring_1,FA
otpcAdmin_BizFuncGpName_lowercase,bfa11
otpcAdmin_BizFuncGpName_uppercase,BFA11
otpcAdmin_BizFuncGpName_Alpha_21,ABCDEFGQWERTYUASDFGHJ
otpcAdmin_BizFuncGpName_nomatch,DBA
otpcAdmin_IndexName_wildcard,%SCEI
otpcAdmin_PriceLimitGroupID_wildcard,1%
otpcAdmin_PriceLimitGroupID_exact,11
otpcAdmin_PriceLimitGroupID_substring_1,1
otpcAdmin_PriceLimitGroupID_nomatch,27
otpcAdmin_PriceLimitGroupName_wildcard,%rice
otpcAdmin_PriceLimitGroupName_exact,PriceLimitGrp11
otpcAdmin_PriceLimitGroupName_substring_1,ceLimitGrp
otpcAdmin_PriceLimitGroupName_lowercase,pricelimitgrp11
otpcAdmin_PriceLimitGroupName_uppercase,PRICELIMITGRP11
otpcAdmin_PriceLimitGroupName_Alpha_21,ABCDEFGQWERTYUASDFGHJ
otpcAdmin_PriceLimitGroupName_nomatch,abc
otpcAdmin_FeeGroupID_wildcard,1%
otpcAdmin_FeeGroupID_exact,11
otpcAdmin_FeeGroupID_substring_1,1
otpcAdmin_FeeGroupID_nomatch,27
otpcAdmin_FeeGroupName_wildcard,%ee
otpcAdmin_FeeGroupName_exact,Fee Group 11
otpcAdmin_FeeGroupName_substring_1,ee Group
otpcAdmin_FeeGroupName_lowercase,fee Group 11
otpcAdmin_FeeGroupName_uppercase,FEE GROUP 11
otpcAdmin_FeeGroupName_Alpha_21,ABCDEFGQWERTYUASDFGHJ
otpcAdmin_FeeGroupName_nomatch,abc
otpcAdmin_IndexName_wildcard,%SCEI
otpcAdmin_IndexName_exact,HSCEI
otpcAdmin_IndexName_substring_1,SCE
otpcAdmin_IndexName_substring_2,SC
otpcAdmin_IndexName_uppercase,HSCEI
otpcAdmin_IndexName_lowercase,hscei
otpcAdmin_IndexName_Alpha_7,ABCDEFG
otpcAdmin_IndexName_nomatch,abc
otpcAdmin_MarketCode_wildcard,%HK
otpcAdmin_MarketCode_exact,SEHK
otpcAdmin_MarketCode_substring_1,SE
otpcAdmin_MarketCode_substring_2,HK
otpcAdmin_MarketCode_uppercase,SEHK
otpcAdmin_MarketCode_lowercase,sehk
otpcAdmin_MarketCode_Alpha_11,ABCDEFGHIJK
otpcAdmin_MarketCode_nomatch,abc
otpcAdmin_MarketSegmentCode_wildcard,%SD
otpcAdmin_MarketSegmentCode_exact,NASD
otpcAdmin_MarketSegmentCode_substring_1,AS
otpcAdmin_MarketSegmentCode_substring_2,NA
otpcAdmin_MarketSegmentCode_uppercase,NASD
otpcAdmin_MarketSegmentCode_lowercase,nasd
otpcAdmin_MarketSegmentCode_Alpha_7,abcdefg
otpcAdmin_MarketSegmentCode_nomatch,abc
otpcAdmin_SecurityAccessGroupID_exact,1
otpcAdmin_SecurityAccessGroupID_substring_1,1
otpcAdmin_SecurityAccessGroupID_wildcard,1%
otpcAdmin_SecurityAccessGroupID_nomatch,99
otpcAdmin_SecurityAccessGroupID_Alpha_3,123
otpcAdmin_SecurityAccessGroupName_wildcard,Default%
otpcAdmin_SecurityAccessGroupName_exact,DefaultAG
otpcAdmin_SecurityAccessGroupName_substring_1,fault
otpcAdmin_SecurityAccessGroupName_substring_2,Def
otpcAdmin_SecurityAccessGroupName_case,dEFAULTag
otpcAdmin_SecurityAccessGroupName_Alpha_21,123456789012345678901
otpcAdmin_SecurityAccessGroupName_nomatch,abc
otpcAdmin_ReportingGroupID_exact,10
otpcAdmin_ReportingGroupID_substring_1,1
otpcAdmin_ReportingGroupID_wildcard,1%
otpcAdmin_ReportingGroupID_nomatch,99
otpcAdmin_ReportingGroupID_Alpha_4,1234
otpcAdmin_ReportingGroupName_wildcard,De%
otpcAdmin_ReportingGroupName_exact,Debt
otpcAdmin_ReportingGroupName_substring_1,eb
otpcAdmin_ReportingGroupName_case,dEBT
otpcAdmin_ReportingGroupName_Alpha_21,123456789012345678901
otpcAdmin_ReportingGroupName_nomatch,abc
otpcAdmin_SpreadTableCode_exact,1
otpcAdmin_SpreadTableCode_substring_1,1
otpcAdmin_SpreadTableCode_wildcard,1%
otpcAdmin_SpreadTableCode_nomatch,99
otpcAdmin_SpreadTableCode_Alpha_4,1234
otpcAdmin_TradingRulesID_exact,1
otpcAdmin_TradingRulesID_substring_1,1
otpcAdmin_TradingRulesID_wildcard,1%
otpcAdmin_TradingRulesID_nomatch,99
otpcAdmin_TradingRulesID_Number_3,123
otpcAdmin_TradingRulesName_wildcard,Product%
otpcAdmin_TradingRulesName_exact,Product0,3,5,6,8
otpcAdmin_TradingRulesName_substring_1,Product
otpcAdmin_TradingRulesName_case,pRODUCT0,3,5,6,8
otpcAdmin_TradingRulesName_Alpha_21,123456789012345678901
otpcAdmin_TradingRulesName_nomatch,abc
otpcAdmin_VCMParamID_exact,1
otpcAdmin_VCMParamID_substring_1,1
otpcAdmin_VCMParamID_wildcard,1%
otpcAdmin_VCMParamID_nomatch,99
otpcAdmin_VCMParamID_Number_3,123
otpcAdmin_VCMParamName_wildcard,VCM%
otpcAdmin_VCMParamName_exact,VCM Group 1
otpcAdmin_VCMParamName_substring_1,VCM
otpcAdmin_VCMParamName_case,vcm group 1
otpcAdmin_VCMParamName_Alpha_21,123456789012345678901
otpcAdmin_VCMParamName_nomatch,abc
otpcAdmin_ProductGroupID_exact,1
otpcAdmin_ProductGroupID_substring_1,1
otpcAdmin_ProductGroupID_wildcard,1%
otpcAdmin_ProductGroupID_nomatch,99
otpcAdmin_ProductGroupID_Alpha_3,123
otpcAdmin_Time_Alpha,ab
otpcAdmin_Time_Num_1,8
otpcAdmin_Time_Num_23,23
otpcAdmin_Time_Num_3,123
otpcAdmin_Time_Num_24,24
otpcAdmin_Time_Num_25,25
otpcAdmin_Time_Num_60,60
otpcAdmin_Time_Num_61,61
otpcAdmin_Date_Num_3,201
otpcAdmin_Date_Num_4,2018
otpcAdmin_Date_Num_5,20180
otpcAdmin_Date_Num_00,00
otpcAdmin_Date_Num_000,00
otpcAdmin_Month_13,13
otpcAdmin_Day_32,32
otpcAdmin_CurrencyCode_exact,HKD
otpcAdmin_CurrencyCode_substring,E
otpcAdmin_CurrencyCode_wildcard,E%
otpcAdmin_CurrencyCode_nomatch,TOF
otpcAdmin_CurrencyCode_lowercase,hkd
otpcAdmin_CurrencyCode_upperlowercase,sEk
otpcAdmin_CurrencyCode_exact_2,SEK
otpcAdmin_CASParaID_substring,1
otpcAdmin_CASParaID_wildcard,1%
otpcAdmin_CASParaID_nomatch,99
otpcAdmin_CASParaName_substring,CAS Group
otpcAdmin_CASParaName_Alpha_21,ABCDEFGABCDEFGABCDEFG
otpcAdmin_CASParaName_wildcard,CAS Group%
otpcAdmin_CASParaName_nomatch,ABC
otpcAdmin_CASParaName_lowercase,cas group
otpcAdmin_CASParaName_upperlowercase,CAS group
otpcAdmin_CASParaName_Alpha_65,ABCDEABCDEABCDEABCDEABCDEABCDEABCDEABCDEABCDEABCDEABCDEABCDEABCDE