UpdTrdSupFac_Maintain_PageName_Value,Update Trade Support Facility
UpdTrdSupFac_Maintain_TSF_ActiveStatus_Value,ACTIVE
UpdTrdSupFac_Maintain_TSF_SuspensionStatus_Value,SUSPENDED
UpdTrdSupFac_Maintain_Online_SuspensionReason_Value,I
UpdTrdSupFac_Maintain_Scheduled_SuspensionReason_Value,S
UpdTrdSupFac_Maintain_Deferred_SuspensionReason_Value,D
UpdTrdSupFac_Maintain_FundSize_Value,9999999999
UpdTrdSupFac_Maintain_FundSize_InvalidValue,abc
UpdTrdSupFac_Maintain_ScheduleHour_Value,11
UpdTrdSupFac_Maintain_ScheduleMinute_Value,00
UpdTrdSupFac_Maintain_ScheduleSecond_Value,00
UpdTrdSupFac_Maintain_ScheduleHour_NewValue,11
UpdTrdSupFac_Maintain_ScheduleMinute_NewValue,10
UpdTrdSupFac_Maintain_ScheduleSecond_NewValue,10