EnqUpdAL_ScheduleStartTime_HH1,10
EnqUpdAL_ScheduleStartTime_MM1,00
EnqUpdAL_ScheduleStartTime_SS1,00
EnqUpdAL_ScheduleEndTime_HH1,12
EnqUpdAL_ScheduleEndTime_MM1,00
EnqUpdAL_ScheduleEndTime_SS1,00
EnqUpdAL_ScheduleStartTime_HH2,17
EnqUpdAL_ScheduleStartTime_MM2,00
EnqUpdAL_ScheduleStartTime_SS2,00
EnqUpdAL_ScheduleEndTime_HH2,21
EnqUpdAL_ScheduleEndTime_MM2,00
EnqUpdAL_ScheduleEndTime_SS2,00
EnqUpdAL_ScheduleStartTime_HH3,21
EnqUpdAL_ScheduleStartTime_MM3,00
EnqUpdAL_ScheduleStartTime_SS3,00
EnqUpdAL_ScheduleEndTime_HH3,22
EnqUpdAL_ScheduleEndTime_MM3,00
EnqUpdAL_ScheduleEndTime_SS3,00
EnqUpdAL_New_ART_HH1,19
EnqUpdAL_New_ART_MM1,00
EnqUpdAL_New_ART_HH2,19
EnqUpdAL_New_ART_MM2,10
EnqUpdAL_New_ART_HH3,19
EnqUpdAL_New_ART_MM3,20
ActionType_H,H
ActionType_S,S
ActionType_T,T
ActionType_R,R
ActionType_A,A
EnqUpdAL_Action_CancelScheduledAction,C - Cancel Scheduled Action
EnqUpdAL_Action_UpdateAnticipatedResumptionTime,U - Update Anticipated Resumption Time
EnqUpdAL_ActionListCode_Invalid_Alpha,wwwwwwwww
EnqUpdAL_ScheduleStartTime_Invalid_25,25
EnqUpdAL_ScheduleStartTime_HH13,13
EnqUpdAL_ScheduleStartTime_HH14,14
EnqUpdAL_ScheduleStartTime_MM00,00
EnqUpdAL_ScheduleStartTime_MM01,01
EnqUpdAL_ScheduleStartTime_MM59,59
EnqUpdAL_ScheduleStartTime_SS00,00