ViewPasswordPolicy
ViewPasswordPolicy_PasswordPolicyID,/[0-9][0-9]/
ViewPasswordPolicy_Name,/^(?=.{0,20}$)[a-zA-Z0-9_]*$/
ViewPasswordPolicy_MinPasswordLength,/[0-9][0-9][0-9]/
ViewPasswordPolicy_MaxPasswordLength,/[0-9][0-9][0-9]/
ViewPasswordPolicy_MinNumberUpperCaseLetters,/[0-9][0-9]/
ViewPasswordPolicy_MinNumberLowerCaseLetters,/[0-9][0-9]/
ViewPasswordPolicy_MinNumberDigits,/[0-9][0-9]/
ViewPasswordPolicy_MinNumberSpecialCharacters,/[0-9][0-9]/
ViewPasswordPolicy_PasswordValidityPeriodDays,/[0-9][0-9][0-9]/
ViewPasswordPolicy_PasswordExpiryAdvanceAlertDays,/[0-9][0-9]/
ViewPasswordPolicy_PasswordReuseCycle,/[0-9][0-9][0-9]/
ViewPasswordPolicy_NumberFailedAttempts,/[0-9][0-9][0-9][0-9]/
ViewPasswordPolicy_MaxNumberPasswordChangesPerDay,/[0-9][0-9]/
ViewPasswordPolicy_InactivityPeriodDays,/[0-9][0-9][0-9][0-9]/