MaintainReportingGroup_Input_ReportGroupID,//div/input,xpath
MaintainReportingGroup_Input_ReportGroupName,//div[3]/div/input,xpath  //div[2]/div[2]
MaintainReportingGroup_OptList_RecodeStatus,//div[2]/div[2],xpath
MaintainReportingGroup_Input_Description,//div[4]/div/input,xpath
MaintainReportingGroup_OptList_InstrumentType,//div[5]/div/select,xpath
MaintainReportingGroup_OptList_DefaultCurrency,//div[5]/div[2]/select,xpath
MaintainReportingGroup_Button_Submit,//div[2]/button,xpath
MaintainReportingGroup_Button_Cancel,//div[2]/button[2],xpath
MaintainReportingGroup_Button_Edit,//div[2]/button,xpath