MaintainVCMParamGroup_Input_VCMParameterID,vcmParamsId,id
MaintainVCMParamGroup_Input_Name,//div[3]/div/input,xpath
MaintainVCMParamGroup_Input_Description,//div[4]/div/input,xpath
MaintainVCMParamGroup_OptList_RecordStatus,inputRecordStatus,id
MaintainVCMParamGroup_Input_ReferencePriceLimit,//div[6]/div/input,xpath
MaintainVCMParamGroup_Input_ReferencePriceInterval,//div[7]/div/input,xpath
MaintainVCMParamGroup_Input_CoolingOffPeriod,//div[8]/div/input,xpath
MaintainVCMParamGroup_Input_MaxTriggerPerSession,//div[9]/div/input,xpath
MaintainVCMParamGroup_Input_MaxTriggerPerTradingDay,//div[10]/div/input,xpath