MaintainCGClient_Edit_FirmCode,//p/input,xpath
MaintainCGClient_Approval_Button,//div[2]/button,xpath
MaintainCGClient_Edit_OptList_CGClientType,//select,xpath
MaintainCGClient_Edit_FirmName,inputFirmName,id
MaintainCGClient_Edit_CGClientID,//div[2]/p/input,xpath
MaintainCGClient_Edit_NewPassword,//div[5]/p/input,xpath
MaintainCGClient_Edit_RecordStatus,//div[3]/div/p/select,xpath
MaintainCGClient_Edit_OptList_Protocol,//div[2]/p/select,xpath
MaintainCGClient_Edit_OptList_Blocked,//div[3]//div[3]/p/select,xpath
MaintainCGClient_Edit_OptList_BSSSolutions,//div[4]/p/select,xpath
MaintainCGClient_Edit_OptList_PasswordPolicy,//div[5]/p/select,xpath
MaintainCGClient_Edit_OptList_BizFuncGrpID,//div[2]//div[2]/div/p/select,xpath
MaintainCGClient_Edit_OptList_CancelOnDisconnect,//div[3]/div[3]/div/p/select,xpath
MaintainCGClient_Edit_TimeBeforeCancel,//div[3]/p/input,xpath
MaintainCGClient_Edit_OptList_BSSColocation,//div[2]/div[3]/div[2]/p/select,xpath
MaintainCGClient_Edit_OptList_TradingPurpose,//div[2]//div[3]/div[3]/p/select,xpath
MaintainCGClient_Edit_IPAddress1_Section1,//td[2]/input,xpath
MaintainCGClient_Edit_IPAddress1_Section2,//input[2],xpath
MaintainCGClient_Edit_IPAddress1_Section3,//input[3],xpath
MaintainCGClient_Edit_IPAddress1_Section4,//input[4],xpath
MaintainCGClient_Edit_IPAddress2_Section1,//td[4]/input,xpath
MaintainCGClient_Edit_IPAddress2_Section2,//td[4]/input[2],xpath
MaintainCGClient_Edit_IPAddress2_Section3,//td[4]/input[3],xpath
MaintainCGClient_Edit_IPAddress2_Section4,//td[4]/input[4],xpath
MaintainCGClient_Edit_IPAddress3_Section1,//tr[2]/td[2]/input,xpath
MaintainCGClient_Edit_IPAddress3_Section2,//tr[2]/td[2]/input[2],xpath
MaintainCGClient_Edit_IPAddress3_Section3,//tr[2]/td[2]/input[3],xpath
MaintainCGClient_Edit_IPAddress3_Section4,//tr[2]/td[2]/input[4],xpath
MaintainCGClient_Edit_IPAddress4_Section1,//tr[2]/td[4]/input,xpath
MaintainCGClient_Edit_IPAddress4_Section2,//tr[2]/td[4]/input[2],xpath
MaintainCGClient_Edit_IPAddress4_Section3,//tr[2]/td[4]/input[3],xpath
MaintainCGClient_Edit_IPAddress4_Section4,//tr[2]/td[4]/input[4],xpath
MaintainCGClient_Edit_OptList_DropCopyService,//div[4]/div[2]/div/p/select,xpath
MaintainCGClient_Edit_AddSecurityGroup,//th[3]/button,xpath
MaintainCGClient_Edit_OptList_SecurityAccessGroup,//td/select,xpath
MaintainCGClient_Edit_AddSecurityGroup_Remove_Button,//td[3]/button,xpath
MaintainCGClient_Edit__SecurityAccessGroup_Status_Row1,//tr[1]/td[2],xpath
MaintainCGClient_SecurityAccessGroup_Table,/html/body/div/div/div/section/div/div/div/div/form/div[3]/div/table,xpath