MaintainReportingGroup_Description_65,abcdefghidabcdefghidabcdefghidabcdefghidabcdefghidabcdefghid12345
MaintainReportingGroup_ReportGroupID11,11
MaintainReportingGroup_ReportGroupID90,90
MaintainReportingGroup_ReportGroupID101,101
MaintainReportingGroup_ReportGroupID102,102
MaintainReportingGroup_ReportGroupName,HS
MaintainReportingGroup_Description,ShangeHai Market Report GRP
MaintainReportingGroup_InstrumentType,TRST
MaintainReportingGroup_InstrumentType_CBBC,CBBC
MaintainReportingGroup_GpID_1,17
MaintainReportingGroup_GpName_1,Test 1
MaintainReportingGroup_Desc_1,Reporting Group 17
MaintainReportingGroup_InstrumentType_1,EQTY
MaintainReportingGroup_RecordStatus_Active,A - Active
MaintainReportingGroup_RecordStatus_Delete,D - Deleted
