EnqUpdScheduleTradStates_Display_EnquiryTime,outEnquireTimeStr,id
EnqUpdScheduleTradStates_Refresh_Button,btnRefresh,id
EnqUpdScheduleTradStates_CheckBox_MarketSeg_MAIN,//tr[5]/td/input,xpath
EnqUpdScheduleTradStates_CheckBox_MarketSeg_NASD,//tr[6]/td/input,xpath
EnqUpdScheduleTradStates_CheckBox_MarketSeg_GEM,//tr[7]/td/input,xpath
EnqUpdScheduleTradStates_CheckBox_MarketSeg_ETS,//tr[8]/td/input,xpath
EnqUpdScheduleTradStates_Display_NoOfSelectedSchedule,//span[2],xpath
EnqUpdScheduleTradStates_OptList_NewAutoControl,inputTradingStateControlType,id
EnqUpdScheduleTradStates_OptList_NewTSType,inputTradingSessionType,id
EnqUpdScheduleTradStates_OptList_NewTS,inputTradingStateId,id
EnqUpdScheduleTradStates_RadioButton_EffectiveNow,inputEffectiveNow,id
EnqUpdScheduleTradStates_RadioButton_ScheduleAt,inputEffectiveTime,id
EnqUpdScheduleTradStates_Input_ScheduleAtHH,inputEffectiveTime_HH,id
EnqUpdScheduleTradStates_Input_ScheduleAtMM,inputEffectiveTime_MM,id
EnqUpdScheduleTradStates_Input_ScheduleAtSS,inputEffectiveTime_SS,id
EnqUpdScheduleTradStates_Input_DurationMM,inputDuration_HH,id
EnqUpdScheduleTradStates_Input_DurationSS,inputDuration_MM,id