MaintainSSRulesGrp_Search_ResultRow_1,//td,xpath
MaintainSSRulesGrp_Search_ResultTable,//section/div/div/div[2],xpath
MaintainSSRulesGrp_PageName,header_row_2,id
MaintainSSRulesGrp_Input_SSRulesGrpID,inputShortsellParamsId,id
MaintainSSRulesGrp_OptList_RecordStaus,inputRecordStatus,id
MaintainSSRulesGrp_Input_Name,inputName,id
MaintainSSRulesGrp_Input_Description,inputDescription,id
MaintainSSRulesGrp_OptList_SSAllowInManualTrade,inputIsManualTradingSsAllowed,id
MaintainSSRulesGrp_OptList_SSAllowInSemiAutoTrade,inputIsSemiautoTradingSsAllowed,id
MaintainSSRulesGrp_OptList_SSAllowInPOS,inputIsPosSsAllowed,id
MaintainSSRulesGrp_OptList_SSAllowInCTS,inputIsCtsSsAllowed,id
MaintainSSRulesGrp_OptList_SSAllowInCAS,inputIsCasSsAllowed,id
MaintainSSRulesGrp_OptList_SSAllowInMSA,inputIsMsaSsAllowed,id
MaintainSSRulesGrp_OptList_RelaxDowntickInPOS,inputPosRelaxDowntickRule,id
MaintainSSRulesGrp_OptList_RelaxDowntickInCTS,inputCtsRelaxDowntickRule,id
MaintainSSRulesGrp_OptList_RelaxDowntickInCAS,inputCasRelaxDowntickRule,id
MaintainSSRulesGrp_OptList_RelaxDowntickInMSA,inputMsaRelaxDowntickRule,id