UpdPreTradingState_RadioButton_MarketSegment,//div/input,xpath
UpdPreTradingState_OptList_MarketSegment,inputMarketSegment,id
UpdPreTradingState_RadioButton_ProductGroup,//div[3]/input,xpath
UpdPreTradingState_OptList_ProductGp,inputProductGroup,id
UpdPreTradingState_Display_Current_AutoControl,outCurrentTradingStateControlType,id
UpdPreTradingState_Display_Current_TradSessionType,outCurrentTradingSessionType,id
UpdPreTradingState_Display_Current_TradState,outCurrentTradingStateId,id
UpdPreTradingState_Display_Current_EffectiveTime,outCurrentStartTime,id
UpdPreTradingState_Display_Current_AOAllowed,inputCurrentIsAoAllowed,id
UpdPreTradingState_Display_Current_ALOAllowed,inputCurrentIsAloAllowed,id
UpdPreTradingState_Display_Current_LOAllowed,inputCurrentIsLoAllowed,id
UpdPreTradingState_Display_Current_ELOAllowed,inputCurrentIsEloAllowed,id
UpdPreTradingState_Display_Current_SLOAllowed,inputCurrentIsSloAllowed,id
UpdPreTradingState_Display_Current_QuoteAllowed,inputCurrentIsQuoteAllowed,id
UpdPreTradingState_Display_Current_TCRAllowed,inputCurrentIsManualTradeAllowed,id
UpdPreTradingState_Display_Current_FOKAllowed,inputCurrentIsFokAllowed,id
UpdPreTradingState_Display_Current_SemiAutoTrading,inputCurrentIsSemiAutoTradingAllowed,id
UpdPreTradingState_Display_Current_LPFunc,inputCurrentLpFunctionsAllowed,id
UpdPreTradingState_Display_Current_SMMFunc,inputCurrentSmmFunctionsAllowed,id
UpdPreTradingState_Display_Current_VCMFunc,inputCurrentIsVcmApplicable,id
UpdPreTradingState_Display_Current_ResetVCMRP,inputCurrentMustResetVcmRefPrice,id
UpdPreTradingState_Display_Current_VCMMonitoringInterval_StartTime,outVcmMonStartTime,id
UpdPreTradingState_Display_Current_VCMMonitoringInterval_EndTime,outVcmMonEndTime,id
UpdPreTradingState_OptList_NewAutoControl,inputTradingStateControlType,id
UpdPreTradingState_OptList_NewTradingSession,inputTradingSessionType,id
UpdPreTradingState_OptList_NewTradingState,inputTradingStateId,id
UpdPreTradingState_RadioButton_EffectiveNow,inputEffectiveNow,id
UpdPreTradingState_RadioButton_ScheduleAt,inputEffectiveTime,id
UpdPreTradingState_Input_ScheduleAtHH,inputEffectiveTime_HH,id
UpdPreTradingState_Input_ScheduleAtMM,inputEffectiveTime_MM,id
UpdPreTradingState_Input_ScheduleAtSS,inputEffectiveTime_SS,id
UpdPreTradingState_Input_DurationMM,inputDuration_MM,id
UpdPreTradingState_Input_DurationSS,inputDuration_SS,id
UpdPreTradingState_CheckBox_AOAllowed,inputIsAoAllowed,id
UpdPreTradingState_CheckBox_ALOAllowed,inputIsAloAllowed,id
UpdPreTradingState_CheckBox_LOAllowed,inputIsLoAllowed,id
UpdPreTradingState_CheckBox_ELOAllowed,inputisEloAllowed,id
UpdPreTradingState_CheckBox_SLOAllowed,inputIsSloAllowed,id
UpdPreTradingState_CheckBox_QuoteAllowed,inputQuoteFunctionAllowed,id
UpdPreTradingState_CheckBox_TCRAllowed,inputIsTcrAllowed,id
UpdPreTradingState_CheckBox_FOKAllowed,inputIsFokAllowed,id
UpdPreTradingState_CheckBox_SemiAutoTrading,inputIsSemiAutoTradingAllowed,id
UpdPreTradingState_CheckBox_LPFunc,inputLpFunctionsAllowed,id
UpdPreTradingState_CheckBox_SMMFunc,inputSmmFunctionsAllowed,id
UpdPreTradingState_CheckBox_VCMFunc,inputIsVcmApplicable,id
UpdPreTradingState_CheckBox_ResetVCMRP,inputMustResetVcmRefPrice,id
UpdPreTradingState_Input_VCMMonitorInterval_StartTimeHH,inputVcmMonStartTime_HH,id
UpdPreTradingState_Input_VCMMonitorInterval_StartTimeMM,inputVcmMonStartTime_MM,id
UpdPreTradingState_Input_VCMMonitorInterval_StartTimeSS,inputVcmMonStartTime_SS,id
UpdPreTradingState_Input_VCMMonitorInterval_EndTimeHH,inputVcmMonEndTime_HH,id
UpdPreTradingState_Input_VCMMonitorInterval_EndTimeMM,inputVcmMonEndTime_MM,id
UpdPreTradingState_Input_VCMMonitorInterval_EndTimeSS,inputVcmMonEndTime_SS,id
UpdPreTradingState_Display_Title_TradingState,//div[1]/table/tbody/tr[1]/td/div/label,xpath
UpdPreTradingState_Display_Title_AutoControl,//div[2]/table/tbody/tr[1]/td/div/label,xpath
UpdPreTradingState_Display_POS,//td/div[1]/table/tbody/tr[1]/td,xpath
UpdPreTradingState_Display_POS_OI,//td/div[1]/table/tbody/tr[2]/td,xpath
UpdPreTradingState_Display_POS_NC,//td/div[1]/table/tbody/tr[3]/td,xpath
UpdPreTradingState_Display_POS_MA,//td/div[1]/table/tbody/tr[4]/td,xpath
UpdPreTradingState_Display_POS_BL,//td/div[1]/table/tbody/tr[5]/td,xpath
UpdPreTradingState_Display_CTS,//td/div[2]/table/tbody/tr[1]/td,xpath
UpdPreTradingState_Display_CTS_OC,//td/div[2]/table/tbody/tr[2]/td,xpath
UpdPreTradingState_Display_CTS_CT,//td/div[2]/table/tbody/tr[3]/td,xpath
UpdPreTradingState_Display_CTS_EI,//td/div[2]/table/tbody/tr[4]/td,xpath
UpdPreTradingState_Display_CAS,/html//td/div[3]/table/tbody/tr[1]/td,xpath
UpdPreTradingState_Display_CAS_RP,//td/div[3]/table/tbody/tr[2]/td,xpath
UpdPreTradingState_Display_CAS_OI,//td/div[3]/table/tbody/tr[3]/td,xpath
UpdPreTradingState_Display_CAS_NW,//td/div[3]/table/tbody/tr[4]/td,xpath
UpdPreTradingState_Display_CAS_RC,//td/div[3]/table/tbody/tr[5]/td,xpath
UpdPreTradingState_Display_CAS_MA,//td/div[3]/table/tbody/tr[6]/td,xpath
UpdPreTradingState_Display_General,//td/div[4]/table/tbody/tr[1]/td,xpath
UpdPreTradingState_Display_Gen_CL,//td/div[4]/table/tbody/tr[2]/td,xpath
UpdPreTradingState_Display_Gen_DC,//td/div[4]/table/tbody/tr[3]/td,xpath
UpdPreTradingState_Display_Auto,//div[3]/div[2]/table/tbody/tr[2]/td,xpath
UpdPreTradingState_Display_Manual,//div[3]/div[2]/table/tbody/tr[3]/td,xpath