RequestActivityLog_Display_RequestID,inputTransactionId,id
RequestActivityLog_Display_ApproverActionDateTime,inputAuthDateTime,id
RequestActivityLog_Display_Category,inputTransactionType,id
RequestActivityLog_Display_SystemRemarks,inputTransactionErrorDesc,id
RequestActivityLog_Display_EffectiveDate,inputEffectiveDate,id
RequestActivityLog_Display_SubmittedBy,inputCreUserId,id
RequestActivityLog_Display_ExecutionDateTime,inputExecDateTime,id
RequestActivityLog_Display_Approver,inputAuthUserId,id
RequestActivityLog_Display_RequestStatus,inputTransactionStatus,id