MaintainSecurity_AmericanEuroStyle_1,A - American
MaintainSecurity_AmericanEuroStyle_2,E - Euro
MaintainSecurity_BuyLotSize,10
MaintainSecurity_BuyLotSize_1,1000000
MaintainSecurity_CallPrice_1,1000000
MaintainSecurity_CallPrice_2,21000
MaintainSecurity_callPut_1,C - Call
MaintainSecurity_callPut_2,O - Other
MaintainSecurity_callPut_3,P - Put
MaintainSecurity_CASParamID_NotSpecified,Not Specified
MaintainSecurity_CASParamID_2,CAS Params Group3
MaintainSecurity_Classification_1,1 - Normal
MaintainSecurity_Classification_2,2 - LP
MaintainSecurity_Classification_3,3 - SMM
MaintainSecurity_ClosingPrice_1,1000000
MaintainSecurity_ClosingPrice_2,10.5
MaintainSecurity_ClosingPrice_decimap5,0.11111
MaintainSecurity_ClosingPrice_decimap6,0.111111
MaintainSecurity_ConversionRatio_1,1000000
MaintainSecurity_ConversionRatio_2,100
MaintainSecurity_CouponRate_1,1000000
MaintainSecurity_CurrencyCode_AUD,AUD
MaintainSecurity_CurrencyCode_CAD,CAD
MaintainSecurity_CurrencyCode_CNY,CNY
MaintainSecurity_CurrencyCode_EUR,EUR
MaintainSecurity_CurrencyCode_GBP,GBP
MaintainSecurity_CurrencyCode_HKD,HKD
MaintainSecurity_CurrencyCode_JPY,JPY
MaintainSecurity_CurrencyCode_QWE,QWE
MaintainSecurity_CurrencyCode_RTY,RTY
MaintainSecurity_CurrencyCode_SGD,SGD
MaintainSecurity_CurrencyCode_USD,USD
MaintainSecurity_decimap10,0.111111111
MaintainSecurity_decimap5,0.11111
MaintainSecurity_decimap9,0.111111111
MaintainSecurity_DelistingDate_1,2017-01-25
MaintainSecurity_DelistingDate_2,2017-12-01
MaintainSecurity_Entitlement_1,1000000
MaintainSecurity_Exotic_1,N - Normal
MaintainSecurity_Exotic_2,X - Exotic
MaintainSecurity_ExpiryDate_1,2017-01-19
MaintainSecurity_ExpiryDate_2,2017-12-09
MaintainSecurity_FaceValueCurrencyCode_1,EUR
MaintainSecurity_FaceValueCurrencyCode_2,GBP
MaintainSecurity_FaceValueCurrencyCode_3,HKD
MaintainSecurity_FaceValueCurrencyCode_4,JPY
MaintainSecurity_FaceValueTradingLot_1,1000000
MaintainSecurity_FeeGpName_1,Fee Group 1
MaintainSecurity_FeeID_1,Fee Group1
MaintainSecurity_FeeID_2,Fee Group2
MaintainSecurity_FeeID_3,Fee Group3
MaintainSecurity_FeeID_NotSpecified,Not Specified
MaintainSecurity_FreeText1_1,ABCDEFGHIJK
MaintainSecurity_FreeText1_2,Testing Purpose 1
MaintainSecurity_FreeText2_2,Testing Purpose 2
MaintainSecurity_FutureDividend_1,1000000
MaintainSecurity_FutureDividend_2,10
MaintainSecurity_FutureDividendDate_1,2017-01-19
MaintainSecurity_incorrectDate_1,2017 - 13 - 40
MaintainSecurity_InstrumentType,Equity
MaintainSecurity_InstrumentType_bond,Bond
MaintainSecurity_InstrumentType_equity,Equity
MaintainSecurity_InstrumentType_trust,Trust
MaintainSecurity_InstrumentType_warrant,Warrant
MaintainSecurity_InvestorType_P,P - Professional Inverstor
MaintainSecurity_InvestorType_R,R - Retail Investor
MaintainSecurity_ISIN_1,ABC1000002Z4
MaintainSecurity_ListedStatus_1,Listed
MaintainSecurity_ListedStatus_2,Delisted
MaintainSecurity_ListingDate,2017-01-01
MaintainSecurity_ListingDate_1,2017-01-19
MaintainSecurity_ListingDate_2,2017-01-21
MaintainSecurity_MarketSeg_1,MAIN
MaintainSecurity_MarketSeg_2,TEST
MaintainSecurity_MaturityDate_1,2017-01-19
MaintainSecurity_MaturityDate_2,2017-04-15
MaintainSecurity_NameBigFive1_1,A140
MaintainSecurity_NameEng_1,ABC INTERTIONAL COMPANY
MaintainSecurity_NameGB1_1,A1A1
MaintainSecurity_numWarrantEnt_1,1000
MaintainSecurity_Option_1,Y - Yes
MaintainSecurity_Option_2,N - No
MaintainSecurity_PriceLimitID_NotSpecified,Not Specified
MaintainSecurity_PriceLimitID_2,PriceLimitGrp2
MaintainSecurity_ProductGroupID,MAIN Prd Grp 1
MaintainSecurity_ProductGroupID_PG5,PG5
MaintainSecurity_ProductType,Equity - Ord Shares
MaintainSecurity_ProductType_bond_debt,Bond - Debt Security
MaintainSecurity_ProductType_CBBC,Warrant - CBBC
MaintainSecurity_ProductType_equity_hdr,Equity - HDR
MaintainSecurity_ProductType_equity_ordshare,Equity - Ord Shares
MaintainSecurity_ProductType_equity_prefshare,Equity - Pref Shares
MaintainSecurity_ProductType_equity_rights,Equity - Rights
MaintainSecurity_ProductType_trust_etf,Trust - ETF
MaintainSecurity_ProductType_trust_lip,Trust - LIP
MaintainSecurity_ProductType_trust_other,Trust - Other
MaintainSecurity_ProductType_trust_reit,Trust - REIT
MaintainSecurity_ProductType_warrant_CBBC,Warrant - CBBC
MaintainSecurity_ProductType_warrant_DW,Warrant - DW
MaintainSecurity_ProductType_warrant_ELI,Warrant - ELI
MaintainSecurity_ProductType_warrant_equity,Warrant - Equity
MaintainSecurity_ProductType_warrant_Inline,Warrant - Inline
MaintainSecurity_RecordStatus_Active,A - Active
MaintainSecurity_RecordStatus_Delete,D - Deleted
MaintainSecurity_ReportingGroup,Equity - Ord Shares
MaintainSecurity_ReportingGroup_bond_debt,Bond - Debt Security
MaintainSecurity_ReportingGroup_equity_ordshare,Equity - Ord Shares
MaintainSecurity_ReportingGroup_equity_prefshare,Equity - Pref Shares
MaintainSecurity_ReportingGroup_trust_lip,Trust - LIP
MaintainSecurity_ReportingGroup_trust_other,Trust - Other
MaintainSecurity_ReportingGroup_trust_reit,Trust - REIT
MaintainSecurity_ReportingGroup_warrant_CBBC,Warrant - CBBC
MaintainSecurity_ReportingGroup_warrant_DW,Warrant - DW
MaintainSecurity_ReportingGroup_warrant_ELI,Warrant - ELI
MaintainSecurity_ReportingGroup_warrant_equity,Warrant - Equity
MaintainSecurity_ReportingGroup_warrant_Inline,Warrant - Inline
MaintainSecurity_SecAccessGrp_1,SAG1
MaintainSecurity_SecAccessGrp_Status_1,Pending
MaintainSecurity_SecAccessGrp_Status_2,Assigned
MaintainSecurity_SecAccessGrp_Status_3,Deleted
MaintainSecurity_SecurityCode,AL8125
MaintainSecurity_SecurityCode_1,8215
MaintainSecurity_SecurityCode_2,3031
MaintainSecurity_SecurityCode_3,4500
MaintainSecurity_SecurityCode_4,11296
MaintainSecurity_SecurityCode_5,60399
MaintainSecurity_SecurityCode_6,6800
MaintainSecurity_SecurityCode_7,450
MaintainSecurity_SecurityCode_8,500
MaintainSecurity_SecurityCode_OverMax,100000
MaintainSecurity_SecurityCode_Zero,0
MaintainSecurity_SecurityCode1,100
MaintainSecurity_SecurityCode11017,11017
MaintainSecurity_SecurityCode12463,12463
MaintainSecurity_SecurityCode1288,1288
MaintainSecurity_SecurityCode1428,1428
MaintainSecurity_SecurityCode1501,1501
MaintainSecurity_SecurityCode1502,1502
MaintainSecurity_SecurityCode2,101
MaintainSecurity_SecurityCode2388,2388
MaintainSecurity_SecurityCode267,267
MaintainSecurity_SecurityCode27,27
MaintainSecurity_SecurityCode2834,2834
MaintainSecurity_SecurityCode3,6940
MaintainSecurity_SecurityCode388,388
MaintainSecurity_SecurityCode4,9000
MaintainSecurity_SecurityCode60007,60007
MaintainSecurity_SecurityCode60012,60012
MaintainSecurity_SecurityCode60013,60013
MaintainSecurity_SecurityCode60097,60097
MaintainSecurity_SecurityCode60129,60129
MaintainSecurity_SecurityCode60378,60378
MaintainSecurity_SecurityCode60527,60527
MaintainSecurity_SecurityCode60904,60904
MaintainSecurity_SecurityCode61249,61249
MaintainSecurity_SecurityCode61507,61507
MaintainSecurity_SecurityCode65036,65036
MaintainSecurity_SecurityCode688,688
MaintainSecurity_SecurityCode69768,69768
MaintainSecurity_SecurityCode700,700
MaintainSecurity_SecurityCode81000,81000
MaintainSecurity_SecurityCode82834,82834
MaintainSecurity_SecurityCode60701,60701
MaintainSecurity_SecurityCode60729,60729
MaintainSecurity_SecurityCode61011,61011
MaintainSecurity_SecurityCode9834,9834
MaintainSecurity_SecurityCode999,999
MaintainSecurity_SecurityCode99999,99999
MaintainSecurity_SecurityCode762,762
MaintainSecurity_SecurityCode61651,61651
MaintainSecurity_SecurityCode62256,62256
MaintainSecurity_SecurityCode64810,64810
MaintainSecurity_SecurityState_Active,Active
MaintainSecurity_SecurityState_Halted,Halted
MaintainSecurity_SecurityState_Suspended,Suspended
MaintainSecurity_ShortName_1,ABC GROUP
MaintainSecurity_ShortName_2,Testing 2
MaintainSecurity_ShortName81000,SIT Test 81000
MaintainSecurity_ShortSellGrpID_NotSpecified,Not Specified
MaintainSecurity_ShortSellGrpID_2,Short Sell Group 5
MaintainSecurity_SpreadTableCode,1
MaintainSecurity_SpreadTableCode_1,Spread Table 01
MaintainSecurity_SpreadTableCode_2,Spread Table 02
MaintainSecurity_SpreadTableCode_3,Spread Table 03
MaintainSecurity_StrikePrice1_1,1000000
MaintainSecurity_StrikePrice2_1,1000000
MaintainSecurity_UnderlyingIndName_1,ABC123
MaintainSecurity_UnderlyingSecCode_1,388
MaintainSecurity_UnderlyingType_Index,I - Index
MaintainSecurity_UnderlyingType_Security,S - Security
MaintainSecurity_VCMParamID_NotSpecified,Not Specified
MaintainSecurity_VCMParamID_2,VCM Group2
MaintainSecurity_Date_CalenderTitle,February 2017