MaintainCASParaGp_paraID_1,4
MaintainCASParaGp_name_1,"CAS Group 4"
MaintainCASParaGp_desc_1,"Testing purpose - To be deleted"
MaintainCASParaGp_priceLimit_1,10
MaintainCASParaGp_RCDuration_1,120
MaintainCASParaGp_paraID_2,12
MaintainCASParaGp_name_2,"CAS Group 12"
MaintainCASParaGp_desc_2,"Testing purpose"
MaintainCASParaGp_priceLimit_2,5
MaintainCASParaGp_RCDuration_2,120
MaintainCASParaGp_paraID_3,11
MaintainCASParaGp_RecordStatus_Active,A-Active
MaintainCASParaGp_RecordStatus_Delete,D-Deleted