MaintainSpreadTable_Input_SpreadTableCode,inputSpreadTableId,id
MaintainSpreadTable_Input_MaxDPAllowed,//div[3]/div/input,xpath
MaintainSpreadTable_Input_AbsoluteMinPrice,//div[2]/input,xpath
MaintainSpreadTable_Input_PriceFrom,inputName,id
MaintainSpreadTable_Input_AbsoluteMaxPrice,//div[4]/div[2]/input,xpath
MaintainSpreadTable_OptList_RecordStatus,//div[2]/div[2]/select,xpath
MaintainSpreadTable_AddButton,/html/body/div/div/div/section/div/div/div/form/div[1]/table/tbody/tr[1]/td/div[2]/div/span,xpath
MaintainSpreadTable_RemoveButton_Row1,/html/body/div/div/div/section/div/div/div/form/div[1]/table/tbody/tr[2]/td/button,xpath
MaintainSpreadTable_Input_PriceTo_Row1,/html/body/div/div/div/section/div/div/div/form/div[1]/table/tbody/tr[2]/td/input[1],xpath
MaintainSpreadTable_Input_SpreadValue_Row1,/html/body/div/div/div/section/div/div/div/form/div[1]/table/tbody/tr[2]/td/input[2],xpath
MaintainSpreadTable_RemoveButton_Row2,/html/body/div/div/div/section/div/div/div/form/div[1]/table/tbody/tr[3]/td/button,xpath
MaintainSpreadTable_Input_PriceTo_Row2,/html/body/div/div/div/section/div/div/div/form/div[1]/table/tbody/tr[3]/td/input[1],xpath
MaintainSpreadTable_Input_SpreadValue_Row2,/html/body/div/div/div/section/div/div/div/form/div[1]/table/tbody/tr[3]/td/input[2],xpath
MaintainSpreadTable_RemoveButton_Row3,/html/body/div/div/div/section/div/div/div/form/div[1]/table/tbody/tr[4]/td/button,xpath
MaintainSpreadTable_Input_PriceTo_Row3,/html/body/div/div/div/section/div/div/div/form/div[1]/table/tbody/tr[4]/td/input[1],xpath
MaintainSpreadTable_Input_SpreadValue_Row3,/html/body/div/div/div/section/div/div/div/form/div[1]/table/tbody/tr[4]/td/input[2],xpath
MaintainSpreadTable_RemoveButton_Row4,/html/body/div/div/div/section/div/div/div/form/div[1]/table/tbody/tr[5]/td/button,xpath
MaintainSpreadTable_Input_PriceTo_Row4,/html/body/div/div/div/section/div/div/div/form/div[1]/table/tbody/tr[5]/td/input[1],xpath
MaintainSpreadTable_Input_SpreadValue_Row4,/html/body/div/div/div/section/div/div/div/form/div[1]/table/tbody/tr[5]/td/input[2],xpath
MaintainSpreadTable_RemoveButton_Row5,/html/body/div/div/div/section/div/div/div/form/div[1]/table/tbody/tr[6]/td/button,xpath
MaintainSpreadTable_Input_PriceTo_Row5,/html/body/div/div/div/section/div/div/div/form/div[1]/table/tbody/tr[6]/td/input[1],xpath
MaintainSpreadTable_Input_SpreadValue_Row5,/html/body/div/div/div/section/div/div/div/form/div[1]/table/tbody/tr[6]/td/input[2],xpath