ViewPasswordPolicy_Display_PasswordPolicyID,outPwdPolicyId,id
ViewPasswordPolicy_Display_Name,outPwdPolicyName,id
ViewPasswordPolicy_Display_MinPasswordLength,outMinPwdLength,id
ViewPasswordPolicy_Display_MaxPasswordLength,outMaxPwdLength,id
ViewPasswordPolicy_Display_MinNumberofUpperCaseLetters,outMinNumOfUpperCaseLetter,id
ViewPasswordPolicy_Display_MinNumberofLowerCaseLetters,outMinNumOfLowerCaseLetter,id
ViewPasswordPolicy_Display_MinNumberofDigits,outMinNumOfDigits,id
ViewPasswordPolicy_Display_MinNumberofSpecialCharacters,outMinNumOfSpecialChar,id
ViewPasswordPolicy_Display_PasswordValidityPeriod,outPwdValidityPeriod,id
ViewPasswordPolicy_Display_PasswordExpiryAdvanceAlert,outPwdExpiryAdvanceAlert,id
ViewPasswordPolicy_OptList_EnforcePasswordExpiryCheck,inputEnforcePwdExpiryCheck,id
ViewPasswordPolicy_Display_PasswordReuseCycle,outPwdReuseCycle,id
ViewPasswordPolicy_Display_NumberofFailedAttempts,outNumOfFailedAttempts,id
ViewPasswordPolicy_OptList_ChangePasswordonfirstLogon,inputForcePwdChange,id
ViewPasswordPolicy_Display_MaxNumberofPasswordChangesPerDay,outMaxNumOfPwdChangePerDay,id
ViewPasswordPolicy_Display_InactivityPeriod,outInactivityPeriod,id