CxlBrokerOrders_Input_SecCode_123,123
CxlBrokerTrades_BrokerNum_1,3201
CxlBrokerTrades_BrokerNum_3digital,212
CxlBrokerTrades_BrokerNum_5digital,21250
CxlBrokerTrades_Input_SecCode_1,8215
CxlBrokerTrades_Input_Time_incorrectFormat_1,2017-01-25
CxlBrokerTrades_Input_Time_incorrectFormat_2,10/00/00
CxlBrokerTrades_Input_StartTime_1,10:00:00
CxlBrokerTrades_Input_EndTime_1,11:00:00
CxlBrokerTrades_OptList_OrderSide_B,B - Bid
CxlBrokerTrades_OptList_OrderSide_A,A - Ask
CxlBrokerTrades_OptList_Rejected_Y,Y - Yes
CxlBrokerTrades_OptList_Rejected_N,N - No
CxlBrokerTrades_OptList_TradeType_OddLot,Odd Lot
CxlBrokerTrades_OptList_TradeType_overseas,Overseas