MaintainLPSMMBrokerSecurityAssignment_PageName,header_row_2,id
MaintainLPSMMBrokerSecurityAssignment_Search_ResultRow_1,//td,xpath
MaintainLPSMMBrokerSecurityAssignment_Search_ResultTable,//table,xpath
MaintainLPSMMBrokerSecurityAssignment_Display_BrokerNumber,spanBrokerId,id
MaintainLPSMMBrokerSecurityAssignment_OptList_BrokerType,selectBrokerType,id
MaintainLPSMMBrokerSecurityAssignment_OptList_RecordStatus,selectRecordStatus,id
MaintainLPSMMBrokerSecurityAssignment_Input_SecurityCode,securityId,id
MaintainLPSMMBrokerSecurityAssignment_OptList_RelaxSpreadRule,selectRelaxSpreadRule,id
MaintainLPSMMBrokerSecurityAssignment_OptList_AllowSSonNonSSStocks,selectAllowSsForNonSsStocks,id
MaintainLPSMMBrokerSecurityAssignment_OptList_SSGrpIDForBroker,selectShortSellParamsId,id
MaintainLPSMMBrokerSecurityAssignment_OptList_PageOpt,//div[2]/div/select
MaintainLPSMMBrokerSecurityAssignment_Button_Edit,btnEdit,id
MaintainLPSMMBrokerSecurityAssignment_Button_Cancel,btnCancel,id
MaintainLPSMMBrokerSecurityAssignment_Button_Add,btnAdd,id
MaintainLPSMMBrokerSecurityAssignment_Button_Modify,btnModify,id
MaintainLPSMMBrokerSecurityAssignment_Button_Delete,btnDelete,id