MaintainSecurity_SecurityEquity1,7901
MaintainSecurity_SecurityEquity2,7902
MaintainSecurity_SecurityEquity3,7903
MaintainSecurity_SecurityEquity4,7904
MaintainSecurity_SecurityWarrant1,20000
MaintainSecurity_SecurityCBBC1,62000
MaintainSecurity_SecurityEquity7,2506
MaintainSecurity_SecurityWarrant3,20003
MaintainSecurity_SecurityWarrant4,20004
MaintainSecurity_SecurityBond1,5000
MaintainSecurity_SecurityTrust1,3200
MaintainSecurity_SecurityTrust2,3201
MaintainSecurity_SecurityTrust3,3202
MaintainSecurity_SecurityTrust4,3203
MaintainSecurity_SecurityEquity5,2505
MaintainSecurity_SecurityEquity6,2399
MaintainSecurity_SecurityEquity8,2398
MaintainSecurity_SecurityEquity9,2393
MaintainSecurity_SecurityEquity10,2389
MaintainSecurity_SecurityBond2,86602
MaintainSecurity_SecurityBond3,5702
MaintainSecurity_SecurityBond4,5704
MaintainSecurity_SecurityBond5,5705
MaintainSecurity_SecurityBond6,5706
MaintainSecurity_SecurityBond7,5707
MaintainSecurity_SecurityBond8,5708
MaintainSecurity_SecurityBond9,5712
MaintainSecurity_SecurityBond10,5714
MaintainSecurity_SecurityBond11,5715
MaintainSecurity_SecurityBond12,5716
MaintainSecurity_SecurityBond13,5717
MaintainSecurity_SecurityWarrant5,20005
MaintainSecurity_SecurityWarrant6,20006
MaintainSecurity_SecurityWarrant7,20007
MaintainSecurity_SecurityWarrant8,20008
MaintainSecurity_SecurityWarrant9,20009
MaintainSecurity_SecurityWarrant10,20010
MaintainSecurity_SecurityWarrant11,20011
MaintainSecurity_SecurityWarrant12,20012
MaintainSecurity_SecurityWarrant13,20014
MaintainSecurity_SecurityWarrant14,20016
MaintainSecurity_SecurityCBBC2,60000
MaintainSecurity_SecurityCBBC3,60001
MaintainSecurity_SecurityCBBC4,60002
MaintainSecurity_SecurityCBBC5,60003
MaintainSecurity_SecurityCBBC6,60004
MaintainSecurity_SecurityCBBC7,60005
MaintainSecurity_ShortName1,test for 1 Equity - Ordinary Shares
MaintainSecurity_Name1,test for 1 Equity - Ordinary Shares
MaintainSecurity_MarketSeg1,MAIN
MaintainSecurity_InstrumentType1,Equity
MaintainSecurity_ProductType1,Equity - Ord Shares
MaintainSecurity_ListingDate1,2017-01-01
MaintainSecurity_ReportingGroup1,Equity - Ord Shares
MaintainSecurity_SpreadTableCode1,Spread Table 01
MaintainSecurity_BuyLotSize1,1000
MaintainSecurity_ProductGroupID1,PG1
MaintainSecurity_ShortName2,test for 2 Equity - Preference Shares
MaintainSecurity_Name2,test for 2 Equity - Preference Shares
MaintainSecurity_MarketSeg2,MAIN
MaintainSecurity_InstrumentType2,Equity
MaintainSecurity_ProductType2,Equity - Pref Shares
MaintainSecurity_ListingDate2,2017-01-01
MaintainSecurity_ReportingGroup2,Equity - Pref Shares
MaintainSecurity_SpreadTableCode2,Spread Table 01
MaintainSecurity_BuyLotSize2,1000
MaintainSecurity_ProductGroupID2,PG1
MaintainSecurity_ShortName3,test for 7 Equity - Depository Receipt (HDR) - Ordinary Shares
MaintainSecurity_Name3,test for 7 Equity - Depository Receipt (HDR) - Ordinary Shares
MaintainSecurity_MarketSeg3,MAIN
MaintainSecurity_InstrumentType3,Equity
MaintainSecurity_ProductType3,Equity - HDR
MaintainSecurity_ListingDate3,2017-01-01
MaintainSecurity_ReportingGroup3,Equity - HDR
MaintainSecurity_SpreadTableCode3,Spread Table 01
MaintainSecurity_BuyLotSize3,1000
MaintainSecurity_ProductGroupID3,PG1
MaintainSecurity_ShortName4,test for 6 Equity - Rights
MaintainSecurity_Name4,test for 6 Equity - Rights
MaintainSecurity_MarketSeg4,MAIN
MaintainSecurity_InstrumentType4,Equity
MaintainSecurity_ProductType4,Equity - Rights
MaintainSecurity_ListingDate4,2017-01-01
MaintainSecurity_ReportingGroup4,Equity - Rights
MaintainSecurity_SpreadTableCode4,Spread Table 01
MaintainSecurity_BuyLotSize4,1000
MaintainSecurity_ProductGroupID4,PG1
MaintainSecurity_ShortName5,test for 3 Warrant – Derivative Warrant (DW)
MaintainSecurity_Name5,test for 3 Warrant – Derivative Warrant (DW)
MaintainSecurity_MarketSeg5,MAIN
MaintainSecurity_InstrumentType5,Warrant
MaintainSecurity_ProductType5,Warrant - DW
MaintainSecurity_ListingDate5,2017-01-01
MaintainSecurity_ReportingGroup5,Warrant - DW
MaintainSecurity_SpreadTableCode5,Spread Table 01
MaintainSecurity_BuyLotSize5,1000
MaintainSecurity_ProductGroupID5,PG1
MaintainSecurity_ExpriyDate5,2022-01-01
MaintainSecurity_UnderlyingSecCode5,2505
MaintainSecurity_CallorPut5,C - Call
MaintainSecurity_ShortName6,test for 11 Warrant – Callable Bull/Bear Contract (CBBC)
MaintainSecurity_Name6,test for 11 Warrant – Callable Bull/Bear Contract (CBBC)
MaintainSecurity_MarketSeg6,MAIN
MaintainSecurity_InstrumentType6,Warrant
MaintainSecurity_ProductType6,Warrant - CBBC
MaintainSecurity_ListingDate6,2017-01-01
MaintainSecurity_ReportingGroup6,Warrant - CBBC
MaintainSecurity_SpreadTableCode6,Spread Table 01
MaintainSecurity_BuyLotSize6,1000
MaintainSecurity_ProductGroupID6,PG1
MaintainSecurity_ExpriyDate6,2022-01-01
MaintainSecurity_CallorPut6,C - Call
MaintainSecurity_UnderlyingType6,S - Security
MaintainSecurity_ShortName7,test for 12 Equity - Depository Receipt (HDR) - Preference Shares
MaintainSecurity_Name7,test for 12 Equity - Depository Receipt (HDR) - Preference Shares
MaintainSecurity_MarketSeg7,MAIN
MaintainSecurity_InstrumentType7,Equity
MaintainSecurity_ProductType5,Equity - HDR Pref Shares
MaintainSecurity_ListingDate7,2017-01-01
MaintainSecurity_ReportingGroup7,Equity - Pref Shares
MaintainSecurity_SpreadTableCode7,Spread Table 01
MaintainSecurity_BuyLotSize7,1000
MaintainSecurity_ProductGroupID7,PG1
MaintainSecurity_ShortName8,test for 13 Warrant – Equity Warrant
MaintainSecurity_Name8,test for 13 Warrant – Equity Warrant
MaintainSecurity_MarketSeg8,MAIN
MaintainSecurity_InstrumentType8,Warrant
MaintainSecurity_ProductType8,Warrant - Equity
MaintainSecurity_ListingDate8,2017-01-01
MaintainSecurity_ReportingGroup8,Warrant - Equity
MaintainSecurity_SpreadTableCode8,Spread Table 01
MaintainSecurity_BuyLotSize8,1000
MaintainSecurity_ProductGroupID8,PG1
MaintainSecurity_ExpriyDate8,2022-01-01
MaintainSecurity_UnderlyingSecCode8,2506
MaintainSecurity_CallorPut8,C - Call
MaintainSecurity_ShortName9,test for 14 Warrant – Equity Linked Instrument (ELI)
MaintainSecurity_Name9,test for test for 14 Warrant – Equity Linked Instrument (ELI)
MaintainSecurity_MarketSeg9,MAIN
MaintainSecurity_InstrumentType9,Warrant
MaintainSecurity_ProductType9,Warrant - ELI
MaintainSecurity_ListingDate9,2017-01-01
MaintainSecurity_ReportingGroup9,Warrant - ELI
MaintainSecurity_SpreadTableCode9,Spread Table 01
MaintainSecurity_BuyLotSize9,1000
MaintainSecurity_ProductGroupID9,PG1
MaintainSecurity_ExpriyDate9,2022-01-01
MaintainSecurity_UnderlyingSecCode9,2506
MaintainSecurity_CallorPut9,C - Call
MaintainSecurity_ShortName10,test for 4 Bond – Debt Security
MaintainSecurity_Name10,test for 4 Bond – Debt Security
MaintainSecurity_MarketSeg10,MAIN
MaintainSecurity_InstrumentType10,Bond
MaintainSecurity_ProductType10,Bond - Debt Security
MaintainSecurity_ListingDate10,2017-01-01
MaintainSecurity_ReportingGroup10,Bond - Debt Security
MaintainSecurity_SpreadTableCode10,Spread Table 01
MaintainSecurity_BuyLotSize10,1000
MaintainSecurity_ProductGroupID10,PG1
MaintainSecurity_BND_EFN_Indicator10,Y - Yes
MaintainSecurity_FaceValueCurrencyCode10,USD
MaintainSecurity_InvestorType10,R - Retail Investor
MaintainSecurity_ShortName11,test for 5 Trust – Exchange Traded Fund (ETF)
MaintainSecurity_Name11,test for 5 Trust – Exchange Traded Fund (ETF)
MaintainSecurity_MarketSeg11,MAIN
MaintainSecurity_InstrumentType11,Trust
MaintainSecurity_ProductType11,Trust - EFT
MaintainSecurity_ListingDate11,2017-01-01
MaintainSecurity_ReportingGroup11,Trust - EFT
MaintainSecurity_SpreadTableCode11,Spread Table 01
MaintainSecurity_BuyLotSize11,1000
MaintainSecurity_ProductGroupID11,PG1
MaintainSecurity_ShortName12,test for 8 Trust – Real Estate Investment Trust (REIT)
MaintainSecurity_Name12,test for 8 Trust – Real Estate Investment Trust (REIT)
MaintainSecurity_MarketSeg12,MAIN
MaintainSecurity_InstrumentType12,Trust
MaintainSecurity_ProductType12,Trust - REIT
MaintainSecurity_ListingDate12,2017-01-01
MaintainSecurity_ReportingGroup12,Trust - REIT
MaintainSecurity_SpreadTableCode12,Spread Table 01
MaintainSecurity_BuyLotSize12,1000
MaintainSecurity_ProductGroupID12,PG1
MaintainSecurity_ShortName13,test for 9 Trust – Other Unit Trusts
MaintainSecurity_Name13,test for 9 Trust – Other Unit Trusts
MaintainSecurity_MarketSeg13,MAIN
MaintainSecurity_InstrumentType13,Trust
MaintainSecurity_ProductType13,Trust - Other
MaintainSecurity_ListingDate13,2017-01-01
MaintainSecurity_ReportingGroup13,Trust - Other
MaintainSecurity_SpreadTableCode13,Spread Table 01
MaintainSecurity_BuyLotSize13,1000
MaintainSecurity_ProductGroupID13,PG1
MaintainSecurity_ShortName14,test for 10 Trust – Leveraged and Inverse Product (LIP)
MaintainSecurity_Name14,test for 10 Trust – Leveraged and Inverse Product (LIP)
MaintainSecurity_MarketSeg14,MAIN
MaintainSecurity_InstrumentType14,Trust
MaintainSecurity_ProductType14,Trust - LIP
MaintainSecurity_ListingDate14,2017-01-01
MaintainSecurity_ReportingGroup14,Trust - LIP
MaintainSecurity_SpreadTableCode14,Spread Table 01
MaintainSecurity_BuyLotSize14,1000
MaintainSecurity_ProductGroupID14,PG1
MaintainSecurity_FaceValue1,4.5
MaintainSecurity_FaceValueCurrencyCode1,HKD
MaintainSecurity_FaceValueCurrencyCode2,USD
MaintainSecurity_FaceValueCurrencyCode3,EUR
MaintainSecurity_FaceValueCurrencyCode4,JPY
MaintainSecurity_FaceValueCurrencyCode5,GBP
MaintainSecurity_FaceValueCurrencyCode6,CAD
MaintainSecurity_FaceValueCurrencyCode7,SGD
MaintainSecurity_FaceValueCurrencyCode8,CNY
MaintainSecurity_FaceValueCurrencyCode9,CNH
MaintainSecurity_MaturityDate1,2023-01-01
MaintainSecurity_InvestorType11,P - Professional Investor
MaintainSecurity_StrikePrice1_01,12000.123
MaintainSecurity_StrikePrice1_02,13000.246
MaintainSecurity_StrikePrice2_01,24000.456
MaintainSecurity_WarrantType1,X - Exotic
MaintainSecurity_WarrantType2,N - Normal
MaintainSecurity_Warrant_Entitlement1,5
MaintainSecurity_Warrant_Entitlement2,0
MaintainSecurity_Warrant_Entitlement3,5.123
MaintainSecurity_Warrant_Entitlement4,6
MaintainSecurity_Warrant_NoWarrantsPerEntitlement1,3
MaintainSecurity_Warrant_NoWarrantsPerEntitlement2,0
MaintainSecurity_CBBC_UnderlyingType1,I - Index
MaintainSecurity_CBBC_UnderlyingType2,S - Security
MaintainSecurity_CBBC_UnderlyingIndex1,HSI
MaintainSecurity_CBBC_UnderlyingIndex2, 
MaintainSecurity_CBBC_CallPrice1,2556
MaintainSecurity_CBBC_CallPrice2,0
MaintainSecurity_CBBC_CallPrice3,2556.123
MaintainSecurity_CBBC_CallPrice4,3000
MaintainSecurity_FreeText1_01, 
MaintainSecurity_FreeText2_01, 
MaintainSecurity_FreeText1_02,TESTFREETEXT123456789
MaintainSecurity_FreeText2_02,987654321TESTFREETEXT
MaintainSecurity_FreeText1_03,TEST+-*#@&%$
MaintainSecurity_FreeText2_03,+-*#@&%$TEST
MaintainSecurity_FreeText1_04,QWERTYUIOPASDFGHJKLZXCVBNM123456789QWERTYUIOPASDFG
MaintainSecurity_FreeText2_04,MNBVCXZASDFGHJKLPOIUYTREWQ987654321MNBVCXZLKJHGFDS
MaintainSecurity_FreeText1_05,testTEST3566461
MaintainSecurity_FreeText2_05, 
MaintainSecurity_ExpiryDate1,2024-12-30
MaintainSecurity_CBBCExpiryDate,2024-12-30