UpdateCGClient_Display_ClientID,outCompId,id
UpdateCGClient_Display_Protocol,outInterfaceProtocol,id
UpdateCGClient_Display_ClientType,outCgServiceType,id
UpdateCGClient_Display_LockedReason,,xpath
UpdateCGClient_Input_IPAddress1_1,inputIp11,id
UpdateCGClient_Input_IPAddress1_2,inputIp12,id
UpdateCGClient_Input_IPAddress1_3,inputIp13,id
UpdateCGClient_Input_IPAddress1_4,inputIp14,id
UpdateCGClient_Input_IPAddress2_1,inputIp21,id
UpdateCGClient_Input_IPAddress2_2,inputIp22,id
UpdateCGClient_Input_IPAddress2_3,inputIp23,id
UpdateCGClient_Input_IPAddress2_4,inputIp24,id
UpdateCGClient_Input_IPAddress3_1,inputIp31,id
UpdateCGClient_Input_IPAddress3_2,inputIp32,id
UpdateCGClient_Input_IPAddress3_3,inputIp33,id
UpdateCGClient_Input_IPAddress3_4,inputIp34,id
UpdateCGClient_Input_IPAddress4_1,inputIp41,id
UpdateCGClient_Input_IPAddress4_2,inputIp42,id
UpdateCGClient_Input_IPAddress4_3,inputIp43,id
UpdateCGClient_Input_IPAddress4_4,inputIp44,id
UpdateCGClient_OptList_Blocked,inputBlockedFlag,id
UpdateCGClient_OptList_Locked,inputIsLocked,id
UpdateCGClient_Input_NewPW,inputNewPwd,id
UpdateCGClient_GeneratePWButton,btnGeneratePwd,id
UpdateCGClient_EyeIcon,btnShowPwd,id
