MaintainMarketSegment_MarketSegmentCode,MAIN
MaintainMarketSegment_TradingRule,12 - prod
MaintainMarketSegment_VcmParamsGrp,7 - vcmParamGrp7
MaintainMarketSegment_TradingRule,12 - prod
MaintainMarketSegment_MarketSegmentCode_1,MAINTEST
MaintainMarketSegment_MarketSegmentCode_Delete,MAINDELETE
MaintainMarketSegment_Name_1,MAINTEST
MaintainMarketSegment_Name_Delete,MAINDELETE
MaintainMarketSegment_MIC_1,XHKG
MaintainMarketSegment_Desc_1,MAINTEST Board
MaintainMarketSegment_Desc_Delete,MAINTEST Board Delete
MaintainMarketSegment_CurrencyCode_1,HKD
MaintainMarketSegment_CalendarCode_1,HK
MaintainMarketSegment_PriceWarningSpreads_1,10
MaintainMarketSegment_ELOMatchableSpreads_1,10
MaintainMarketSegment_PriceWarningDuration_1,10
MaintainMarketSegment_SLOMatchableSpreads_1,10
MaintainMarketSegment_FullDayTradingTimeTable_1,1 - Full Day
MaintainMarketSegment_HalfDayTradingTimeTable_1,3 - Half Day
MaintainMarketSegment_Morning_SnapshotTimeHour1_1,10
MaintainMarketSegment_Morning_SnapshotTimeMinute1_1,10
MaintainMarketSegment_Morning_SnapshotTimeSecond1_1,00
MaintainMarketSegment_Morning_SnapshotTimeHour2_1,10
MaintainMarketSegment_Morning_SnapshotTimeMinute2_1,12
MaintainMarketSegment_Morning_SnapshotTimeSecond2_1,00
MaintainMarketSegment_Morning_SnapshotTimeHour3_1,10
MaintainMarketSegment_Morning_SnapshotTimeMinute3_1,14
MaintainMarketSegment_Morning_SnapshotTimeSecond3_1,00
MaintainMarketSegment_Morning_SnapshotTimeHour4_1,10
MaintainMarketSegment_Morning_SnapshotTimeMinute4_1,16
MaintainMarketSegment_Morning_SnapshotTimeSecond4_1,00
MaintainMarketSegment_Morning_SnapshotTimeHour5_1,10
MaintainMarketSegment_Morning_SnapshotTimeMinute5_1,18
MaintainMarketSegment_Morning_SnapshotTimeSecond5_1,00
MaintainMarketSegment_Afternoon_SnapshotTimeHour1_1,15
MaintainMarketSegment_Afternoon_SnapshotTimeMinute1_1,02
MaintainMarketSegment_Afternoon_SnapshotTimeSecond1_1,00
MaintainMarketSegment_Afternoon_SnapshotTimeHour2_1,15
MaintainMarketSegment_Afternoon_SnapshotTimeMinute2_1,04
MaintainMarketSegment_Afternoon_SnapshotTimeSecond2_1,00
MaintainMarketSegment_Afternoon_SnapshotTimeHour3_1,15
MaintainMarketSegment_Afternoon_SnapshotTimeMinute3_1,06
MaintainMarketSegment_Afternoon_SnapshotTimeSecond3_1,00
MaintainMarketSegment_Afternoon_SnapshotTimeHour4_1,15
MaintainMarketSegment_Afternoon_SnapshotTimeMinute4_1,08
MaintainMarketSegment_Afternoon_SnapshotTimeSecond4_1,00
MaintainMarketSegment_Afternoon_SnapshotTimeHour5_1,15
MaintainMarketSegment_Afternoon_SnapshotTimeMinute5_1,10
MaintainMarketSegment_Afternoon_SnapshotTimeSecond5_1,00
MaintainMarketSegment_TradingRules_1,2 - Prod 2
MaintainMarketSegment_SSGroupID_1,1 - Short Sell Grp 1
MaintainMarketSegment_VcmParamsGrp_1,1 - VCM Group 1
MaintainMarketSegment_CASParamGrp_1,1 - CAS Group 1
MaintainMarketSegment_PriceLimit_1,1 - Price Limit 1
MaintainMarketSegment_FeeId_1,1 - FEE Group 1
MaintainMarketSegment_FeeId_2,2 - FEE Group 2
MaintainMarketSegment_MarketSegmentCode_1,TEST
MaintainMarketSegment_FeeGpName_1,Fee Group 1
MaintainMarketSegmnet_RecordStatus_Active,A - Active
MaintainMarketSegmnet_RecordStatus_Deleted,D - Deleted
MaintainMarketSegment_MarketSegmentCode_2,NASD
MaintainMarketSegment_CurrencyCode_2,CNY
MaintainMarketSegment_CalendarCode_2,US
MaintainMarketSegment_PriceWarningSpreads_1,20
MaintainMarketSegment_ELOMatchableSpreads_1,20
MaintainMarketSegment_PriceWarningDuration_1,20
MaintainMarketSegment_SLOMatchableSpreads_1,20
MaintainMarketSegment_FullDayTradingTimeTable_2, 
MaintainMarketSegment_HalfDayTradingTimeTable_2, 