MaintainGlobalParameters_Input_BasicCurrency,inputCurrencyCode,id
MaintainGlobalParameters_OptList_EffectTradingHaltModel,selectNewTradingHaltModelEff,id
MaintainGlobalParameters_OptList_AlphaSecurityCode,selectAllowAlphaSctyId,id
MaintainGlobalParameters_OptList_CalendarCode,selectCalendarCodeForDeferredUpd,id
MaintainGlobalParameters_OptList_CancelOnDisconnect,selectCodAllowed,id
MaintainGlobalParameters_Input_SctyIdRetentionDays,inputSctyIdRetentionDays,id
MaintainGlobalParameters_Input_MaxPrice,inputMaxPrice,id
MaintainGlobalParameters_Input_MaxQty,inputMaxQty,id
MaintainGlobalParameters_Input_MaxOrderSizeInLots,inputMaxOrderSizeInLots,id
MaintainGlobalParameters_Input_MaxOrderSizeShares,inputMaxOrderSizeShares,id
MaintainGlobalParameters_Input_MaxOrdersPerPriceQAuction,inputMaxOrdersPerPriceQAuction,id
MaintainGlobalParameters_Input_MaxOrdersPerPriceQCT,inputMaxOrdersPerPriceQCt,id
MaintainGlobalParameters_Input_TradingHaltExpiryPeriod,inputTradingHaltMaxDuration,id
MaintainGlobalParameters_Input_SecFreeTextLength,inputSctyFreeTextLen,id
MaintainGlobalParameters_Input_MaxPriceRangePerSpread,inputMaxPriceRangePerSpread,id
MaintainGlobalParameters_Input_PriceDecimalLimitForUI,inputPriceDecimalLimitForUi,id
MaintainGlobalParameters_Input_MaxFirmId,inputMaxFirmId,id
MaintainGlobalParameters_Input_MaxBrokerId,inputMaxBrokerId,id
MaintainGlobalParameters_Input_MaxCGClientOF,inputMaxCgClientsOf,id
MaintainGlobalParameters_Input_MaxCGClientDC,inputMaxCgClientsDc,id
MaintainGlobalParameters_Input_MaxBrokersPerFirm,inputMaxBrokersPerFirm,id
MaintainGlobalParameters_Input_MaxBrokersPerOF,inputMaxBrokersPerOfSession,id
MaintainGlobalParameters_Input_MaxBrokersPerDC,inputMaxBrokersPerDcSession,id
MaintainGlobalParameters_Input_MaxMPS_nonSPCG,inputMaxTpsPerEpSession,id
MaintainGlobalParameters_Input_MaxMPS_SPCG,inputmMaxTpsPerSpSession,id
MaintainGlobalParameters_Input_MaxSecurityId,inputMaxSecurityId,id

