CxlBrokerTrades_Display_BrokerNo,outBrokerId,id
CxlBrokerTrades_Display_FirmName,outFirmName,id
CxlBrokerTrades_Input_CPBrokerNo,inputCounterBrokerId,id
CxlBrokerTrades_Input_SecCode,inputSecurityId,id
CxlBrokerTrades_OptList_OrderSide,inputOrderSize,id
CxlBrokerTrades_OptList_TradeType,inputTradeType,id
CxlBrokerTrades_OptList_Rejected,inputRejected,id
CxlBrokerTrades_Input_StartTime,inputStartTime,id
CxlBrokerTrades_Input_EndTime,inputEndTime,id
CxlBrokerTrades_SearchButton_TradeSearch,btnSearch,id
CxlBrokerTrades_ClearButton,btnClear,id
CxlBrokerTrades_CheckBox_CxlAllTrades,checkboxCancelAll,id
CxlBrokerTrades_TradeTable,tblQueryResult,id
CxlBrokerTrades_Display_NoOfTrades,inputNumberOfTrades,id
CxlBrokerTrades_Display_TotShsTrades,inputTotalSharesTrades,id
