MaintainMemberFirm_Firm1971,1971
MaintainMemberFirm_Firm1972,1972
MaintainMemberFirm_Firm1973,1973
MaintainMemberFirm_Firm1981,1981
MaintainMemberFirm_Firm1982,1982
MaintainMemberFirm_Firm1983,1983
MaintainMemberFirm_Firm1991,1991
MaintainMemberFirm_Firm1992,1992
MaintainMemberFirm_Firm1993,1993
MaintainMemberFirm_Firm1968,01907
MaintainMemberFirm_FirmName1968,Firm1907
MaintainMemberFirm_FirmNewName1968,FirmNew1907
MaintainMemberFirm_FirmNewName1968,FirmNew1907
MaintainMemberFirm_FirmCode_1,01900
MaintainMemberFirm_FirmName_1,Firm1900
MaintainMemberFirm_FirmName_2,Firm1900 New
MaintainMemberFirm_NotionalValue_1,10000
MaintainMemberFirm_NotionalValue_2,999
MaintainMemberFirm_Suspended,Y - Yes
MaintainMemberFirm_Active,N - No
MaintainMemberFirm_ShortSellAllowed_Disabled,N - No
MaintainMemberFirm_ShortSellAllowed_Enabled,Y - Yes
MaintainMemberFirm_BuyOrder_Disabled,N - No
MaintainMemberFirm_BuyOrder_Enabled,Y - Yes
MaintainMemberFirm_SellOrder_Disabled,N - No
MaintainMemberFirm_SellOrder_Enabled,Y - Yes
MaintainMemberFirm_NotionalApplicable_Disabled,N - No
MaintainMemberFirm_NotionalApplicable_Enabled,Y - Yes
MaintainMemberFirm_Notional_Zero,0
MaintainMemberFirm_Notional_One,1
MaintainMemberFirm_Creation_Firm1950,01950
MaintainMemberFirm_Creation_FirmName1950,Firm01950
MaintainMemberFirm_RecordStatus_Delete,D - Deleted
MaintainMemberFirm_RecordStatus_Active,A - Active
MaintainMemberFirm_B1410,CNPC CNY B1410
MaintainMemberFirm_NationalValue_20,12345678901234567890
MaintainMemberFirm_Firm801,801
MaintainMemberFirm_Actioncode388,388
MaintainMemberFirm_SecAccessGrp,AG2
MaintainMemberFirm_TradingStateId,MAIN
MaintainMemberFirm_CGClient,CC01981002
MaintainMemberFirm_OptList_Yes,Y - Yes
MaintainMemberFirm_OptList_No,N - No
MaintainMemberFirm_FirmType_1,L – Local Firm
MaintainMemberFirm_FirmType_2,S – Shanghai SP
MaintainMemberFirm_FirmType_3,Z – Shenzhen SP
MaintainMemberFirm_BrokerNo_1,07301
MaintainMemberFirm_FirmCode_2,01973
MaintainMemberFirm_CGClientID_2,CO01973102