UpdateCGClient_CGClientID_1,CO01971001
UpdateCGClient_CGClientID_2,CO01971002
UpdateCGClient_CGClientID_3,CO01972001
UpdateCGClient_CGClientID_4,CC01971001
UpdateCGClient_CGClientID_5,CC01971002
UpdateCGClient_CGClientID_6,CC01973001
UpdateCGClient_CGClientID_7,CO01931001
UpdateCGClient_IPaddress_empty, 
UpdateCGClient_IPAddress_original_1,127
UpdateCGClient_IPAddress_original_2,0
UpdateCGClient_IPAddress_original_3,0
UpdateCGClient_IPAddress_original_4,1
UpdateCGClient_IPAddress_same_1,127
UpdateCGClient_IPAddress_same_2,0
UpdateCGClient_IPAddress_same_3,0
UpdateCGClient_IPAddress_same_4,1
UpdateCGClient_FirmCode_1,1971
UpdateCGClient_FirmCode_2,1972
UpdateCGClient_CGClientType_1,O - Order Flow
UpdateCGClient_CGClientType_2,C - Drop Copy
UpdateCGClient_BlockStatus_Yes,Y-Yes
UpdateCGClient_BlockStatus_No,N-No
UpdateCGClient_LockedStatus_Yes,Y-Yes
UpdateCGClient_LockedStatus_No,N-No
UpdateCGClient_LockedReason_1,E - Password Expired
UpdateCGClient_LockedReason_2,R – Password Retry Attempts Exceeded
UpdateCGClient_IPAddress_256,256
UpdateCGClient_IPAddress1_1,127
UpdateCGClient_IPAddress1_2,0
UpdateCGClient_IPAddress1_3,0
UpdateCGClient_IPAddress1_4,1
UpdateCGClient_IPAddress2_1,10
UpdateCGClient_IPAddress2_2,1
UpdateCGClient_IPAddress2_3,95
UpdateCGClient_IPAddress2_4,211
UpdateCGClient_IPAddress3_1,10
UpdateCGClient_IPAddress3_2,1
UpdateCGClient_IPAddress3_3,95
UpdateCGClient_IPAddress3_4,212
UpdateCGClient_IPAddress4_1,10
UpdateCGClient_IPAddress4_2,163
UpdateCGClient_IPAddress4_3,231
UpdateCGClient_IPAddress4_4,145
UpdateCGClient_password_errorRule_1,ab123456
UpdateCGClient_password_errorRule_2,AB123456
UpdateCGClient_password_errorRule_3,aB123456
UpdateCGClient_password_errorRule_4,Oo123456
UpdateCGClient_password_errorRule_5,Ii123456
UpdateCGClient_password_errorRule_6,Io123456
UpdateCGClient_password_errorRule_7,Oi123456
UpdateCGClient_password_1,iI123456
UpdateCGClient_password_2,oO123456
UpdateCGClient_password_3,iO123456
UpdateCGClient_password_4,oI123456
UpdateCGClient_password_5,Ab123456
UpdateCGClient_UpdateCGClient_Input_NewPW_1,/[a-z][A-Z][0-9][0-9][0-9][0-9][0-9][0-9]/