EnquireCancelActions_MenuButton,//div[9]/div,xpath
EnqUpdAL_Input_ALCode,search.action_list_id,id
EnqUpdAL_Input_ScheduleStartTime_HH,inputStartTime_HH,id
EnqUpdAL_Input_ScheduleStartTime_MM,inputStartTime_MM,id
EnqUpdAL_Input_ScheduleStartTime_SS,inputStartTime_SS,id
EnqUpdAL_Input_ScheduleEndTime_HH,inputEndTime_HH,id
EnqUpdAL_Input_ScheduleEndTime_MM,inputEndTime_MM,id
EnqUpdAL_Input_ScheduleEndTime_SS,inputEndTime_SS,id
EnqUpdAL_OptList_Action,inputOperation,id
EnqUpdAL_Display_TotNoOfSelectedSch,outNumOfSelectedSchedules,id
EnqUpdAL_Display_Remarks_Title,//div/table/tbody/tr/td,xpath
EnqUpdAL_Display_Remarks_TradingHalt,//div/table/tbody/tr[2]/td[1],xpath
EnqUpdAL_Display_Remarks_Suspension,//div/table/tbody/tr[3]/td[1],xpath
EnqUpdAL_Display_Remarks_SetResumptionTime,//div/table/tbody/tr[4]/td,xpath
EnqUpdAL_Display_Remarks_TradingResumption,//div/table/tbody/tr[2]/td[2],xpath
EnqUpdAL_Display_Remarks_MSA,//div/table/tbody/tr[3]/td[2],xpath
Cancel_MsgDesc,//div/div[2]/div/div,xpath
Cancel_MsgDesc_Yes,//p/span/button,xpath
Cancel_MsgDesc_No,//p/button,xpath
Error_MsgDesc,//p,xpath
Error_MsgDesc_Close,//div[3]/span/button,xpath
EnqUpdAL_Input_New_ART_HH,inputNewTime_HH,id
EnqUpdAL_Input_New_ART_MM,inputNewTime_MM,id
EnqUpdAL_Previous_Button,btnPrevious,id
EnqUpdAL_Select_CheckBox,//section/div/div/div/form/table/tbody/tr/td/input,xpath
