MaintainFeeGp_FeeGroupID_3,20
MaintainFeeGp_name_1,Fee Group 20
MaintainFeeGp_Desc_Alpha_65,ABCDEABCDEABCDEABCDEABCDEABCDEABCDEABCDEABCDEABCDEABCDEABCDEABCDE
MaintainFeeGp_Desc,This is OK
MaintainFeeGroup_Input_StampDutyRate_1,0.5
MaintainFeeGp_Zero,0
MaintainFeeGroup_Input_LevyRate_1,0.11
MaintainFeeGroup_Input_TradingFeeRate_1,0.32
MaintainFeeGp_RecordStatus_Delete,D-Delete
MaintainFeeGroup_GpID_1,3
MaintainFeeGroup_GpName_1,Fee Group 4
MaintainFeeGroup_Desc_1,Testing Purpose
MaintainFeeGroup_StampDutyRate_1,0.01
MaintainFeeGroup_LevyRate_1,0.02
MaintainFeeGroup_TradingFeeRate_1,0.1
MaintainFeeGroup_GpName_2,Fee Group ABC
MaintainFeeGroup_Desc_2,Testing Purpose 2
MaintainFeeGroup_StampDutyRate_2,0.25
MaintainFeeGroup_LevyRate_2,0.3
MaintainFeeGroup_TradingFeeRate_2,0.5