EnqUpdAL_ActionListCode_01,AL386
EnqUpdAL_ActionListCode_02,AL1038
EnqUpdAL_ActionListCode_03,AL1044
EnqUpdAL_ActionListCode_04,AL1055
EnqUpdAL_ActionListCode_05,AL1088
EnqUpdAL_ActionListCode_06,AL1128
EnqUpdAL_ActionListCode_07,AL1138
EnqUpdAL_ActionListCode_08,AL1141
EnqUpdAL_ActionListCode_09,AL1157
EnqUpdAL_ActionListCode_10,AL1044
EnqUpdAL_ActionListCode_11,AL1299
EnqUpdAL_ActionListCode_12,AL1288
EnqUpdAL_ActionListCode_13,AL1398
EnqUpdAL_ActionListCode_Invalid,AL209
EnqUpdAL_ScheduleStartTime_HH1,10
EnqUpdAL_ScheduleStartTime_MM1,00
EnqUpdAL_ScheduleStartTime_SS1,00
EnqUpdAL_ScheduleEndTime_HH1,12
EnqUpdAL_ScheduleEndTime_MM1,00
EnqUpdAL_ScheduleEndTime_SS1,00
EnqUpdAL_ScheduleStartTime_HH2,17
EnqUpdAL_ScheduleStartTime_MM2,00
EnqUpdAL_ScheduleStartTime_SS2,00
EnqUpdAL_ScheduleEndTime_HH2,21
EnqUpdAL_ScheduleEndTime_MM2,00
EnqUpdAL_ScheduleEndTime_SS2,00
EnqUpdAL_ScheduleStartTime_HH3,21
EnqUpdAL_ScheduleStartTime_MM3,00
EnqUpdAL_ScheduleStartTime_SS3,00
EnqUpdAL_ScheduleEndTime_HH3,22
EnqUpdAL_ScheduleEndTime_MM3,00
EnqUpdAL_ScheduleEndTime_SS3,00
EnqUpdAL_New_ART_HH1,19
EnqUpdAL_New_ART_MM1,00
EnqUpdAL_New_ART_HH2,19
EnqUpdAL_New_ART_MM2,10
EnqUpdAL_New_ART_HH3,19
EnqUpdAL_New_ART_MM3,20
ActionType_H,H
ActionType_S,S
ActionType_T,T
ActionType_R,R
ActionType_A,A
