EnqUpdScheduleTradStates_Display_EnquiryTime,outEnquireTimeStr,id
EnqUpdScheduleTradStates_Refresh_Button,btnRefresh,id
EnqUpdScheduleTradStates_CheckBox_All,//input,xpath
EnqUpdScheduleTradStates_CheckBox_MarketSeg_MAIN,//tr[5]/td/input,xpath
EnqUpdScheduleTradStates_CheckBox_MarketSeg_NASD,//tr[6]/td/input,xpath
EnqUpdScheduleTradStates_CheckBox_MarketSeg_GEM,//tr[7]/td/input,xpath
EnqUpdScheduleTradStates_CheckBox_MarketSeg_ETS,//tr[8]/td/input,xpath
EnqUpdScheduleTradStates_Display_NoOfSelectedSchedule,//span[2],xpath
EnqUpdScheduleTradStates_OptList_NewAutoControl,inputTradingStateControlType,id
EnqUpdScheduleTradStates_OptList_NewTradingSessionID,inputTradingSessionId,id
EnqUpdScheduleTradStates_OptList_NewTSType,inputTradingSessionType,id
EnqUpdScheduleTradStates_OptList_NewTS,inputTradingStateId,id
EnqUpdScheduleTradStates_RadioButton_EffectiveNow,inputEffectiveNow,id
EnqUpdScheduleTradStates_RadioButton_ScheduleAt,inputEffectiveTime,id
EnqUpdScheduleTradStates_Input_ScheduleAtHH,inputEffectiveTime_HH,id
EnqUpdScheduleTradStates_Input_ScheduleAtMM,inputEffectiveTime_MM,id
EnqUpdScheduleTradStates_Input_ScheduleAtSS,inputEffectiveTime_SS,id
EnqUpdScheduleTradStates_Input_DurationMM,inputDuration_HH,id
EnqUpdScheduleTradStates_Input_DurationSS,inputDuration_MM,id
EnqUpdScheduleTradStates_Display_Table,//form/div[2]/div,xpath
EnqUpdScheduleTradStates_CheckBox_SecPage_VCMApplicable1,//td[22]/input,xpath
EnqUpdScheduleTradStates_CheckBox_SecPage_VCMApplicable2,//tr[2]/td[22]/input,xpath
EnqUpdScheduleTradStates_CheckBox_SecPage_VCMApplicable3,//tr[3]/td[22]/input,xpath
EnqUpdScheduleTradStates_CheckBox_SecPage_VCMApplicable4,//tr[4]/td[22]/input,xpath
EnqUpdScheduleTradStates_CheckBox_SecPage_ReserVCMPx1,//td[23]/input,xpath
EnqUpdScheduleTradStates_CheckBox_SecPage_ReserVCMPx2,//tr[2]/td[23]/input,xpath
EnqUpdScheduleTradStates_CheckBox_SecPage_ReserVCMPx3,//tr[3]/td[23]/input,xpath
EnqUpdScheduleTradStates_CheckBox_SecPage_ReserVCMPx4,//tr[4]/td[23]/input,xpath
EnqUpdScheduleTradStates_Button_Next,btnNext,id
EnqUpdScheduleTradStates_CheckBox_SecPage_VCMStartHH,//td[24]/input,xpath
EnqUpdScheduleTradStates_CheckBox_SecPage_VCMStartMM,//input[2],xpath
EnqUpdScheduleTradStates_CheckBox_SecPage_VCMStartSS,//input[3],xpath
EnqUpdScheduleTradStates_CheckBox_SecPage_VCMEndHH,//input[4],xpath
EnqUpdScheduleTradStates_CheckBox_SecPage_VCMEndMM,//input[5],xpath
EnqUpdScheduleTradStates_CheckBox_SecPage_VCMEndSS,//input[6],xpath
EnqUpdScheduleTradStates_TradingSessionID,//tr[3]/td[5],xpath