Alias,Value
BrokerRef,58
SecurityCode,48
OutstandingQty,151
FilledQty,14
OrderStatus,39
OrderPrice,44
OrderQty,38
OrderType=L,40=2;1090=1
OrderType=E,40=2
OrderType=S,40=2;59=3
OrderType=A,40=1;59=9
OrderType=I,40=2;59=9
OrderType=Q,40=2;1090=1
SS=N,
SS=Y,54=5
SS=A,54=5;529=2
SS=C,54=1;77=C
SS=F,54=5;529=6
SS=M,54=5;529=5
TradePrice,31
TradeQty,32
UnsolicitedCancelCode,378
UnsolicitedCancelText,58
CancelRejectCode,102
CancelRejectText,1328
RejectReasonCode,103
RejectReasonText,1328
Market=HK,207=XHKG
Market=SH,207=XSSC
Market=SZ,207=XSEC
TC-Origin=A,528=A
TC-Origin=P,528=P
TC-Origin=R,
AON=Y,59=4
AON=N,
ExchangeTradeType=A,574=4
ExchangeTradeType=E,828=102;5681=E
ExchangeTradeType=M,5681=M
ExchangeTradeType=O,828=102;5681=O
ExchangeTradeType=P,5681=P
ExchangeTradeType=Q,5681=Q
ExchangeTradeType=R,5681=R
ExchangeTradeType=S,5681=S
ExchangeTradeType=U,574=5
ExchangeTradeType=V,5681=V
ManualTradeType=L,828=102
ManualTradeType=M,828=22
ManualTradeType=R,828=4
ManualTradeType=V,828=104
Origin=A,528=A
Origin=P,528=P
Origin=R,
SettlementType=,577=0
SettlementType=I,577=1
SettlementType=B,577=14
Time,60
FOK=Y,59=4
IOC=Y,59=3
Buy=Y,54=1
Sell=Y,54=2
RejectReasonText=2089,1328=2089 Trade cannot be rejected - invalid trade type;
RejectCode=7072,1328=7072 Order Quantity exceeds the allowed range;
RejectCode=7078,1328=7078 Order Quantity Must be greater than 0;
RejectCode=7079,1328=7079 Quantity is not a multiple of lot size;
RefMsgType=NewOrder,RefMsgType=D
RefMsgType=CancelOrder,RefMsgType=F
RejectReasonText=7085,1328=7085 Invalid Client Order ID;
RejectReasonText=7053,1328=7053 Broker is currently Suspended;
RejectReasonText=7058,1328=7058 Member Firm is currently Suspended;
RejectReasonText=7059,1328=7059 Member Firm is not eligible for Short Selling;
RejectReasonText=7061,1328=7061 Duplicate Client Order ID;
RejectReasonText=7063,1328=7063 Invalid Original Client Order ID;
RejectReasonText=7064,1328=7064 Order already is in a terminal state  or not found;
RejectReasonText=7070 Security Exchange,1328=7070 Conditionally Required Field ?V Security Exchange is not present;
RejectReasonText=7071,1328=7071 Invalid Security Exchange;
RejectReasonText=7800,1328=7800 Invalid Broker for the specified Security Exchange;
RejectReasonText=7801,1328=7801 Invalid Security Market Combination;
RejectReasonText=7070 Price,1328=7070 Conditionally Required Field ?V Price is not present;
RejectReasonText=7805,1328=7805 Order Quantity exceed Maximum Order Quantity - Bid Side;
RejectReasonText=7077 Ask,1328=7077 Order Quantity exceeds allowed Market Max Order Size - Ask Side;
RejectReasonText=7077,1328=7077 Order Quantity exceeds allowed Market Max Order Size;
RejectReasonText=7078,1328=7078 Order Quantity Must be greater than 0;
RejectReasonText=7079,1328=7079 Quantity is not a multiple of lot size;
RejectReasonText=7097,1328=7097 Invalid Broker Location ID
RejectReasonText=7196,1328=7196 Invalid Order attribute combination;
RejectReasonText=7089,1328=7089 Invalid Order ID;
RejectReasonText=7062,1328=7062 Order already in Pending Cancel or Pending Replace State;
RejectReasonText=7066,1328=7066 Cannot cancel an order while there is another amend/cancel queued;
RejectReasonText=7098,1328=7098 Value out of range for Broker Location ID;
RejectReasonText=7099,1328=7099 Invalid Max Price Level Value;
RejectReasonText=7193,1328=7193 Incorrect Side as per Original Order;
RejectReasonText=7194,1328=7194 Incorrect Symbol as per Original Order;
ReferenceTag=ClOrdID,371=11
ReferenceTag=OrderQty,371=38
ReferenceTag=OrdType,371=40
ReferenceTag=Price,371=44
ReferenceTag=SecurityID,371=48
ReferenceTag=Side,371=54
ReferenceTag=Text,371=58
ReferenceTag=TimeInForce,371=59
ReferenceTag=TransactTime,371=60
ReferenceTag=OrigClOrdID,371=41
ReferenceTag=PositionEffect,371=77
ReferenceTag=PartyIDSource,371=447
ReferenceTag=PartyID,371=448
ReferenceTag=PartyRole,371=452
ReferenceTag=NoPartyIDs,371=453
ReferenceTag=OrderCapacity,371=528
ReferenceTag=MaxPriceLevels,371=1090
ReferenceTag=LotType,371=1093
ReferenceTag=NoDisclosureInstructions,371=1812
ReferenceTag=DisclosureType,371=1813
ReferenceTag=DisclosureInstruction,371=1814
InvestorID,"NoPartyIDs[05]=PartyID:@value,PartyIDSource:D,PartyRole:5"
OwningBrokerID,"NoPartyIDs[01]=PartyID:@value,PartyIDSource:D,PartyRole:1"
SubmittingBrokerID,"NoPartyIDs[36]=PartyID:@value,PartyIDSource:D,PartyRole:36"
CounterpartyBrokerID,"NoPartyIDs[17]=PartyID:@value,PartyIDSource:D,PartyRole:17"
BrokerLocationID,"NoPartyIDs[75]=PartyID:@value,PartyIDSource:D,PartyRole:75"
CancelRejectText=7194,1328=7194 Incorrect Symbol as per Original Order
CancelRejectText=7193,1328=7193 Incorrect Side as per Original Order
QuoteEntry,"NoQuoteEntries[0]=SecurityID:@value,SecurityIDSource:8,SecurityExchange:XHKG;"
CancelType=AllOrders,530=7;
CancelType=BySecurity,530=1;22=8;
CancelType=ByMarket,530=9;
CancelledBy=MassCancel,378=103;
CancelledBy=OBOMassCancel,378=102;
RejectReasonText=7129,1328=7129 Offer Price must be greater than the Bid Price;
QuoteRejectCode,300
TradeRejectCode,751
RejectReasonText=2038,1328=2038 Invalid price;
RejectReasonText=7164,1328=7164 Counterparty and Submitting Broker must not belong to the same Firm;
Direct=Y,1115=A
OrdStatus=New,39=0
OrdStatus=PartiallyFilled,39=1
OrdStatus=Filled,39=2
OrdStatus=Cancelled,39=4
OrdStatus=Rejected,39=8
OrdStatus=PendingCancel,39=6
OrdStatus=PendingNew,39=A
