Type,ID,Value
User,Firm1957Bro6061,Firm1957BinaryBro6061
User,Firm1957Bro6062,Firm1957BinaryBro6062
User,Firm1959Bro3001,Firm1959BinaryBro3001
User,Firm1961Bro5201,Firm1961BinaryBro5201

#Binary Drop Copy User Updated 1/8/2016
User,Firm1957BackOffice6061,Firm1957BinaryBackOffice6061
User,Firm1957BackOffice6062,Firm1957BinaryBackOffice6062
User,Firm1959BackOffice3001,Firm1959BinaryBackOffice3001
User,Firm1961BackOffice5201,Firm1961BinaryBackOffice5201

# Frank
User,Firm1941Bro4111,Firm1941BinaryBro4111
User,Firm1941Bro4112,Firm1941BinaryBro4112
User,Firm1941Bro4113,Firm1941BinaryBro4113
User,Firm1941Bro4114,Firm1941BinaryBro4114
User,Firm1941Bro4115,Firm1941BinaryBro4115
User,Firm1941Bro4116,Firm1941BinaryBro4116
User,Firm1942Bro4211,Firm1942BinaryBro4211
User,Firm1942Bro4212,Firm1942BinaryBro4212
User,Firm1942Bro4213,Firm1942BinaryBro4213
User,Firm1942Bro4214,Firm1942BinaryBro4214
User,Firm1943Bro4311,Firm1943BinaryBro4311
User,Firm1943Bro4312,Firm1943BinaryBro4312
User,Firm1943Bro4313,Firm1943BinaryBro4313
User,Firm1943Bro4314,Firm1943BinaryBro4314
User,Firm1941BackOffice4111,Firm1941BinaryBackOffice4111
User,Firm1941BackOffice4112,Firm1941BinaryBackOffice4112
User,Firm1941BackOffice4113,Firm1941BinaryBackOffice4113
User,Firm1941BackOffice4114,Firm1941BinaryBackOffice4114
User,Firm1941BackOffice4115,Firm1941BinaryBackOffice4115
User,Firm1941BackOffice4116,Firm1941BinaryBackOffice4116
User,Firm1942BackOffice4211,Firm1942BinaryBackOffice4211
User,Firm1942BackOffice4212,Firm1942BinaryBackOffice4212
User,Firm1942BackOffice4213,Firm1942BinaryBackOffice4213
User,Firm1942BackOffice4214,Firm1942BinaryBackOffice4214
User,Firm1943BackOffice4311,Firm1943BinaryBackOffice4311
User,Firm1943BackOffice4312,Firm1943BinaryBackOffice4312
User,Firm1943BackOffice4313,Firm1943BinaryBackOffice4313
User,Firm1943BackOffice4314,Firm1943BinaryBackOffice4314
# Jennifer
User,Firm1971Bro7111,Firm1971BinaryBro7111
User,Firm1971Bro7112,Firm1971BinaryBro7112
User,Firm1971Bro7113,Firm1971BinaryBro7113
User,Firm1971Bro7114,Firm1971BinaryBro7114
User,Firm1971Bro7115,Firm1971BinaryBro7115
User,Firm1971Bro7116,Firm1971BinaryBro7116
User,Firm1972Bro7211,Firm1972BinaryBro7211
User,Firm1972Bro7212,Firm1972BinaryBro7212
User,Firm1972Bro7213,Firm1972BinaryBro7213
User,Firm1972Bro7214,Firm1972BinaryBro7214
User,Firm1973Bro7311,Firm1973BinaryBro7311
User,Firm1973Bro7312,Firm1973BinaryBro7312
User,Firm1973Bro7313,Firm1973BinaryBro7313
User,Firm1973Bro7314,Firm1973BinaryBro7314
User,Firm1971BackOffice7111,Firm1971BinaryBackOffice7111
User,Firm1971BackOffice7112,Firm1971BinaryBackOffice7112
User,Firm1971BackOffice7113,Firm1971BinaryBackOffice7113
User,Firm1971BackOffice7114,Firm1971BinaryBackOffice7114
User,Firm1971BackOffice7115,Firm1971BinaryBackOffice7115
User,Firm1971BackOffice7116,Firm1971BinaryBackOffice7116
User,Firm1972BackOffice7211,Firm1972BinaryBackOffice7211
User,Firm1972BackOffice7212,Firm1972BinaryBackOffice7212
User,Firm1972BackOffice7213,Firm1972BinaryBackOffice7213
User,Firm1972BackOffice7214,Firm1972BinaryBackOffice7214
User,Firm1973BackOffice7311,Firm1973BinaryBackOffice7311
User,Firm1973BackOffice7312,Firm1973BinaryBackOffice7312
User,Firm1973BackOffice7313,Firm1973BinaryBackOffice7313
User,Firm1973BackOffice7314,Firm1973BinaryBackOffice7314
# Jenny
User,Firm1981Bro8111,Firm1981BinaryBro8111
User,Firm1981Bro8112,Firm1981BinaryBro8112
User,Firm1981Bro8113,Firm1981BinaryBro8113
User,Firm1981Bro8114,Firm1981BinaryBro8114
User,Firm1981Bro8115,Firm1981BinaryBro8115
User,Firm1981Bro8116,Firm1981BinaryBro8116
User,Firm1982Bro8211,Firm1982BinaryBro8211
User,Firm1982Bro8212,Firm1982BinaryBro8212
User,Firm1982Bro8213,Firm1982BinaryBro8213
User,Firm1982Bro8214,Firm1982BinaryBro8214
User,Firm1983Bro8311,Firm1983BinaryBro8311
User,Firm1983Bro8312,Firm1983BinaryBro8312
User,Firm1983Bro8313,Firm1983BinaryBro8313
User,Firm1983Bro8314,Firm1983BinaryBro8314
User,Firm1981BackOffice8111,Firm1981BinaryBackOffice8111
User,Firm1981BackOffice8112,Firm1981BinaryBackOffice8112
User,Firm1981BackOffice8113,Firm1981BinaryBackOffice8113
User,Firm1981BackOffice8114,Firm1981BinaryBackOffice8114
User,Firm1981BackOffice8115,Firm1981BinaryBackOffice8115
User,Firm1981BackOffice8116,Firm1981BinaryBackOffice8116
User,Firm1982BackOffice8211,Firm1982BinaryBackOffice8211
User,Firm1982BackOffice8212,Firm1982BinaryBackOffice8212
User,Firm1982BackOffice8213,Firm1982BinaryBackOffice8213
User,Firm1982BackOffice8214,Firm1982BinaryBackOffice8214
User,Firm1983BackOffice8311,Firm1983BinaryBackOffice8311
User,Firm1983BackOffice8312,Firm1983BinaryBackOffice8312
User,Firm1983BackOffice8313,Firm1983BinaryBackOffice8313
User,Firm1983BackOffice8314,Firm1983BinaryBackOffice8314
# Vincent
User,Firm1991Bro9111,Firm1991BinaryBro9111
User,Firm1991Bro9112,Firm1991BinaryBro9112
User,Firm1991Bro9113,Firm1991BinaryBro9113
User,Firm1991Bro9114,Firm1991BinaryBro9114
User,Firm1991Bro9115,Firm1991BinaryBro9115
User,Firm1991Bro9116,Firm1991BinaryBro9116
User,Firm1992Bro9211,Firm1992BinaryBro9211
User,Firm1992Bro9212,Firm1992BinaryBro9212
User,Firm1992Bro9213,Firm1992BinaryBro9213
User,Firm1992Bro9214,Firm1992BinaryBro9214
User,Firm1993Bro9311,Firm1993BinaryBro9311
User,Firm1993Bro9312,Firm1993BinaryBro9312
User,Firm1993Bro9313,Firm1993BinaryBro9313
User,Firm1993Bro9314,Firm1993BinaryBro9314
User,Firm1991BackOffice9111,Firm1991BinaryBackOffice9111
User,Firm1991BackOffice9112,Firm1991BinaryBackOffice9112
User,Firm1991BackOffice9113,Firm1991BinaryBackOffice9113
User,Firm1991BackOffice9114,Firm1991BinaryBackOffice9114
User,Firm1991BackOffice9115,Firm1991BinaryBackOffice9115
User,Firm1991BackOffice9116,Firm1991BinaryBackOffice9116
User,Firm1992BackOffice9211,Firm1992BinaryBackOffice9211
User,Firm1992BackOffice9212,Firm1992BinaryBackOffice9212
User,Firm1992BackOffice9213,Firm1992BinaryBackOffice9213
User,Firm1992BackOffice9214,Firm1992BinaryBackOffice9214
User,Firm1993BackOffice9311,Firm1993BinaryBackOffice9311
User,Firm1993BackOffice9312,Firm1993BinaryBackOffice9312
User,Firm1993BackOffice9313,Firm1993BinaryBackOffice9313
User,Firm1993BackOffice9314,Firm1993BinaryBackOffice9314
# Dickson
User,Firm1931Bro3111,Firm1931BinaryBro3111
User,Firm1931Bro3112,Firm1931BinaryBro3112
User,Firm1931Bro3113,Firm1931BinaryBro3113
User,Firm1931Bro3114,Firm1931BinaryBro3114
User,Firm1931Bro3115,Firm1931BinaryBro3115
User,Firm1931Bro3116,Firm1931BinaryBro3116
User,Firm1932Bro3211,Firm1932BinaryBro3211
User,Firm1932Bro3212,Firm1932BinaryBro3212
User,Firm1932Bro3213,Firm1932BinaryBro3213
User,Firm1932Bro3214,Firm1932BinaryBro3214
User,Firm1933Bro3311,Firm1933BinaryBro3311
User,Firm1933Bro3312,Firm1933BinaryBro3312
User,Firm1933Bro3313,Firm1933BinaryBro3313
User,Firm1933Bro3314,Firm1933BinaryBro3314
User,Firm1931BackOffice3111,Firm1931BinaryBackOffice3111
User,Firm1931BackOffice3112,Firm1931BinaryBackOffice3112
User,Firm1931BackOffice3113,Firm1931BinaryBackOffice3113
User,Firm1931BackOffice3114,Firm1931BinaryBackOffice3114
User,Firm1931BackOffice3115,Firm1931BinaryBackOffice3115
User,Firm1931BackOffice3116,Firm1931BinaryBackOffice3116
User,Firm1932BackOffice3211,Firm1932BinaryBackOffice3211
User,Firm1932BackOffice3212,Firm1932BinaryBackOffice3212
User,Firm1932BackOffice3213,Firm1932BinaryBackOffice3213
User,Firm1932BackOffice3214,Firm1932BinaryBackOffice3214
User,Firm1933BackOffice3311,Firm1933BinaryBackOffice3311
User,Firm1933BackOffice3312,Firm1933BinaryBackOffice3312
User,Firm1933BackOffice3313,Firm1933BinaryBackOffice3313
User,Firm1933BackOffice3314,Firm1933BinaryBackOffice3314
# Augustina
User,Firm1921Bro2111,Firm1921BinaryBro2111
User,Firm1921Bro2112,Firm1921BinaryBro2112
User,Firm1921Bro2113,Firm1921BinaryBro2113
User,Firm1921Bro2114,Firm1921BinaryBro2114
User,Firm1921Bro2115,Firm1921BinaryBro2115
User,Firm1921Bro2116,Firm1921BinaryBro2116
User,Firm1922Bro2211,Firm1922BinaryBro2211
User,Firm1922Bro2212,Firm1922BinaryBro2212
User,Firm1922Bro2213,Firm1922BinaryBro2213
User,Firm1922Bro2214,Firm1922BinaryBro2214
User,Firm1923Bro2311,Firm1923BinaryBro2311
User,Firm1923Bro2312,Firm1923BinaryBro2312
User,Firm1923Bro2313,Firm1923BinaryBro2313
User,Firm1923Bro2314,Firm1923BinaryBro2314
User,Firm1921BackOffice2111,Firm1921BinaryBackOffice2111
User,Firm1921BackOffice2112,Firm1921BinaryBackOffice2112
User,Firm1921BackOffice2113,Firm1921BinaryBackOffice2113
User,Firm1921BackOffice2114,Firm1921BinaryBackOffice2114
User,Firm1921BackOffice2115,Firm1921BinaryBackOffice2115
User,Firm1921BackOffice2116,Firm1921BinaryBackOffice2116
User,Firm1922BackOffice2211,Firm1922BinaryBackOffice2211
User,Firm1922BackOffice2212,Firm1922BinaryBackOffice2212
User,Firm1922BackOffice2213,Firm1922BinaryBackOffice2213
User,Firm1922BackOffice2214,Firm1922BinaryBackOffice2214
User,Firm1923BackOffice2311,Firm1923BinaryBackOffice2311
User,Firm1923BackOffice2312,Firm1923BinaryBackOffice2312
User,Firm1923BackOffice2313,Firm1923BinaryBackOffice2313
User,Firm1923BackOffice2314,Firm1923BinaryBackOffice2314

##########################################################
# Template                                               #
##########################################################
Template,CancelQuoteInvalidQCT,"35=Z;298=0;"
Template,OBOCancelRejected,"35=8;39=8;150=X;37=@orderRef;48=@orderRef;22=@orderRef;207=@orderRef;54=@orderRef;58=@orderRefOptional;SubmittingBrokerID=@orderRef;"
Template,CancelRejected,"35=8;39=8;150=X;60=@anyValue;1093=@orderRefOptional;48=@orderRef;22=@orderRef;207=@orderRef;54=@orderRef;58=@orderRefOptional;SubmittingBrokerID=@orderRef;"
Template,ReplaceRejected,"35=8;39=8;150=Y;1093=@orderRefOptional;48=@orderRef;22=@orderRef;207=@orderRef;54=@orderRef;528=@orderRefOptional;1090=@orderRefOptional;77=@orderRefOptional;58=@orderRefOptional;"
Template,AcceptedInExact,"8=@anyValue;9=@anyValue;35=8;34=@anyValue;49=@anyValue;52=@anyValue;56=@anyValue;14=@anyValue;17=@anyValue;22=@orderRef;37=@anyValue;38=@orderRef;39=0;40=@orderRef;44=@orderRef;48=@orderRef;54=@orderRef;59=@orderRef;60=@anyValue;150=0;151=@anyValue;207=@anyValue;453=@anyValue;448=@anyValue;447=@anyValue;452=@anyValue;1090=@orderRefOptional;77=@orderRefOptional;58=@orderRefOptional;1093=@anyValue;10=@anyValue;"
Template,AcceptedInExactDC,"8=@anyValue;9=@anyValue;35=8;34=@anyValue;49=@anyValue;52=@anyValue;56=@anyValue;14=@anyValue;17=@anyValue;22=@orderRef;37=@anyValue;38=@orderRef;39=0;40=@orderRef;44=@orderRef;48=@orderRef;54=@orderRef;59=@orderRef;60=@anyValue;150=0;151=@anyValue;207=@anyValue;453=@anyValue;448=@anyValue;447=@anyValue;452=@anyValue;1090=@orderRefOptional;77=@orderRefOptional;58=@orderRefOptional;1093=@anyValue;10=@anyValue;797=@anyValue;"
##########################################################
# Alias                                                  #
##########################################################
Alias,ExecInst=c,ExecInst=0
Alias,ExecInst=x,ExecInst=1
Alias,ExecInst=2,ExecInst=2
Alias,OrderCapacity=A,OrderCapacity=1
Alias,OrderCapacity=P,OrderCapacity=2
Alias,OrderCapacity=0,OrderCapacity=0
Alias,OrderCapacity=1,OrderCapacity=1
Alias,PositionEffect=0,PositionEffect=0
Alias,PositionEffect=1,PositionEffect=1
Alias,PositionEffect=2,PositionEffect=2
Alias,PositionEffect=C,PositionEffect=1
Alias,CoverShortSell=C-CoverSS,54=1;77=1
Alias,OrderCategory=A,OrderCategory=1
Alias,ExecInst:c,ExecInst:0
Alias,ExecInst:x,ExecInst:1
Alias,OrderCapacity:A,OrderCapacity:1
Alias,OrderCapacity:1,OrderCapacity:1
Alias,OrderCapacity:P,OrderCapacity:2
Alias,PositionEffect:C,PositionEffect:1
Alias,OrderCategory:A,OrderCategory:1
Alias,OrderCategory:1,OrderCategory:1
Alias,SS=C,54=1;77=1
Alias,RefMsgType=AE,372=21
Alias,RefMsgType=NewOrder,372=11
Alias,RefMsgType=NewOddlotOrder,372=11
Alias,RefMsgType=ReplaceOrder,372=12
Alias,RefMsgType=CancelOrder,372=13
Alias,RefMsgType=CancelOddlotOrder,372=13
Alias,RefMsgType=OBOCancelOrder,372=23
Alias,ReferenceTag=ClOrdID,RefTagID=Client Order ID
Alias,ReferenceTag=ExecutionInstruction,RefTagID=Execution Instruction
Alias,ReferenceTag=LastPx,371=Execution Price
Alias,ReferenceTag=LastQty,371=Execution Quantity
Alias,ReferenceTag=SecurityIDSource,RefTagID=Security ID Source
Alias,ReferenceTag=MsgType,RefTagID=Msg Type
Alias,ReferenceTag=OrderID,RefTagID=Order ID
Alias,ReferenceTag=OrderQty,RefTagID=Order Quantity
Alias,ReferenceTag=OrderType,RefTagID=Order Type
Alias,ReferenceTag=OrigClOrdID,RefTagID=Original Client Order ID
Alias,ReferenceTag=Price,RefTagID=Price
Alias,ReferenceTag=SecurityID,RefTagID=Security ID
Alias,ReferenceTag=Side,RefTagID=Side
Alias,ReferenceTag=Text,RefTagID=Text
Alias,ReferenceTag=TimeInForce,RefTagID=TIF
Alias,ReferenceTag=TradeReportType,371=Trade Report Type
Alias,ReferenceTag=TransactTime,RefTagID=Transaction Time
Alias,ReferenceTag=PositionEffect,RefTagID=Position Effect
Alias,ReferenceTag=SubmittingBrokerID,RefTagID=Submitting Broker ID
Alias,ReferenceTag=SecurityExchange,RefTagID=Security Exchange
Alias,ReferenceTag=PartyID,RefTagID=Broker Location ID
Alias,ReferenceTag=OrderCapacity,RefTagID=Order Capacity
Alias,ReferenceTag=MaxPriceLevels,RefTagID=Max Price Levels
Alias,ReferenceTag=LotType,RefTagID=Lot Type
Alias,ReferenceTag=DisclosureInstruction,RefTagID=Disclosure Instructions
Alias,ReferenceTag=DisclosureType,RefTagID=Disclosure Type
Alias,ReferenceTag=InvestorID,RefTagID=Investor ID

