Type,ID,Value
#Please update the bellowing sessions 
User,Firm43Bro7410,Firm1957FIXBro6059
User,Firm43Bro7411,Firm1957FIXBro6059
User,Firm67Bro6090,Firm1957FIXBro9203
User,Firm77Bro5820,Firm1957FIXBro9203
User,Firm84Bro1720,Firm1959FIXBro2990
User,Firm84Bro1729,Firm1959FIXBro2990
User,Firm89Bro4190,Firm1959FIXBro9483
User,Firm89Bro4199,Firm1959FIXBro9483
User,Firm97Bro320,Firm1961FIXBro5044
User,Firm97Bro329,Firm1961FIXBro5044
User,Firm110Bro7920,Firm1961FIXBro5044
User,Firm129Bro2100,Firm1961FIXBro9266
User,Firm129Bro2108,Firm1961FIXBro9266
User,Firm135Bro2460,Firm1962FIXBro8526
User,Firm135Bro2468,Firm1962FIXBro8526
User,Firm163Bro1730,Firm1962FIXBro8529
User,Firm163Bro1739,Firm1962FIXBro8529
User,Firm164Bro2590,Firm1963FIXBro7980
User,Firm164Bro2594,Firm1963FIXBro7980
User,Firm195Bro4420,Firm1963FIXBro7989
User,Firm195Bro4429,Firm1963FIXBro7989
User,Firm206Bro2520,Firm1964FIXBro8720
User,Firm206Bro2521,Firm1964FIXBro8720
User,Firm219Bro2990,Firm1964FIXBro8729
User,Firm219Bro2999,Firm1964FIXBro8729
User,Firm230Bro3020,Firm1966FIXBro209
User,Firm230Bro3029,Firm1966FIXBro209
User,Firm235Bro1220,Firm1966FIXBro9498
User,Firm235Bro1229,Firm1966FIXBro9498
User,Firm272Bro2754,Firm1967FIXBro650
User,Firm272Bro2759,Firm1967FIXBro650

#R3: ENF BrokerList_SOM_ENF_VCM_Alert
User,Firm797Bro50,Firm1962FIXBro8526
User,Firm1143Bro144,Firm1967FIXBro650
User,Firm1173Bro248,Firm1967FIXBro659
User,Firm1179Bro60,Firm1967FIXBro659
User,Firm1212Bro187,Firm1969FIXBro5020
User,Firm1274Bro224,Firm1969FIXBro5029
User,Firm1298Bro130,Firm1969FIXBro5020
User,Firm1375Bro210,Firm1969FIXBro5029
User,Firm1413Bro101,Firm1969FIXBro5020
User,Firm1415Bro90,Firm1969FIXBro5029
User,Firm1464Bro170,Firm1970FIXBro6968
User,Firm1471Bro130,Firm1970FIXBro6969
User,Firm1474Bro39,Firm1970FIXBro6968
User,Firm1540Bro120,Firm1970FIXBro6969
User,Firm1660Bro69,Firm1970FIXBro6968
User,Firm1766Bro39,Firm1970FIXBro6969
User,Firm1784Bro49,Firm1970FIXBro6968
User,Firm1794Bro59,Firm1970FIXBro6969
User,Firm1823Bro79,Firm1961FIXBro5044
User,Firm1839Bro250,Firm1961FIXBro9266
User,Firm1927Bro38,Firm1961FIXBro5044
User,Firm1927Bro39,Firm1961FIXBro9266
User,Firm1965Bro179,Firm1961FIXBro5044

#R3:21/4/2016 with users.csv
user,Firm1957Bro6059,Firm1957FIXBro6059
user,Firm1957Bro9203,Firm1957FIXBro9203
user,Firm1959Bro2990,Firm1959FIXBro2990
user,Firm1959Bro9483,Firm1959FIXBro9483
User,Firm1961Bro9266,Firm1961FIXBro9266
User,Firm1961Bro5044,Firm1961FIXBro5044
User,Firm1962Bro8526,Firm1962FIXBro8526
User,Firm1962Bro8529,Firm1962FIXBro8529
User,Firm1963Bro7980,Firm1963FIXBro7980
User,Firm1963Bro7989,Firm1963FIXBro7989
User,Firm1964Bro8720,Firm1964FIXBro8720
user,Firm1964Bro8729,Firm1964FIXBro8729
user,Firm1966Bro209,Firm1966FIXBro209
User,Firm1966Bro9498,Firm1966FIXBro9498
User,Firm1967Bro650,Firm1967FIXBro650
User,Firm1967Bro659,Firm1967FIXBro659

#UAT1969and1970
User,Firm1969Bro5020,Firm1969FIXBro5020
User,Firm1969Bro5029,Firm1969FIXBro5029
User,Firm1970Bro6968,Firm1970FIXBro6968
User,Firm1970Bro6969,Firm1970FIXBro6969

#OBO:22/6/2016
User,Firm1957Bro9876,Firm1957FIXBro9876

#FIX Drop Copy Users 1/8/2016
User,Firm1957BackOffice6059,Firm1957FIXBackOffice6059
User,Firm1957BackOffice9876,Firm1957FIXBackOffice9876
User,Firm1959BackOffice2990,Firm1959FIXBackOffice2990
User,Firm1961BackOffice5044,Firm1961FIXBackOffice5044

# All OTPC User
#Frank
User,Firm1941Bro4101,Firm1941FIXBro4101
User,Firm1941Bro4102,Firm1941FIXBro4102
User,Firm1941Bro4103,Firm1941FIXBro4103
User,Firm1941Bro4104,Firm1941FIXBro4104
User,Firm1941Bro4105,Firm1941FIXBro4105
User,Firm1941Bro4106,Firm1941FIXBro4106
User,Firm1942Bro4201,Firm1942FIXBro4201
User,Firm1942Bro4202,Firm1942FIXBro4202
User,Firm1942Bro4203,Firm1942FIXBro4203
User,Firm1942Bro4204,Firm1942FIXBro4204
User,Firm1943Bro4301,Firm1943FIXBro4301
User,Firm1943Bro4302,Firm1943FIXBro4302
User,Firm1943Bro4303,Firm1943FIXBro4303
User,Firm1943Bro4304,Firm1943FIXBro4304
User,Firm1941BackOffice4101,Firm1941FIXBackOffice4101
User,Firm1941BackOffice4102,Firm1941FIXBackOffice4102
User,Firm1941BackOffice4103,Firm1941FIXBackOffice4103
User,Firm1941BackOffice4104,Firm1941FIXBackOffice4104
User,Firm1941BackOffice4105,Firm1941FIXBackOffice4105
User,Firm1941BackOffice4106,Firm1941FIXBackOffice4106
User,Firm1942BackOffice4201,Firm1942FIXBackOffice4201
User,Firm1942BackOffice4202,Firm1942FIXBackOffice4202
User,Firm1942BackOffice4203,Firm1942FIXBackOffice4203
User,Firm1942BackOffice4204,Firm1942FIXBackOffice4204
User,Firm1943BackOffice4301,Firm1943FIXBackOffice4301
User,Firm1943BackOffice4302,Firm1943FIXBackOffice4302
User,Firm1943BackOffice4303,Firm1943FIXBackOffice4303
User,Firm1943BackOffice4304,Firm1943FIXBackOffice4304
# Jennifer
User,Firm1971Bro7101,Firm1971FIXBro7101
User,Firm1971Bro7102,Firm1971FIXBro7102
User,Firm1971Bro7103,Firm1971FIXBro7103
User,Firm1971Bro7104,Firm1971FIXBro7104
User,Firm1971Bro7105,Firm1971FIXBro7105
User,Firm1971Bro7106,Firm1971FIXBro7106
User,Firm1972Bro7201,Firm1972FIXBro7201
User,Firm1972Bro7202,Firm1972FIXBro7202
User,Firm1972Bro7203,Firm1972FIXBro7203
User,Firm1972Bro7204,Firm1972FIXBro7204
User,Firm1973Bro7301,Firm1973FIXBro7301
User,Firm1973Bro7302,Firm1973FIXBro7302
User,Firm1973Bro7303,Firm1973FIXBro7303
User,Firm1973Bro7304,Firm1973FIXBro7304
User,Firm1971BackOffice7101,Firm1971FIXBackOffice7101
User,Firm1971BackOffice7102,Firm1971FIXBackOffice7102
User,Firm1971BackOffice7103,Firm1971FIXBackOffice7103
User,Firm1971BackOffice7104,Firm1971FIXBackOffice7104
User,Firm1971BackOffice7105,Firm1971FIXBackOffice7105
User,Firm1971BackOffice7106,Firm1971FIXBackOffice7106
User,Firm1972BackOffice7201,Firm1972FIXBackOffice7201
User,Firm1972BackOffice7202,Firm1972FIXBackOffice7202
User,Firm1972BackOffice7203,Firm1972FIXBackOffice7203
User,Firm1972BackOffice7204,Firm1972FIXBackOffice7204
User,Firm1973BackOffice7301,Firm1973FIXBackOffice7301
User,Firm1973BackOffice7302,Firm1973FIXBackOffice7302
User,Firm1973BackOffice7303,Firm1973FIXBackOffice7303
User,Firm1973BackOffice7304,Firm1973FIXBackOffice7304
# Jenny
User,Firm1981Bro8101,Firm1981FIXBro8101
User,Firm1981Bro8102,Firm1981FIXBro8102
User,Firm1981Bro8103,Firm1981FIXBro8103
User,Firm1981Bro8104,Firm1981FIXBro8104
User,Firm1981Bro8105,Firm1981FIXBro8105
User,Firm1981Bro8106,Firm1981FIXBro8106
User,Firm1982Bro8201,Firm1982FIXBro8201
User,Firm1982Bro8202,Firm1982FIXBro8202
User,Firm1982Bro8203,Firm1982FIXBro8203
User,Firm1982Bro8204,Firm1982FIXBro8204
User,Firm1983Bro8301,Firm1983FIXBro8301
User,Firm1983Bro8302,Firm1983FIXBro8302
User,Firm1983Bro8303,Firm1983FIXBro8303
User,Firm1983Bro8304,Firm1983FIXBro8304
User,Firm1981BackOffice8101,Firm1981FIXBackOffice8101
User,Firm1981BackOffice8102,Firm1981FIXBackOffice8102
User,Firm1981BackOffice8103,Firm1981FIXBackOffice8103
User,Firm1981BackOffice8104,Firm1981FIXBackOffice8104
User,Firm1981BackOffice8105,Firm1981FIXBackOffice8105
User,Firm1981BackOffice8106,Firm1981FIXBackOffice8106
User,Firm1982BackOffice8201,Firm1982FIXBackOffice8201
User,Firm1982BackOffice8202,Firm1982FIXBackOffice8202
User,Firm1982BackOffice8203,Firm1982FIXBackOffice8203
User,Firm1982BackOffice8204,Firm1982FIXBackOffice8204
User,Firm1983BackOffice8301,Firm1983FIXBackOffice8301
User,Firm1983BackOffice8302,Firm1983FIXBackOffice8302
User,Firm1983BackOffice8303,Firm1983FIXBackOffice8303
User,Firm1983BackOffice8304,Firm1983FIXBackOffice8304
# Vincent
User,Firm1991Bro9101,Firm1991FIXBro9101
User,Firm1991Bro9102,Firm1991FIXBro9102
User,Firm1991Bro9103,Firm1991FIXBro9103
User,Firm1991Bro9104,Firm1991FIXBro9104
User,Firm1991Bro9105,Firm1991FIXBro9105
User,Firm1991Bro9106,Firm1991FIXBro9106
User,Firm1992Bro9201,Firm1992FIXBro9201
User,Firm1992Bro9202,Firm1992FIXBro9202
User,Firm1992Bro9205,Firm1992FIXBro9205
User,Firm1992Bro9204,Firm1992FIXBro9204
User,Firm1993Bro9301,Firm1993FIXBro9301
User,Firm1993Bro9302,Firm1993FIXBro9302
User,Firm1993Bro9303,Firm1993FIXBro9303
User,Firm1993Bro9304,Firm1993FIXBro9304
User,Firm1991BackOffice9101,Firm1991FIXBackOffice9101
User,Firm1991BackOffice9102,Firm1991FIXBackOffice9102
User,Firm1991BackOffice9103,Firm1991FIXBackOffice9103
User,Firm1991BackOffice9104,Firm1991FIXBackOffice9104
User,Firm1991BackOffice9105,Firm1991FIXBackOffice9105
User,Firm1991BackOffice9106,Firm1991FIXBackOffice9106
User,Firm1992BackOffice9201,Firm1992FIXBackOffice9201
User,Firm1992BackOffice9202,Firm1992FIXBackOffice9202
User,Firm1992BackOffice9205,Firm1992FIXBackOffice9205
User,Firm1992BackOffice9204,Firm1992FIXBackOffice9204
User,Firm1993BackOffice9301,Firm1993FIXBackOffice9301
User,Firm1993BackOffice9302,Firm1993FIXBackOffice9302
User,Firm1993BackOffice9303,Firm1993FIXBackOffice9303
User,Firm1993BackOffice9304,Firm1993FIXBackOffice9304
# Dickson
User,Firm1931Bro3101,Firm1931FIXBro3101
User,Firm1931Bro3102,Firm1931FIXBro3102
User,Firm1931Bro3103,Firm1931FIXBro3103
User,Firm1931Bro3104,Firm1931FIXBro3104
User,Firm1931Bro3105,Firm1931FIXBro3105
User,Firm1931Bro3106,Firm1931FIXBro3106
User,Firm1932Bro3201,Firm1932FIXBro3201
User,Firm1932Bro3202,Firm1932FIXBro3202
User,Firm1932Bro3203,Firm1932FIXBro3203
User,Firm1932Bro3204,Firm1932FIXBro3204
User,Firm1933Bro3301,Firm1933FIXBro3301
User,Firm1933Bro3302,Firm1933FIXBro3302
User,Firm1933Bro3303,Firm1933FIXBro3303
User,Firm1933Bro3304,Firm1933FIXBro3304
User,Firm1931BackOffice3101,Firm1931FIXBackOffice3101
User,Firm1931BackOffice3102,Firm1931FIXBackOffice3102
User,Firm1931BackOffice3103,Firm1931FIXBackOffice3103
User,Firm1931BackOffice3104,Firm1931FIXBackOffice3104
User,Firm1931BackOffice3105,Firm1931FIXBackOffice3105
User,Firm1931BackOffice3106,Firm1931FIXBackOffice3106
User,Firm1932BackOffice3201,Firm1932FIXBackOffice3201
User,Firm1932BackOffice3202,Firm1932FIXBackOffice3202
User,Firm1932BackOffice3203,Firm1932FIXBackOffice3203
User,Firm1932BackOffice3204,Firm1932FIXBackOffice3204
User,Firm1933BackOffice3301,Firm1933FIXBackOffice3301
User,Firm1933BackOffice3302,Firm1933FIXBackOffice3302
User,Firm1933BackOffice3303,Firm1933FIXBackOffice3303
User,Firm1933BackOffice3304,Firm1933FIXBackOffice3304
# Augustina
User,Firm1921Bro2101,Firm1921FIXBro2101
User,Firm1921Bro2102,Firm1921FIXBro2102
User,Firm1921Bro2103,Firm1921FIXBro2103
User,Firm1921Bro2104,Firm1921FIXBro2104
User,Firm1921Bro2105,Firm1921FIXBro2105
User,Firm1921Bro2106,Firm1921FIXBro2106
User,Firm1922Bro2201,Firm1922FIXBro2201
User,Firm1922Bro2202,Firm1922FIXBro2202
User,Firm1922Bro2203,Firm1922FIXBro2203
User,Firm1922Bro2204,Firm1922FIXBro2204
User,Firm1923Bro2301,Firm1923FIXBro2301
User,Firm1923Bro2302,Firm1923FIXBro2302
User,Firm1923Bro2303,Firm1923FIXBro2303
User,Firm1923Bro2304,Firm1923FIXBro2304
User,Firm1921BackOffice2101,Firm1921FIXBackOffice2101
User,Firm1921BackOffice2102,Firm1921FIXBackOffice2102
User,Firm1921BackOffice2103,Firm1921FIXBackOffice2103
User,Firm1921BackOffice2104,Firm1921FIXBackOffice2104
User,Firm1921BackOffice2105,Firm1921FIXBackOffice2105
User,Firm1921BackOffice2106,Firm1921FIXBackOffice2106
User,Firm1922BackOffice2201,Firm1922FIXBackOffice2201
User,Firm1922BackOffice2202,Firm1922FIXBackOffice2202
User,Firm1922BackOffice2203,Firm1922FIXBackOffice2203
User,Firm1922BackOffice2204,Firm1922FIXBackOffice2204
User,Firm1923BackOffice2301,Firm1923FIXBackOffice2301
User,Firm1923BackOffice2302,Firm1923FIXBackOffice2302
User,Firm1923BackOffice2303,Firm1923FIXBackOffice2303
User,Firm1923BackOffice2304,Firm1923FIXBackOffice2304


##########################################################
# Alias                                                  #
##########################################################
Alias,ReferRefTagID=Offer Price,RefTagID=133
Alias,ReferRefTagID=Bid Price,RefTagID=132
Alias,ReferRefTagID=Order Type,RefTagID=40
Alias,ReferRefTagID=Lot Type,RefTagID=1093


