Name,BeginString,SenderCompID,TargetCompID
# Firm9901
Firm9901FIXOrderEntrySession1,FIXT.1.1,CO09901601,HKEXCO
Firm9901FIXOrderEntrySession2,FIXT.1.1,CO09901603,HKEXCO

# Firm9902                               
Firm9902FIXOrderEntrySession1,FIXT.1.1,CO09902611,HKEXCO
Firm9902FIXOrderEntrySession2,FIXT.1.1,CO09902612,HKEXCO

# Firm9903                               
Firm9903FIXOrderEntrySession1,FIXT.1.1,CO09903621,HKEXCO
Firm9903FIXOrderEntrySession2,FIXT.1.1,CO09903622,HKEXCO

# Firm 9904 FIX sessions
Firm9904FIXOrderEntrySession1,FIXT.1.1,CO09904641,HKEXCO
Firm9904FIXOrderEntrySession2,FIXT.1.1,CO09904643,HKEXCO

# Firm 9905 FIX sessions
Firm9905FIXOrderEntrySession1,FIXT.1.1,CO09905651,HKEXCO
Firm9905FIXOrderEntrySession2,FIXT.1.1,CO09905652,HKEXCO

# Firm 9906 FIX sessions
Firm9906FIXOrderEntrySession1,FIXT.1.1,CO09906661,HKEXCO
Firm9906FIXOrderEntrySession2,FIXT.1.1,CO09906662,HKEXCO

# Firm9907                               
Firm9907FIXOrderEntrySession1,FIXT.1.1,CO09907991,HKEXCO

# Firm 9908 FIX sessions
Firm9908FIXOrderEntrySession1,FIXT.1.1,CO09908991,HKEXCO