TestSymbol,LotSize,TickSize,pClose
HKSymbolM01,1000,0.001,0.043
HKSymbolM02,1000,0.005,0.01
HKSymbolM03,1000,0.01,0.13
HKSymbolM04,1000,0.02,0.25
HKSymbolM05,1000,0.02,0.375
HKSymbolM06,10000,0.05,0.5
HKSymbolM07,100000,0.1,5.2
HKSymbolM08,1000,0.2,10
HKSymbolM09,1000,0.5,15
HKSymbolM10,1000,1,20
HKSymbolM11,1000,0.05,60
HKSymbolM12,1000,0.05,100
HKSymbolM13,1000,0.05,150
HKSymbolM14,1000,0.05,200
HKSymbolM15,1000,0.05,350
HKSymbolM16,1000,0.05,500
HKSymbolM17,1000,0.05,750
HKSymbolM18,1000,0.05,1000
HKSymbolM19,1000,0.05,1500
HKSymbolM20,1000,0.05,2000
HKSymbolM21,1000,0.05,3500
HKSymbolM22,1000,0.05,5000
HKSymbolM23,1000,0.05,7500
HKSymbolM24,1000,0.05,9995
HKSymbolM25,1000,0.05,125
HKSymbolM26,1000,0.001,0.043
HKSymbolM27,1000,0.05,1000
HKSymbolM28,500,0.01,2.1
HKSymbolM29,500,0.01,2.1
HKSymbolN01,1000,0.001,0.043
HKSymbolN02,1000,0.005,0.01
HKSymbolN03,1000,0.01,0.13
HKSymbolN04,1000,0.02,0.25
HKSymbolN05,1000,0.02,0.375
HKSymbolN06,10000,0.05,0.5
HKSymbolN07,100000,0.1,5.2
HKSymbolN08,1000,0.2,10
HKSymbolN09,1000,0.5,15
HKSymbolN10,1000,1,20
HKSymbolN11,1000,0.05,60
HKSymbolN12,1000,0.05,100
HKSymbolN13,1000,0.05,150
HKSymbolN14,1000,0.05,200
HKSymbolN15,1000,0.05,350
HKSymbolN16,1000,0.05,500
HKSymbolN17,1000,0.05,750
HKSymbolN18,1000,0.05,1000
HKSymbolN19,1000,0.05,1500
HKSymbolN20,1000,0.05,2000
HKSymbolN21,1000,0.05,3500
HKSymbolN22,1000,0.05,5000
HKSymbolN23,1000,0.05,7500
HKSymbolN24,1000,0.05,9995
HKSymbolN01_2,1000,0.001,0.043
HKSymbolN02_2,1000,0.005,0.01
HKSymbolN03_2,1000,0.01,0.13
HKSymbolN04_2,1000,0.02,0.25
HKSymbolN05_2,1000,0.02,0.375
HKSymbolN06_2,10000,0.05,0.5
HKSymbolN07_2,100000,0.1,5.2
HKSymbolN08_2,1000,0.2,10
HKSymbolN09_2,1000,0.5,15
HKSymbolN10_2,1000,1,20
HKSymbolN11_2,1000,0.05,60
HKSymbolN12_2,1000,0.05,100
HKSymbolN13_2,1000,0.05,150
HKSymbolN14_2,1000,0.05,200
HKSymbolN15_2,1000,0.05,350
HKSymbolN16_2,1000,0.05,500
HKSymbolN17_2,1000,0.05,750
HKSymbolN18_2,1000,0.05,1000
HKSymbolN19_2,1000,0.05,1500
HKSymbolN20_2,1000,0.05,2000
HKSymbolN21_2,1000,0.05,3500
HKSymbolN22_2,1000,0.05,5000
HKSymbolN23_2,1000,0.05,7500
HKSymbolN24_2,1000,0.05,9995
HKSymbolE01,1000,0.001,0.043
HKSymbolE02,1000,0.005,0.01
HKSymbolE03,1000,0.01,0.13
HKSymbolE04,1000,0.02,0.25
HKSymbolE05,1000,0.02,0.375
HKSymbolE06,10000,0.05,0.5
HKSymbolE07,100000,0.1,5.2
HKSymbolE08,1000,0.2,10
HKSymbolE09,1000,0.5,15
HKSymbolE10,1000,1,20
HKSymbolE11,1000,0.05,60
HKSymbolE12,1000,0.05,100
HKSymbolE13,1000,0.05,150
HKSymbolE14,1000,0.05,200
HKSymbolE15,1000,0.05,350
HKSymbolE16,1000,0.05,500
HKSymbolE17,1000,0.05,750
HKSymbolE18,1000,0.05,1000
HKSymbolE19,1000,0.05,1500
HKSymbolE20,1000,0.05,2000
HKSymbolE21,1000,0.05,3500
HKSymbolE22,1000,0.05,5000
HKSymbolE23,1000,0.05,7500
HKSymbolE24,1000,0.05,9995
HKSymbolG01,1000,0.001,0.043
HKSymbolG02,1000,0.005,0.01
HKSymbolG03,1000,0.01,0.13
HKSymbolG04,1000,0.02,0.25
HKSymbolG05,1000,0.02,0.375
HKSymbolG06,10000,0.05,0.5
HKSymbolG07,100000,0.1,5.2
HKSymbolG08,1000,0.2,10
HKSymbolG09,1000,0.5,15
HKSymbolG10,1000,1,20
HKSymbolG11,1000,0.05,60
HKSymbolG12,1000,0.05,100
HKSymbolG13,1000,0.05,150
HKSymbolG14,1000,0.05,200
HKSymbolG15,1000,0.05,350
HKSymbolG16,1000,0.05,500
HKSymbolG17,1000,0.05,750
HKSymbolG18,1000,0.05,1000
HKSymbolG19,1000,0.05,1500
HKSymbolG20,1000,0.05,2000
HKSymbolG21,1000,0.05,3500
HKSymbolG22,1000,0.05,5000
HKSymbolG23,1000,0.05,7500
HKSymbolG24,1000,0.05,9995
HKSymbolG25,100,0.05,0.125
HKSymbolG26,2000,0.05,25
HKSymbolM01_2,1000,0.001,0.043
HKSymbolM02_2,1000,0.005,0.01
HKSymbolM03_2,1000,0.01,0.13
HKSymbolM04_2,1000,0.02,0.25
HKSymbolM05_2,1000,0.02,0.375
HKSymbolM06_2,10000,0.05,0.5
HKSymbolM07_2,100000,0.1,5.2
HKSymbolM08_2,1000,0.2,10
HKSymbolM09_2,1000,0.5,15
HKSymbolM10_2,1000,1,20
HKSymbolM11_2,1000,0.05,60
HKSymbolM12_2,1000,0.05,100
HKSymbolM13_2,1000,0.05,150
HKSymbolM14_2,1000,0.05,200
HKSymbolM15_2,1000,0.05,350
HKSymbolM16_2,1000,0.05,500
HKSymbolM17_2,1000,0.05,750
HKSymbolM18_2,1000,0.05,1000
HKSymbolM19_2,1000,0.05,1500
HKSymbolM20_2,1000,0.05,2000
HKSymbolM21_2,1000,0.05,3500
HKSymbolM22_2,1000,0.05,5000
HKSymbolM23_2,1000,0.05,7500
HKSymbolM24_2,1000,0.05,9995
HKSymbolM01_3,1000,0.001,0.043
HKSymbolM02_3,1000,0.005,0.01
HKSymbolM03_3,1000,0.01,0.13
HKSymbolM04_3,1000,0.02,0.25
HKSymbolM05_3,1000,0.02,0.375
HKSymbolM06_3,10000,0.05,0.5
HKSymbolM07_3,100000,0.1,5.2
HKSymbolM08_3,1000,0.2,10
HKSymbolM09_3,1000,0.5,15
HKSymbolM10_3,1000,1,20
HKSymbolM11_3,1000,0.05,60
HKSymbolM12_3,1000,0.05,100
HKSymbolM13_3,1000,0.05,150
HKSymbolM14_3,1000,0.05,200
HKSymbolM15_3,1000,0.05,350
HKSymbolM16_3,1000,0.05,500
HKSymbolM17_3,1000,0.05,750
HKSymbolM18_3,1000,0.05,1000
HKSymbolM19_3,1000,0.05,1500
HKSymbolM20_3,1000,0.05,2000
HKSymbolM21_3,1000,0.05,3500
HKSymbolM22_3,1000,0.05,5000
HKSymbolM23_3,1000,0.05,7500
HKSymbolM24_3,1000,0.05,9995
HKSymbolM01_4,1000,0.001,0.043
HKSymbolM02_4,1000,0.005,0.01
HKSymbolM03_4,1000,0.01,0.13
HKSymbolM04_4,1000,0.02,0.25
HKSymbolM05_4,1000,0.02,0.375
HKSymbolM06_4,10000,0.05,0.5
HKSymbolM07_4,100000,0.1,5.2
HKSymbolM08_4,1000,0.2,10
HKSymbolM09_4,1000,0.5,15
HKSymbolM10_4,1000,1,20
HKSymbolM11_4,1000,0.05,60
HKSymbolM12_4,1000,0.05,100
HKSymbolM13_4,1000,0.05,150
HKSymbolM14_4,1000,0.05,200
HKSymbolM15_4,1000,0.05,350
HKSymbolM16_4,1000,0.05,500
HKSymbolM17_4,1000,0.05,750
HKSymbolM18_4,1000,0.05,1000
HKSymbolM19_4,1000,0.05,1500
HKSymbolM20_4,1000,0.05,2000
HKSymbolM21_4,1000,0.05,3500
HKSymbolM22_4,1000,0.05,5000
HKSymbolM23_4,1000,0.05,7500
HKSymbolM24_4,1000,0.05,9995
HKSymbolM01_5,1000,0.001,0.043
HKSymbolM02_5,1000,0.005,0.01
HKSymbolM03_5,1000,0.01,0.13
HKSymbolM04_5,1000,0.02,0.25
HKSymbolM05_5,1000,0.02,0.375
HKSymbolM06_5,10000,0.05,0.5
HKSymbolM07_5,100000,0.1,5.2
HKSymbolM08_5,1000,0.2,10
HKSymbolM09_5,1000,0.5,15
HKSymbolM10_5,1000,1,20
HKSymbolM11_5,1000,0.05,60
HKSymbolM12_5,1000,0.05,100
HKSymbolM13_5,1000,0.05,150
HKSymbolM14_5,1000,0.05,200
HKSymbolM15_5,1000,0.05,350
HKSymbolM16_5,1000,0.05,500
HKSymbolM17_5,1000,0.05,750
HKSymbolM18_5,1000,0.05,1000
HKSymbolM19_5,1000,0.05,1500
HKSymbolM20_5,1000,0.05,2000
HKSymbolM21_5,1000,0.05,3500
HKSymbolM22_5,1000,0.05,5000
HKSymbolM23_5,1000,0.05,7500
HKSymbolM24_5,1000,0.05,9995
HKSymbolG01_2,1000,0.001,0.043
HKSymbolG02_2,1000,0.005,0.01
HKSymbolG03_2,1000,0.01,0.13
HKSymbolG04_2,1000,0.02,0.25
HKSymbolG05_2,1000,0.02,0.375
HKSymbolG06_2,10000,0.05,0.5
HKSymbolG07_2,100000,0.1,5.2
HKSymbolG08_2,1000,0.2,10
HKSymbolG09_2,1000,0.5,15
HKSymbolG10_2,1000,1,20
HKSymbolG11_2,1000,0.05,60
HKSymbolG12_2,1000,0.05,100
HKSymbolG13_2,1000,0.05,150
HKSymbolG14_2,1000,0.05,200
HKSymbolG15_2,1000,0.05,350
HKSymbolG16_2,1000,0.05,500
HKSymbolG17_2,1000,0.05,750
HKSymbolG18_2,1000,0.05,1000
HKSymbolG19_2,1000,0.05,1500
HKSymbolG20_2,1000,0.05,2000
HKSymbolG21_2,1000,0.05,3500
HKSymbolG22_2,1000,0.05,5000
HKSymbolG23_2,1000,0.05,7500
HKSymbolG24_2,1000,0.05,9995
HKSymbolG01_3,1000,0.001,0.043
HKSymbolG02_3,1000,0.005,0.01
HKSymbolG03_3,1000,0.01,0.13
HKSymbolG04_3,1000,0.02,0.25
HKSymbolG05_3,1000,0.02,0.375
HKSymbolG06_3,10000,0.05,0.5
HKSymbolG07_3,100000,0.1,5.2
HKSymbolG08_3,1000,0.2,10
HKSymbolG09_3,1000,0.5,15
HKSymbolG10_3,1000,1,20
HKSymbolG11_3,1000,0.05,60
HKSymbolG12_3,1000,0.05,100
HKSymbolG13_3,1000,0.05,150
HKSymbolG14_3,1000,0.05,200
HKSymbolG15_3,1000,0.05,350
HKSymbolG16_3,1000,0.05,500
HKSymbolG17_3,1000,0.05,750
HKSymbolG18_3,1000,0.05,1000
HKSymbolG19_3,1000,0.05,1500
HKSymbolG20_3,1000,0.05,2000
HKSymbolG21_3,1000,0.05,3500
HKSymbolG22_3,1000,0.05,5000
HKSymbolG23_3,1000,0.05,7500
HKSymbolG24_3,1000,0.05,9995
HKSymbolG01_4,1000,0.001,0.043
HKSymbolG02_4,1000,0.005,0.01
HKSymbolG03_4,1000,0.01,0.13
HKSymbolG04_4,1000,0.02,0.25
HKSymbolG05_4,1000,0.02,0.375
HKSymbolG06_4,10000,0.05,0.5
HKSymbolG07_4,100000,0.1,5.2
HKSymbolG08_4,1000,0.2,10
HKSymbolG09_4,1000,0.5,15
HKSymbolG10_4,1000,1,20
HKSymbolG11_4,1000,0.05,60
HKSymbolG12_4,1000,0.05,100
HKSymbolG13_4,1000,0.05,150
HKSymbolG14_4,1000,0.05,200
HKSymbolG15_4,1000,0.05,350
HKSymbolG16_4,1000,0.05,500
HKSymbolG17_4,1000,0.05,750
HKSymbolG18_4,1000,0.05,1000
HKSymbolG19_4,1000,0.05,1500
HKSymbolG20_4,1000,0.05,2000
HKSymbolG21_4,1000,0.05,3500
HKSymbolG22_4,1000,0.05,5000
HKSymbolG23_4,1000,0.05,7500
HKSymbolG24_4,1000,0.05,9995
HKSymbolG25_4,1000,0.05,9995
HKSymbolG26_4,1000,0.05,9995
HKSymbolG27_4,1000,0.05,9995
HKSymbolG28_4,1000,0.05,9995
HKSymbolG01_5,1000,0.001,0.043
HKSymbolG02_5,1000,0.005,0.01
HKSymbolG03_5,1000,0.01,0.13
HKSymbolG04_5,1000,0.02,0.25
HKSymbolG05_5,1000,0.02,0.375
HKSymbolG06_5,10000,0.05,0.5
HKSymbolG07_5,100000,0.1,5.2
HKSymbolG08_5,1000,0.2,10
HKSymbolG09_5,1000,0.5,15
HKSymbolG10_5,1000,1,20
HKSymbolG11_5,1000,0.05,60
HKSymbolG12_5,1000,0.05,100
HKSymbolG13_5,1000,0.05,150
HKSymbolG14_5,1000,0.05,200
HKSymbolG15_5,1000,0.05,350
HKSymbolG16_5,1000,0.05,500
HKSymbolG17_5,1000,0.05,750
HKSymbolG18_5,1000,0.05,1000
HKSymbolG19_5,1000,0.05,1500
HKSymbolG20_5,1000,0.05,2000
HKSymbolG21_5,1000,0.05,3500
HKSymbolG22_5,1000,0.05,5000
HKSymbolG23_5,1000,0.05,7500
HKSymbolG24_5,1000,0.05,9995
HKSymbolG01_6,1000,0.001,0.043
HKSymbolG02_6,1000,0.005,0.01
HKSymbolG03_6,1000,0.01,0.13
HKSymbolG04_6,1000,0.02,0.25
HKSymbolG05_6,1000,0.02,0.375
HKSymbolG06_6,10000,0.05,0.5
HKSymbolG07_6,100000,0.1,5.2
HKSymbolG08_6,1000,0.2,10
HKSymbolG09_6,1000,0.5,15
HKSymbolG10_6,1000,1,20
HKSymbolG11_6,1000,0.05,60
HKSymbolG12_6,1000,0.05,100
HKSymbolG13_6,1000,0.05,150
HKSymbolG14_6,1000,0.05,200
HKSymbolG15_6,1000,0.05,350
HKSymbolG16_6,1000,0.05,500
HKSymbolG17_6,1000,0.05,750
HKSymbolG18_6,1000,0.05,1000
HKSymbolG19_6,1000,0.05,1500
HKSymbolG20_6,1000,0.05,2000
HKSymbolG21_6,1000,0.05,3500
HKSymbolG22_6,1000,0.05,5000
HKSymbolG23_6,1000,0.05,7500
HKSymbolG24_6,1000,0.05,9995
HKSymbolG02_7,1000,0.005,0.01
HKSymbolG02_8,1000,0.005,0.01
HKSymbolG02_9,1000,0.005,0.01
HKSymbolG02_10,1000,0.005,0.01
HKSymbolG02_11,1000,0.005,0.01
HKSymbolG02_12,1000,0.005,0.01
HKSymbolG02_13,1000,0.005,0.01
HKSymbolG02_14,1000,0.005,0.01
HKSymbolG05_6,1000,0.02,0.375
SMDsymbolM07,100,0.05,0.01
SMDsymbolM08,1000,0.05,0.09
SMDsymbolM09,10000,0.05,0.1
SMDsymbolM10,100000,0.05,1
SMDsymbolM11,10000,0.05,10
SMDsymbolM12,1000,0.05,100
SMDsymbolM13,100,0.05,700
SMDsymbolM14,1000,0.05,25
SMDsymbolM16,1000,0.05,150  
SMDsymbolM17,1000,0.05,250
RefSymbol01,1000,0.01,10
RefSymbol02,1000,0.01,10
RefSymbol03,1000,0.01,10
RefSymbol04,1000,0.01,10
RefSymbol05,1000,0.01,10
RefSymbol06,1000,0.01,10
RefSymbol07,1000,0.01,10
RefSymbol08,1000,0.01,10
RefSymbol09,1000,0.01,10
RefSymbol10,1000,0.01,10
RefSymbol11,1000,0.01,10
RefSymbol12,1000,0.01,10
RefSymbol13,1000,0.01,10
RefSymbol14,1000,0.01,10
RefSymbol15,1000,0.01,10
RefSymbol16,1000,0.01,10
RefSymbol17,1000,0.01,10
RefSymbol18,1000,0.01,10
RefSymbol19,1000,0.01,10
RefSymbol20,1000,0.01,10
RefSymbol21,1000,0.01,10
RefSymbol22,1000,0.01,10
RefSymbol23,1000,0.01,10
RefSymbol24,1000,0.01,10
RefSymbol25,1000,0.01,10
RefSymbol26,1000,0.01,10
RefSymbol27,1000,0.01,10
RefSymbol28,1000,0.01,10
RefSymbol29,1000,0.01,10
RefSymbol30,1000,0.01,10
RefSymbol31,1000,0.01,10
RefSymbol32,1000,0.01,10
RefSymbol33,1000,0.01,10
RefSymbol34,1000,0.01,10
RefSymbol35,1000,0.01,10
RefSymbol36,1000,0.01,10
RefSymbol37,1000,0.01,10
RefSymbol38,1000,0.01,10
RefSymbol39,1000,0.01,10
RefSymbol40,1000,0.01,10
RefSymbol41,1000,0.01,10
RefSymbol42,1000,0.01,10
RefSymbol43,1000,0.01,10
RefSymbol44,1000,0.01,10
RefSymbol45,1000,0.01,10
RefSymbol46,1000,0.01,10
RefSymbol47,1000,0.01,10
RefSymbol48,1000,0.01,10
RefSymbol49,1000,0.01,10
RefSymbol50,1000,0.01,10
RefSymbol51,1000,0.01,10
RefSymbol52,1000,0.01,10
RefSymbol53,1000,0.01,10
RefSymbol54,1000,0.01,10
RefSymbol55,1000,0.01,10
RefSymbol56,1000,0.01,10
RefSymbol57,1000,0.01,10
RefSymbol58,1000,0.01,10
RefSymbol59,1000,0.01,10
RefSymbol60,1000,0.01,10
RefSymbol61,1000,0.01,10
RefSymbol62,1000,0.01,10
RefSymbol63,1000,0.01,10
RefSymbol64,1000,0.01,10
RefSymbol65,1000,0.01,10
RefSymbol66,1000,0.01,10
RefSymbol67,1000,0.01,10
RefSymbol68,1000,0.01,10
RefSymbol69,1000,0.01,10
RefSymbol70,1000,0.01,10
RefSymbol71,1000,0.01,10
RefSymbol72,1000,0.01,10
RefSymbol73,1000,0.01,10
RefSymbol74,1000,0.01,10
RefSymbol75,1000,0.01,10
RefSymbol76,1000,0.01,10
RefSymbol77,1000,0.01,10
RefSymbol78,1000,0.01,10
RefSymbol79,1000,0.01,10
RefSymbol80,1000,0.01,10
RefSymbol81,1000,0.01,10
QuoteSymbolM01,0.123,0.01,10000
QuoteSymbolM02,0.01,0.01,5000
OSSymbolA01,1000,0.01,10
OSSymbolA02,1000,0.01,10
OSSymbolA03,1000,0.01,10
OSSymbolA04,1000,0.01,10
OSSymbolA05,1000,0.01,10
OSSymbolA06,1000,0.01,10
OSSymbolA07,1000,0.01,10
OSSymbolA08,1000,0.01,10
OSSymbolA09,1000,0.01,10
OSSymbolA10,1000,0.01,10
OSSymbolA11,1000,0.01,10
OSSymbolA12,1000,0.01,10
OSSymbolA13,1000,0.01,10
OSSymbolA14,1000,0.01,10
OSSymbolA15,1000,0.01,10
OSSymbolA16,1000,0.01,10
OSSymbolA17,1000,0.01,10
OSSymbolA18,1000,0.01,10
OSSymbolA19,1000,0.01,10
OSSymbolA20,1000,0.01,10
OSSymbolA21,1000,0.01,10
OSSymbolA22,1000,0.01,10
OSSymbolA23,1000,0.01,10
OSSymbolA24,1000,0.01,10
OSSymbolA25,1000,0.01,10
OSSymbolA26,1000,0.01,10
OSSymbolA27,1000,0.01,10
OSSymbolA28,1000,0.01,10
OSSymbolA29,1000,0.01,10
OSSymbolA30,1000,0.01,10
OSSymbolA31,1000,0.01,10
OSSymbolA32,1000,0.01,10
OSSymbolA33,1000,0.01,10
OSSymbolA34,1000,0.01,10
OSSymbolA35,1000,0.01,10
OSSymbolA36,1000,0.01,10
OSSymbolA37,1000,0.01,10
OSSymbolA38,1000,0.01,10
OSSymbolA39,1000,0.01,10
OSSymbolA40,1000,0.01,10
OSSymbolA41,1000,0.01,10
OSSymbolA42,1000,0.01,10
OSSymbolA43,1000,0.01,10
OSSymbolA44,1000,0.01,10
OSSymbolA45,1000,0.01,10
OSSymbolA46,1000,0.01,10
OSSymbolA47,1000,0.01,10
OSSymbolA48,1000,0.01,10
OSSymbolA49,1000,0.01,10
OSSymbolA50,1000,0.01,10
OSSymbolA51,1000,0.01,10
OSSymbolA52,1000,0.01,10
OSSymbolA53,1000,0.01,10
OSSymbolA54,1000,0.01,10
OSSymbolA55,1000,0.01,10
OSSymbolA56,1000,0.01,10
OSSymbolA57,1000,0.01,10
OSSymbolA58,1000,0.01,10
OSSymbolA59,1000,0.01,10
OSSymbolA60,1000,0.01,10
OSSymbolA61,1000,0.01,10
OSSymbolA62,1000,0.01,10
OSSymbolA63,1000,0.01,10
OSSymbolA64,1000,0.01,10
OSSymbolA65,1000,0.01,10
OSSymbolA66,1000,0.01,10
OSSymbolA67,1000,0.01,10
OSSymbolA68,1000,0.01,10
OSSymbolA69,1000,0.01,10
OSSymbolA70,1000,0.01,10
OSSymbolA71,1000,0.01,10
OSSymbolA72,1000,0.01,10
OSSymbolA73,1000,0.01,10
OSSymbolA74,1000,0.01,10
OSSymbolA75,1000,0.01,10
OSSymbolA76,1000,0.01,10
OSSymbolA77,1000,0.01,10
OSSymbolA78,1000,0.01,10
STSymbol01,1000,0.01,10
STSymbol02,1000,0.01,10
STSymbol03,1000,0.01,10
STSymbol04,1000,0.01,10
STSymbol05,1000,0.01,10
STSymbol06,1000,0.01,10
STSymbol07,1000,0.01,10
STSymbol08,1000,0.01,10
STSymbol09,1000,0.01,10
STSymbol10,1000,0.01,10
STSymbol11,1000,0.01,10
STSymbol12,1000,0.01,10
STSymbol13,1000,0.01,10
STSymbol14,1000,0.01,10
STSymbol15,1000,0.01,10
STSymbol16,1000,0.01,10
STSymbol01_2,1000,0.01,10
STSymbol02_2,1000,0.01,10
STSymbol03_2,1000,0.01,10
STSymbol04_2,1000,0.01,10