TestSymbol,SecurityID,SecurityExchange
HKSymbolM01,2401,XHKG
HKSymbolM02,2402,XHKG
HKSymbolM03,2403,XHKG
HKSymbolM04,2404,XHKG
HKSymbolM05,2405,XHKG
HKSymbolM06,2406,XHKG
HKSymbolM07,2407,XHKG
HKSymbolM08,2408,XHKG
HKSymbolM09,2409,XHKG
HKSymbolM10,2410,XHKG
HKSymbolM11,2411,XHKG
HKSymbolM12,2412,XHKG
HKSymbolM13,2413,XHKG
HKSymbolM14,2414,XHKG
HKSymbolM15,2415,XHKG
HKSymbolM16,2416,XHKG
HKSymbolM17,2417,XHKG
HKSymbolM18,2418,XHKG
HKSymbolM19,2419,XHKG
HKSymbolM20,2420,XHKG
HKSymbolM21,2421,XHKG
HKSymbolM22,2422,XHKG
HKSymbolM23,2423,XHKG
HKSymbolM24,2424,XHKG
HKSymbolM25,99999,XHKG
HKSymbolM26,99998,XHKG
HKSymbolM27,99997,XHKG
HKSymbolM28,1406,XHKG
HKSymbolM29,1,XHKG
HKSymbolN01,4101,XHKG
HKSymbolN02,4102,XHKG
HKSymbolN03,4103,XHKG
HKSymbolN04,4104,XHKG
HKSymbolN05,4105,XHKG
HKSymbolN06,4106,XHKG
HKSymbolN07,4107,XHKG
HKSymbolN08,4108,XHKG
HKSymbolN09,4109,XHKG
HKSymbolN10,4110,XHKG
HKSymbolN11,4111,XHKG
HKSymbolN12,4112,XHKG
HKSymbolN13,4113,XHKG
HKSymbolN14,4114,XHKG
HKSymbolN15,4115,XHKG
HKSymbolN16,4116,XHKG
HKSymbolN17,4117,XHKG
HKSymbolN18,4118,XHKG
HKSymbolN19,4119,XHKG
HKSymbolN20,4120,XHKG
HKSymbolN21,4121,XHKG
HKSymbolN22,4122,XHKG
HKSymbolN23,4123,XHKG
HKSymbolN24,4124,XHKG
HKSymbolE01,6201,XHKG
HKSymbolE02,6202,XHKG
HKSymbolE03,6203,XHKG
HKSymbolE04,6204,XHKG
HKSymbolE05,6205,XHKG
HKSymbolE06,6206,XHKG
HKSymbolE07,6207,XHKG
HKSymbolE08,6208,XHKG
HKSymbolE09,6209,XHKG
HKSymbolE10,6210,XHKG
HKSymbolE11,6211,XHKG
HKSymbolE12,6212,XHKG
HKSymbolE13,6213,XHKG
HKSymbolE14,6214,XHKG
HKSymbolE15,6215,XHKG
HKSymbolE16,6216,XHKG
HKSymbolE17,6217,XHKG
HKSymbolE18,6218,XHKG
HKSymbolE19,6219,XHKG
HKSymbolE20,6220,XHKG
HKSymbolE21,6221,XHKG
HKSymbolE22,6222,XHKG
HKSymbolE23,6223,XHKG
HKSymbolE24,6224,XHKG
HKSymbolG01,8701,XHKG
HKSymbolG02,8702,XHKG
HKSymbolG03,8703,XHKG
HKSymbolG04,8704,XHKG
HKSymbolG05,8705,XHKG
HKSymbolG06,8706,XHKG
HKSymbolG07,8707,XHKG
HKSymbolG08,8708,XHKG
HKSymbolG09,8709,XHKG
HKSymbolG10,8710,XHKG
HKSymbolG11,8711,XHKG
HKSymbolG12,8712,XHKG
HKSymbolG13,8713,XHKG
HKSymbolG14,8714,XHKG
HKSymbolG15,8715,XHKG
HKSymbolG16,8716,XHKG
HKSymbolG17,8717,XHKG
HKSymbolG18,8718,XHKG
HKSymbolG19,8719,XHKG
HKSymbolG20,8720,XHKG
HKSymbolG21,8721,XHKG
HKSymbolG22,8722,XHKG
HKSymbolG23,8723,XHKG
HKSymbolG24,8724,XHKG
HKSymbolG25,11001,XHKG
HKSymbolG26,11002,XHKG
HKSymbolN01_2,4401,XHKG
HKSymbolN02_2,4402,XHKG
HKSymbolN03_2,4403,XHKG
HKSymbolN04_2,4404,XHKG
HKSymbolN05_2,4405,XHKG
HKSymbolN06_2,4406,XHKG
HKSymbolN07_2,4407,XHKG
HKSymbolN08_2,4408,XHKG
HKSymbolN09_2,4409,XHKG
HKSymbolN10_2,4410,XHKG
HKSymbolN11_2,4411,XHKG
HKSymbolN12_2,4412,XHKG
HKSymbolN13_2,4413,XHKG
HKSymbolN14_2,4414,XHKG
HKSymbolN15_2,4415,XHKG
HKSymbolN16_2,4416,XHKG
HKSymbolN17_2,4417,XHKG
HKSymbolN18_2,4418,XHKG
HKSymbolN19_2,4419,XHKG
HKSymbolN20_2,4420,XHKG
HKSymbolN21_2,4421,XHKG
HKSymbolN22_2,4422,XHKG
HKSymbolN23_2,4423,XHKG
HKSymbolN24_2,4424,XHKG
HKSymbolM01_2,2501,XHKG
HKSymbolM02_2,2502,XHKG
HKSymbolM03_2,2503,XHKG
HKSymbolM04_2,2504,XHKG
HKSymbolM05_2,2505,XHKG
HKSymbolM06_2,2506,XHKG
HKSymbolM07_2,2507,XHKG
HKSymbolM08_2,2508,XHKG
HKSymbolM09_2,2509,XHKG
HKSymbolM10_2,2510,XHKG
HKSymbolM11_2,2511,XHKG
HKSymbolM12_2,2512,XHKG
HKSymbolM13_2,2513,XHKG
HKSymbolM14_2,2514,XHKG
HKSymbolM15_2,2515,XHKG
HKSymbolM16_2,2516,XHKG
HKSymbolM17_2,2517,XHKG
HKSymbolM18_2,2518,XHKG
HKSymbolM19_2,2519,XHKG
HKSymbolM20_2,2520,XHKG
HKSymbolM21_2,2521,XHKG
HKSymbolM22_2,2522,XHKG
HKSymbolM23_2,2523,XHKG
HKSymbolM24_2,2524,XHKG
HKSymbolM01_3,2901,XHKG
HKSymbolM02_3,2902,XHKG
HKSymbolM03_3,2903,XHKG
HKSymbolM04_3,2904,XHKG
HKSymbolM05_3,2905,XHKG
HKSymbolM06_3,2906,XHKG
HKSymbolM07_3,2907,XHKG
HKSymbolM08_3,2908,XHKG
HKSymbolM09_3,2909,XHKG
HKSymbolM10_3,2910,XHKG
HKSymbolM11_3,2911,XHKG
HKSymbolM12_3,2912,XHKG
HKSymbolM13_3,2913,XHKG
HKSymbolM14_3,2914,XHKG
HKSymbolM15_3,2915,XHKG
HKSymbolM16_3,2916,XHKG
HKSymbolM17_3,2917,XHKG
HKSymbolM18_3,2918,XHKG
HKSymbolM19_3,2919,XHKG
HKSymbolM20_3,2920,XHKG
HKSymbolM21_3,2921,XHKG
HKSymbolM22_3,2922,XHKG
HKSymbolM23_3,2923,XHKG
HKSymbolM24_3,2924,XHKG
HKSymbolM01_4,3401,XHKG
HKSymbolM02_4,3402,XHKG
HKSymbolM03_4,3403,XHKG
HKSymbolM04_4,3404,XHKG
HKSymbolM05_4,3405,XHKG
HKSymbolM06_4,3406,XHKG
HKSymbolM07_4,3407,XHKG
HKSymbolM08_4,3408,XHKG
HKSymbolM09_4,3409,XHKG
HKSymbolM10_4,3410,XHKG
HKSymbolM11_4,3411,XHKG
HKSymbolM12_4,3412,XHKG
HKSymbolM13_4,3413,XHKG
HKSymbolM14_4,3414,XHKG
HKSymbolM15_4,3415,XHKG
HKSymbolM16_4,3416,XHKG
HKSymbolM17_4,3417,XHKG
HKSymbolM18_4,3418,XHKG
HKSymbolM19_4,3419,XHKG
HKSymbolM20_4,3420,XHKG
HKSymbolM21_4,3421,XHKG
HKSymbolM22_4,3422,XHKG
HKSymbolM23_4,3423,XHKG
HKSymbolM24_4,3424,XHKG
HKSymbolM01_5,3201,XHKG
HKSymbolM02_5,3202,XHKG
HKSymbolM03_5,3203,XHKG
HKSymbolM04_5,3204,XHKG
HKSymbolM05_5,3205,XHKG
HKSymbolM06_5,3206,XHKG
HKSymbolM07_5,3207,XHKG
HKSymbolM08_5,3208,XHKG
HKSymbolM09_5,3209,XHKG
HKSymbolM10_5,3210,XHKG
HKSymbolM11_5,3211,XHKG
HKSymbolM12_5,3212,XHKG
HKSymbolM13_5,3213,XHKG
HKSymbolM14_5,3214,XHKG
HKSymbolM15_5,3215,XHKG
HKSymbolM16_5,3216,XHKG
HKSymbolM17_5,3217,XHKG
HKSymbolM18_5,3218,XHKG
HKSymbolM19_5,3219,XHKG
HKSymbolM20_5,3220,XHKG
HKSymbolM21_5,3221,XHKG
HKSymbolM22_5,3222,XHKG
HKSymbolM23_5,3223,XHKG
HKSymbolM24_5,3224,XHKG
HKSymbolG01_2,8801,XHKG
HKSymbolG02_2,8802,XHKG
HKSymbolG03_2,8803,XHKG
HKSymbolG04_2,8804,XHKG
HKSymbolG05_2,8805,XHKG
HKSymbolG06_2,8806,XHKG
HKSymbolG07_2,8807,XHKG
HKSymbolG08_2,8808,XHKG
HKSymbolG09_2,8809,XHKG
HKSymbolG10_2,8810,XHKG
HKSymbolG11_2,8811,XHKG
HKSymbolG12_2,8812,XHKG
HKSymbolG13_2,8813,XHKG
HKSymbolG14_2,8814,XHKG
HKSymbolG15_2,8815,XHKG
HKSymbolG16_2,8816,XHKG
HKSymbolG17_2,8817,XHKG
HKSymbolG18_2,8818,XHKG
HKSymbolG19_2,8819,XHKG
HKSymbolG20_2,8820,XHKG
HKSymbolG21_2,8821,XHKG
HKSymbolG22_2,8822,XHKG
HKSymbolG23_2,8823,XHKG
HKSymbolG24_2,8824,XHKG
HKSymbolG01_3,7401,XHKG
HKSymbolG02_3,7402,XHKG
HKSymbolG03_3,7403,XHKG
HKSymbolG04_3,7404,XHKG
HKSymbolG05_3,7405,XHKG
HKSymbolG06_3,7406,XHKG
HKSymbolG07_3,7407,XHKG
HKSymbolG08_3,7408,XHKG
HKSymbolG09_3,7409,XHKG
HKSymbolG10_3,7410,XHKG
HKSymbolG11_3,7411,XHKG
HKSymbolG12_3,7412,XHKG
HKSymbolG13_3,7413,XHKG
HKSymbolG14_3,7414,XHKG
HKSymbolG15_3,7415,XHKG
HKSymbolG16_3,7416,XHKG
HKSymbolG17_3,7417,XHKG
HKSymbolG18_3,7418,XHKG
HKSymbolG19_3,7419,XHKG
HKSymbolG20_3,7420,XHKG
HKSymbolG21_3,7421,XHKG
HKSymbolG22_3,7422,XHKG
HKSymbolG23_3,7423,XHKG
HKSymbolG24_3,7424,XHKG
HKSymbolG01_4,7601,XHKG
HKSymbolG02_4,7602,XHKG
HKSymbolG03_4,7603,XHKG
HKSymbolG04_4,7604,XHKG
HKSymbolG05_4,7605,XHKG
HKSymbolG06_4,7606,XHKG
HKSymbolG07_4,7607,XHKG
HKSymbolG08_4,7608,XHKG
HKSymbolG09_4,7609,XHKG
HKSymbolG10_4,7610,XHKG
HKSymbolG11_4,7611,XHKG
HKSymbolG12_4,7612,XHKG
HKSymbolG13_4,7613,XHKG
HKSymbolG14_4,7614,XHKG
HKSymbolG15_4,7615,XHKG
HKSymbolG16_4,7616,XHKG
HKSymbolG17_4,7617,XHKG
HKSymbolG18_4,7618,XHKG
HKSymbolG19_4,7619,XHKG
HKSymbolG20_4,7620,XHKG
HKSymbolG21_4,7621,XHKG
HKSymbolG22_4,7622,XHKG
HKSymbolG23_4,7623,XHKG
HKSymbolG24_4,7624,XHKG
HKSymbolG25_4,7625,XHKG
HKSymbolG26_4,7626,XHKG
HKSymbolG27_4,7627,XHKG
HKSymbolG28_4,7628,XHKG
HKSymbolG01_5,7701,XHKG
HKSymbolG02_5,7702,XHKG
HKSymbolG03_5,7703,XHKG
HKSymbolG04_5,7704,XHKG
HKSymbolG05_5,7705,XHKG
HKSymbolG06_5,7706,XHKG
HKSymbolG07_5,7707,XHKG
HKSymbolG08_5,7708,XHKG
HKSymbolG09_5,7709,XHKG
HKSymbolG10_5,7710,XHKG
HKSymbolG11_5,7711,XHKG
HKSymbolG12_5,7712,XHKG
HKSymbolG13_5,7713,XHKG
HKSymbolG14_5,7714,XHKG
HKSymbolG15_5,7715,XHKG
HKSymbolG16_5,7716,XHKG
HKSymbolG17_5,7717,XHKG
HKSymbolG18_5,7718,XHKG
HKSymbolG19_5,7719,XHKG
HKSymbolG20_5,7720,XHKG
HKSymbolG21_5,7721,XHKG
HKSymbolG22_5,7722,XHKG
HKSymbolG23_5,7723,XHKG
HKSymbolG24_5,7724,XHKG
HKSymbolG01_6,7801,XHKG
HKSymbolG02_6,7802,XHKG
HKSymbolG03_6,7803,XHKG
HKSymbolG04_6,7804,XHKG
HKSymbolG05_6,7805,XHKG
HKSymbolG06_6,7806,XHKG
HKSymbolG07_6,7807,XHKG
HKSymbolG08_6,7808,XHKG
HKSymbolG09_6,7809,XHKG
HKSymbolG10_6,7810,XHKG
HKSymbolG11_6,7811,XHKG
HKSymbolG12_6,7812,XHKG
HKSymbolG13_6,7813,XHKG
HKSymbolG14_6,7814,XHKG
HKSymbolG15_6,7815,XHKG
HKSymbolG16_6,7816,XHKG
HKSymbolG17_6,7817,XHKG
HKSymbolG18_6,7818,XHKG
HKSymbolG19_6,7819,XHKG
HKSymbolG20_6,7820,XHKG
HKSymbolG21_6,7821,XHKG
HKSymbolG22_6,7822,XHKG
HKSymbolG23_6,7823,XHKG
HKSymbolG24_6,7824,XHKG
HKSymbolG02_7,7902,XHKG
HKSymbolG02_8,8002,XHKG
HKSymbolG02_9,8402,XHKG
HKSymbolG02_10,8502,XHKG
HKSymbolG02_11,8602,XHKG
HKSymbolG02_12,8902,XHKG
HKSymbolG02_13,9002,XHKG
HKSymbolG02_14,9102,XHKG
HKSymbolG05_6,7805,XHKG
SMDsymbolM07,1407,XHKG
SMDsymbolM08,1408,XHKG
SMDsymbolM09,1409,XHKG
SMDsymbolM10,1410,XHKG
SMDsymbolM11,1411,XHKG
SMDsymbolM12,1412,XHKG
SMDsymbolM13,1413,XHKG
SMDsymbolM14,1414,XHKG
SMDsymbolM16,1416,XHKG
SMDsymbolM17,1417,XHKG
RefSymbol01,90001,XHKG
RefSymbol02,90002,XHKG
RefSymbol03,90003,XHKG
RefSymbol04,90004,XHKG
RefSymbol05,90005,XHKG
RefSymbol06,90006,XHKG
RefSymbol07,90007,XHKG
RefSymbol08,90008,XHKG
RefSymbol09,90009,XHKG
RefSymbol10,90010,XHKG
RefSymbol11,90011,XHKG
RefSymbol12,90012,XHKG
RefSymbol13,90013,XHKG
RefSymbol14,90014,XHKG
RefSymbol15,90015,XHKG
RefSymbol16,90016,XHKG
RefSymbol17,90017,XHKG
RefSymbol18,90018,XHKG
RefSymbol19,90019,XHKG
RefSymbol20,90020,XHKG
RefSymbol21,90021,XHKG
RefSymbol22,90022,XHKG
RefSymbol23,90023,XHKG
RefSymbol24,90024,XHKG
RefSymbol25,90025,XHKG
RefSymbol26,90026,XHKG
RefSymbol27,90027,XHKG
RefSymbol28,90028,XHKG
RefSymbol29,90029,XHKG
RefSymbol30,90030,XHKG
RefSymbol31,90031,XHKG
RefSymbol32,90032,XHKG
RefSymbol33,90033,XHKG
RefSymbol34,90034,XHKG
RefSymbol35,90035,XHKG
RefSymbol36,90036,XHKG
RefSymbol37,90037,XHKG
RefSymbol38,90038,XHKG
RefSymbol39,90039,XHKG
RefSymbol40,90040,XHKG
RefSymbol41,90041,XHKG
RefSymbol42,90042,XHKG
RefSymbol43,90043,XHKG
RefSymbol44,90044,XHKG
RefSymbol45,90045,XHKG
RefSymbol46,90046,XHKG
RefSymbol47,90047,XHKG
RefSymbol48,90048,XHKG
RefSymbol49,90049,XHKG
RefSymbol50,90050,XHKG
RefSymbol51,90051,XHKG
RefSymbol52,90052,XHKG
RefSymbol53,90053,XHKG
RefSymbol54,90054,XHKG
RefSymbol55,90055,XHKG
RefSymbol56,90056,XHKG
RefSymbol57,90057,XHKG
RefSymbol58,90058,XHKG
RefSymbol59,90059,XHKG
RefSymbol60,90060,XHKG
RefSymbol61,90061,XHKG
RefSymbol62,90062,XHKG
RefSymbol63,90063,XHKG
RefSymbol64,90064,XHKG
RefSymbol65,90065,XHKG
RefSymbol66,90066,XHKG
RefSymbol67,90067,XHKG
RefSymbol68,90068,XHKG
RefSymbol69,90069,XHKG
RefSymbol70,90070,XHKG
RefSymbol71,90071,XHKG
RefSymbol72,90072,XHKG
RefSymbol73,90073,XHKG
RefSymbol74,90074,XHKG
RefSymbol75,90075,XHKG
RefSymbol76,90076,XHKG
RefSymbol77,90077,XHKG
RefSymbol78,90078,XHKG
RefSymbol79,90079,XHKG
RefSymbol80,90080,XHKG
RefSymbol81,90081,XHKG
QuoteSymbolM01,69989,XHKG
QuoteSymbolM02,11169,XHKG
OSSymbolA01,30001,XHKG
OSSymbolA02,30002,XHKG
OSSymbolA03,30003,XHKG
OSSymbolA04,30004,XHKG
OSSymbolA05,30005,XHKG
OSSymbolA06,30006,XHKG
OSSymbolA07,30007,XHKG
OSSymbolA08,30008,XHKG
OSSymbolA09,30009,XHKG
OSSymbolA10,30010,XHKG
OSSymbolA11,30011,XHKG
OSSymbolA12,30012,XHKG
OSSymbolA13,30013,XHKG
OSSymbolA14,30014,XHKG
OSSymbolA15,30015,XHKG
OSSymbolA16,30016,XHKG
OSSymbolA17,30017,XHKG
OSSymbolA18,30018,XHKG
OSSymbolA19,30019,XHKG
OSSymbolA20,30020,XHKG
OSSymbolA21,30021,XHKG
OSSymbolA22,30022,XHKG
OSSymbolA23,30023,XHKG
OSSymbolA24,30024,XHKG
OSSymbolA25,30025,XHKG
OSSymbolA26,30026,XHKG
OSSymbolA27,30027,XHKG
OSSymbolA28,30028,XHKG
OSSymbolA29,30029,XHKG
OSSymbolA30,30030,XHKG
OSSymbolA31,30031,XHKG
OSSymbolA32,30032,XHKG
OSSymbolA33,30033,XHKG
OSSymbolA34,30034,XHKG
OSSymbolA35,30035,XHKG
OSSymbolA36,30036,XHKG
OSSymbolA37,30037,XHKG
OSSymbolA38,30038,XHKG
OSSymbolA39,30039,XHKG
OSSymbolA40,30040,XHKG
OSSymbolA41,30041,XHKG
OSSymbolA42,30042,XHKG
OSSymbolA43,30043,XHKG
OSSymbolA44,30044,XHKG
OSSymbolA45,30045,XHKG
OSSymbolA46,30046,XHKG
OSSymbolA47,30047,XHKG
OSSymbolA48,30048,XHKG
OSSymbolA49,30049,XHKG
OSSymbolA50,30050,XHKG
OSSymbolA51,30051,XHKG
OSSymbolA52,30052,XHKG
OSSymbolA53,30053,XHKG
OSSymbolA54,30054,XHKG
OSSymbolA55,30055,XHKG
OSSymbolA56,30056,XHKG
OSSymbolA57,30057,XHKG
OSSymbolA58,30058,XHKG
OSSymbolA59,30059,XHKG
OSSymbolA60,30060,XHKG
OSSymbolA61,30061,XHKG
OSSymbolA62,30062,XHKG
OSSymbolA63,30063,XHKG
OSSymbolA64,30064,XHKG
OSSymbolA65,30065,XHKG
OSSymbolA66,30066,XHKG
OSSymbolA67,30067,XHKG
OSSymbolA68,30068,XHKG
OSSymbolA69,30069,XHKG
OSSymbolA70,30070,XHKG
OSSymbolA71,30071,XHKG
OSSymbolA72,30072,XHKG
OSSymbolA73,30073,XHKG
OSSymbolA74,30074,XHKG
OSSymbolA75,30075,XHKG
OSSymbolA76,30076,XHKG
OSSymbolA77,30077,XHKG
OSSymbolA78,30078,XHKG
STSymbol01,5201,XHKG
STSymbol02,5202,XHKG
STSymbol03,5203,XHKG
STSymbol04,5204,XHKG
STSymbol05,5205,XHKG
STSymbol06,5206,XHKG
STSymbol07,5207,XHKG
STSymbol08,5208,XHKG
STSymbol09,5209,XHKG
STSymbol10,5210,XHKG
STSymbol11,5211,XHKG
STSymbol12,5212,XHKG
STSymbol13,5213,XHKG
STSymbol14,5214,XHKG
STSymbol15,5215,XHKG
STSymbol16,5216,XHKG
STSymbol01_2,47269,XHKG
STSymbol02_2,47472,XHKG
STSymbol03_2,47060,XHKG
STSymbol04_2,47510,XHKG