Name,FIXString
NewSingleLimitBuyOrder,"8=FIX.4.2;35=D;38=8000;40=2;44=150.70;54=1;NoDisclosureInstructions=1814:1,1813:100;SecurityExchange=XHKG;TimeInForce=0;SecurityIDSource=8;"
NewSingleLimitSellOrder,"8=FIX.4.2;35=D;38=8000;40=2;44=150.70;54=2;NoDisclosureInstructions=1814:1,1813:100;SecurityExchange=XHKG;TimeInForce=0;SecurityIDSource=8;"
NewSingleMarketBuyOrder,"8=FIX.4.2;35=D;38=8000;40=1;54=1;NoDisclosureInstructions=1814:1,1813:100;SecurityExchange=XHKG;TimeInForce=0;SecurityIDSource=8;"
NewSingleMarketSellOrder,"8=FIX.4.2;35=D;38=8000;40=1;54=2;NoDisclosureInstructions=1814:1,1813:100;SecurityExchange=XHKG;TimeInForce=0;SecurityIDSource=8;"
BuyOrderCancelRequest,8=FIX.4.2;35=F;38=8000;54=1;SecurityExchange=XHKG;SecurityIDSource=8;
SellOrderCancelRequest,8=FIX.4.2;35=F;38=8000;54=2;SecurityExchange=XHKG;SecurityIDSource=8;
BuyOrderReplaceRequest,"8=FIX.4.2;35=G;54=1;40=2;NoDisclosureInstructions=1814:1,1813:100;SecurityExchange=XHKG;TimeInForce=0;SecurityIDSource=8;"
SellOrderReplaceRequest,"8=FIX.4.2;35=G;54=2;40=2;NoDisclosureInstructions=1814:1,1813:100;SecurityExchange=XHKG;TimeInForce=0;SecurityIDSource=8;"
OrderResponseNew,35=8;39=0;150=0;48=@orderRef;22=@orderRef;40=@orderRef;59=@orderRef;207=@orderRef;38=@orderRef;54=@orderRef;
OrderResponsePartialFilled,35=8;39=1;150=F
OrderResponseFilled,35=8;39=2;150=F
OrderResponseExpired,35=8;39=C;150=C
OrderResponseCanceled,35=8;39=4;150=4
OrderResponseReplaced,35=8;39=0;150=5
OrderResponseTradeCancel,35=8;31=0;32=0;151=0
OrderResponseReject,35=8;39=8;150=8;
OrderResponseCancelReject,35=9;39=4;
NewOrder,"35=D;22=8;40=2;59=0;NoDisclosureInstructions=1814:1,1813:100;"
AuctionNewOrder,"35=D;22=8;40=1;59=0;NoDisclosureInstructions=1814:1,1813:100;"
NewOrderCount,35=D
NewBoardLotOrder,"35=D;22=8;40=2;59=0;1093=2;NoDisclosureInstructions=1814:1,1813:100;"
CancelOrder,35=F;22=8;41=@11;48=@orderRef;207=@orderRef;38=@orderRef;54=@orderRef;
CancelOddlotOrder,35=F;22=8;48=@orderRef;207=@orderRef;38=@orderRef;54=@orderRef;
PendingNew,35=8;39=A;14=0;150=A;151=@38;1093=@orderRefOptional;48=@orderRef;22=@orderRef;40=@orderRef;59=@orderRef;207=@orderRef;38=@orderRef;54=@orderRef;44=@orderRef;528=@orderRefOptional;1090=@orderRefOptional;77=@orderRefOptional;58=@orderRefOptional;
OrderAccepted,35=8;39=0;14=0;150=0;151=@38;1093=@orderRefOptional;48=@orderRef;22=@orderRef;207=@orderRef;40=@orderRef;38=@orderRef;54=@orderRef;44=@orderRefOptional;528=@orderRefOptional;1090=@orderRefOptional;77=@orderRefOptional;58=@orderRefOptional;
AuctionOrderAccepted,35=8;39=0;14=0;150=0;151=@38;1093=@orderRefOptional;48=@orderRef;22=@orderRef;207=@orderRef;40=@orderRef;38=@orderRef;54=@orderRef;44=@orderRefOptional;528=@orderRefOptional;1090=@orderRefOptional;77=@orderRefOptional;58=@orderRefOptional;
PendingCancel,35=8;39=6;150=6;1093=@orderRefOptional;48=@orderRef;22=@orderRef;207=@orderRef;40=@orderRef;38=@orderRef;59=@orderRef;54=@orderRef;44=@orderRef;528=@orderRefOptional;1090=@orderRefOptional;77=@orderRefOptional;58=@orderRefOptional;
Cancelled,35=8;39=4;150=4;48=@orderRef;22=@orderRef;207=@orderRef;40=@orderRef;38=@orderRef;59=@orderRef;54=@orderRef;44=@orderRefOptional;528=@orderRefOptional;1090=@orderRefOptional;77=@orderRefOptional;58=@orderRefOptional;
AuctionCancelled,35=8;39=4;150=4;48=@orderRef;22=@orderRef;207=@orderRef;40=@orderRef;38=@orderRef;59=@orderRef;54=@orderRef;44=@orderRefOptional;528=@orderRefOptional;1090=@orderRefOptional;77=@orderRefOptional;58=@orderRefOptional;
CancelRejected,35=9;1093=@orderRefOptional;434=1;58=@orderRefOptional;
Rejected,35=8;39=8;150=8;1093=@orderRefOptional;48=@orderRef;22=@orderRef;207=@orderRef;40=@orderRef;38=@orderRef;59=@orderRef;54=@orderRef;44=@orderRefOptional;528=@orderRefOptional;1090=@orderRefOptional;77=@orderRefOptional;58=@orderRefOptional;
AuctionRejected,35=8;39=8;150=8;1093=@orderRefOptional;48=@orderRef;22=@orderRef;207=@orderRef;40=@orderRef;38=@orderRef;59=@orderRef;54=@orderRef;44=@orderRefOptional;528=@orderRefOptional;1090=@orderRefOptional;77=@orderRefOptional;58=@orderRefOptional;
PartiallyFilled,35=8;39=1;150=F;1093=@orderRefOptional;574=4;48=@orderRef;22=@orderRef;207=@orderRef;40=@orderRef;38=@orderRef;59=@orderRef;54=@orderRef;44=@orderRef;528=@orderRefOptional;1090=@orderRefOptional;77=@orderRefOptional;58=@orderRefOptional;
FullyFilled,35=8;39=2;150=F;1093=@orderRefOptional;574=4;48=@orderRef;22=@orderRef;207=@orderRef;40=@orderRef;38=@orderRef;59=@orderRef;54=@orderRef;44=@orderRef;528=@orderRefOptional;1090=@orderRefOptional;77=@orderRefOptional;58=@orderRefOptional;
MassCancelOrder,35=q;41=;
OrderMassCancelled,35=r;530=@orderRef;
BusinessReject,35=j;11=;ClOrdID=;
SessionReject,35=3;11=;ClOrdID=;
PartyEntitlementRequest,35=CU
PartyEntitlementReport,35=CV
UserRequest,35=BE;924=5;
UserResponse,35=BF;
Logon,35=A;NoPartyIDs=;1400=101;1137=9;
Logout,35=5;NoPartyIDs=
ChangePassword,35=A;NoPartyIDs=;1400=101;1137=9;
LogonResponse,35=A;1409=0;1137=9;
LogoutResponse,35=5;
ChangePasswordResponse,35=A;98=0;1409=1;
SequenceReset,35=4;123=Y;NoPartyIDs=;
AcceptedInExact,8=@anyValue;9=@anyValue;35=8;34=@anyValue;49=@anyValue;52=@anyValue;56=@anyValue;1128=@anyValue;14=@anyValue;17=@anyValue;22=@orderRef;37=@anyValue;38=@orderRef;39=0;40=@orderRef;44=@orderRef;48=@orderRef;54=@orderRef;59=@orderRef;60=@anyValue;150=0;151=@anyValue;207=@anyValue;453=@anyValue;448=@anyValue;447=@anyValue;452=@anyValue;1090=@orderRefOptional;77=@orderRefOptional;58=@orderRefOptional;1093=@anyValue;10=@anyValue;
BinaryAcceptedInExact,8=@anyValue;9=@anyValue;35=8;34=@anyValue;49=@anyValue;52=@anyValue;56=@anyValue;14=@anyValue;17=@anyValue;22=@orderRef;37=@anyValue;38=@orderRef;39=0;40=@orderRef;44=@orderRef;48=@orderRef;54=@orderRef;59=@orderRef;60=@anyValue;150=0;151=@anyValue;207=@anyValue;453=@anyValue;448=@anyValue;447=@anyValue;452=@anyValue;1090=@orderRefOptional;77=@orderRefOptional;58=@orderRefOptional;1093=@anyValue;10=@anyValue;
AcceptedInExactDC,8=@anyValue;9=@anyValue;35=8;34=@anyValue;49=@anyValue;52=@anyValue;56=@anyValue;1128=@anyValue;14=@anyValue;17=@anyValue;22=@orderRef;37=@anyValue;38=@orderRef;39=0;40=@orderRef;44=@orderRef;48=@orderRef;54=@orderRef;59=@orderRef;60=@anyValue;150=0;151=@anyValue;207=@anyValue;453=@anyValue;448=@anyValue;447=@anyValue;452=@anyValue;1090=@orderRefOptional;77=@orderRefOptional;58=@orderRefOptional;1093=@anyValue;10=@anyValue;797=@anyValue;
BinaryAcceptedInExactDC,8=@anyValue;9=@anyValue;35=8;34=@anyValue;49=@anyValue;52=@anyValue;56=@anyValue;14=@anyValue;17=@anyValue;22=@orderRef;37=@anyValue;38=@orderRef;39=0;40=@orderRef;44=@orderRef;48=@orderRef;54=@orderRef;59=@orderRef;60=@anyValue;150=0;151=@anyValue;207=@anyValue;453=@anyValue;448=@anyValue;447=@anyValue;452=@anyValue;1090=@orderRefOptional;77=@orderRefOptional;58=@orderRefOptional;1093=@anyValue;10=@anyValue;797=@anyValue;
CancelledInExact,8=@anyValue;9=@anyValue;35=8;34=@anyValue;49=@anyValue;52=@anyValue;56=@anyValue;1128=@anyValue;14=@anyValue;17=@anyValue;22=@orderRef;37=@anyValue;38=@orderRef;39=4;40=@orderRef;44=@orderRef;41=@anyValue;48=@orderRef;54=@orderRef;59=@orderRef;60=@anyValue;150=4;151=@anyValue;207=@anyValue;453=@anyValue;448=@anyValue;447=@anyValue;452=@anyValue;1090=@orderRefOptional;77=@orderRefOptional;58=@orderRefOptional;10=@anyValue;
BinaryCancelRejected,35=8;39=8;150=X;1093=@orderRefOptional;48=@orderRef;22=@orderRef;207=@orderRef;54=@orderRef;528=@orderRefOptional;1090=@orderRefOptional;77=@orderRefOptional;58=@orderRefOptional;
AmendOrder,"35=G;41=@11;44=@orderRefOptional;22=@orderRef;40=@orderRef;1090=@orderRefOptional;59=@orderRefOptional;48=@orderRef;207=@orderRef;38=@orderRef;54=@orderRef;NoDisclosureInstructions=1814:1,1813:100;"
AuctionAmendOrder,"35=G;41=@11;44=@orderRefOptional;22=@orderRef;40=@orderRef;48=@orderRef;207=@orderRef;38=@orderRef;54=@orderRef;NoDisclosureInstructions=1814:1,1813:100;"
OrderAmended,35=8;39=0;150=5;14=0;151=@38;41=@orderRef;48=@orderRef;22=@orderRef;207=@orderRef;40=@orderRefOptional;38=@orderRefOptional;59=@orderRefOptional;54=@orderRef;44=@orderRefOptional;453=@orderRef;448=@orderRef;447=@orderRef;452=@orderRef;528=@orderRefOptional;529=@orderRefOptional;1090=@orderRefOptional;77=@orderRefOptional;58=@orderRefOptional;
AmendRejected,35=9;434=2;58=@orderRefOptional;
Quote,35=S;22=8;
CancelQuote,35=Z;298=1;
QuoteRejected,35=AI;297=5;453=@orderRef;448=@orderRef;447=@orderRef;452=@orderRef;390=@orderRefOptional;1867=@orderRefOptional;1166=@orderRefOptional;298=@orderRefOptional;
OBOCancelOrder,35=F;22=8;41=;37=@orderRef;48=@orderRef;207=@orderRef;38=@orderRef;54=@orderRef;NoPartyIDs=;
OrderCancelled,35=8;39=4;150=4;48=@orderRef;22=@orderRef;207=@orderRef;40=@orderRefOptional;38=@orderRef;59=@orderRef;54=@orderRef;44=@orderRefOptional;528=@orderRefOptional;1090=@orderRefOptional;77=@orderRefOptional;58=@orderRefOptional;
OrderCancelRejected,35=9;1093=@orderRefOptional;434=1;58=@orderRefOptional;
OrderOBOCancelled,35=8;39=4;150=4;378=101;48=@orderRef;22=@orderRef;207=@orderRef;40=@orderRef;38=@orderRef;59=@orderRef;54=@orderRef;44=@orderRef;528=@orderRefOptional;1090=@orderRefOptional;77=@orderRefOptional;58=@orderRefOptional;
OBOMassCancelAccepted,35=r;530=@orderRef;
OBOCancelRejected,35=9;39=8;434=1;37=@orderRef;
LateTrade,35=AE;NoPartyIDs=;856=0;828=4;31=@orderRef;32=@orderRef;22=8;207=XHKG;
OddLotTrade,35=AE;NoPartyIDs=;856=0;828=102;31=@orderRef;32=@orderRef;22=8;207=XHKG;
PrivateTrade,35=AE;NoPartyIDs=;856=0;828=22;31=@orderRef;32=@orderRef;22=8;207=XHKG;
OverseasTrade,35=AE;NoPartyIDs=;856=0;828=104;31=@orderRef;32=@orderRef;22=8;207=XHKG;
CancelTrade,35=AE;1003=@orderRef;856=6;31=@orderRef;32=@orderRef;48=@orderRef;22=8;207=XHKG;
TradeAccepted,35=AE;487=2;856=0;1123=@orderRefOptional;828=@orderRef;31=@orderRef;32=@orderRef;48=@orderRef;22=8;207=XHKG;
CounterpartyTradeAccepted,35=AE;487=0;856=0;1123=@orderRefOptional;828=@orderRef;31=@orderRef;32=@orderRef;48=@orderRef;22=8;207=XHKG;
TradeCancelled,35=AE;487=2;856=6;1123=@orderRefOptional;31=@orderRef;32=@orderRef;48=@orderRef;22=8;207=XHKG;
TradeRejected,35=AR;487=@orderRefOptional;856=@orderRef;1123=@orderRefOptional;939=1;48=@orderRef;22=8;207=XHKG;
CounterpartyTradeCancelled,35=AE;487=0;856=6;1123=@orderRefOptional;31=@orderRef;32=@orderRef;48=@orderRef;22=8;207=XHKG;
TradeCancelRejected,35=AR;487=0;856=@orderRef;939=1;31=;32=;48=@orderRef;22=8;207=XHKG;
QuoteBidAccepted,35=8;39=0;14=0;150=0;54=1;40=2;11=@390;151=@134;1093=@orderRefOptional;48=@orderRef;22=@orderRef;207=@orderRef;38=@134;44=@132;528=@orderRefOptional;1090=@orderRefOptional;77=@orderRefOptional;58=@orderRefOptional;
QuoteAskAccepted,35=8;39=0;14=0;150=0;40=2;11=@1867;151=@135;1093=@orderRefOptional;48=@orderRef;22=@orderRef;207=@orderRef;38=@135;54=@orderRefOptional;44=@133;528=@orderRefOptional;1090=@orderRefOptional;58=@orderRefOptional;529=@orderRefOptional;
QuoteBidAmended,35=8;39=0;14=0;150=5;54=1;40=2;11=@390;151=@134;1093=@orderRefOptional;48=@orderRef;22=@orderRef;207=@orderRef;38=@134;44=@132;528=@orderRefOptional;1090=@orderRefOptional;77=@orderRefOptional;58=@orderRefOptional;
QuoteAskAmended,35=8;39=0;14=0;150=5;40=2;11=@1867;151=@135;1093=@orderRefOptional;48=@orderRef;22=@orderRef;207=@orderRef;38=@135;54=@orderRefOptional;44=@133;528=@orderRefOptional;1090=@orderRefOptional;58=@orderRefOptional;529=@orderRefOptional;
QuoteRejected,"35=AI;297=5;453=@orderRef;448=@orderRef;447=@orderRef;452=@orderRef;390=@orderRefOptional;1867=@orderRefOptional;1166=@orderRefOptional;298=@orderRefOptional;SubmittingBrokerID=@orderRef;"
NewOddLotOrder,"35=D;22=8;40=2;59=0;1093=1;NoDisclosureInstructions=1814:1,1813:100;"
OddLotOrderAccepted,35=8;39=0;14=0;150=0;1093=1;151=@38;48=@orderRef;22=@orderRef;207=@orderRef;40=@orderRef;38=@orderRef;54=@orderRef;44=@orderRef;528=@orderRefOptional;1090=@orderRefOptional;77=@orderRefOptional;58=@orderRefOptional;
OrderRejected,"35=8;39=8;150=8;14=0;151=0;48=@orderRef;22=@orderRef;207=@orderRef;40=@orderRef;38=@orderRef;59=@orderRef;54=@orderRef;44=@orderRef;528=@orderRefOptional;1090=@orderRefOptional;77=@orderRefOptional;58=@orderRefOptional;SubmittingBrokerID=@orderRef;"
SemiAutomatchTrade,35=AE;1123=1;48=@orderRef;NoPartyIDs=;856=0;828=102;31=@44;32=@38;22=8;207=XHKG;
SemiAutomatchTradeAccepted,"35=AE;939=0;487=2;856=0;1123=0;828=102;31=@orderRef;32=@orderRef;48=@orderRef;22=8;207=XHKG;SubmittingBrokerID=@orderRef;"
SemiAutomatchTradeCancelled,35=AE;487=5;856=6;1123=@orderRefOptional;31=@orderRef;32=@orderRef;48=@orderRef;22=8;207=XHKG;
OddLotFullFilled,"35=8;39=2;150=F;1093=1;48=@orderRef;22=@orderRef;207=@orderRef;40=@orderRef;38=@orderRef;59=@orderRef;54=@orderRef;44=@orderRef;528=@orderRefOptional;1090=@orderRefOptional;77=@orderRefOptional;58=@orderRefOptional;SubmittingBrokerID=@orderRef;"
OddLotTraded,"35=AE;939=0;487=2;856=0;1123=0;828=102;31=@orderRef;32=@orderRef;48=@orderRef;22=8;207=XHKG;SubmittingBrokerID=@orderRef;"
MassCancelOrder,35=q;
MassCancelRejected,35=r;531=0;
OBOMassCancelOrder,35=q;NoPartyIDs=;
OBOMassCancelRejected,35=r;531=0;
OBOMassCancelled,35=8;39=4;150=4;

