Name,IdentityString,DefaultSession,ID,COMPID
# Firm 9901 FIX Users
Firm9901Broker6601,"NoPartyIDs=PartyID:6601,PartyIDSource:D,PartyRole:1;",Firm9901FIXOrderEntrySession1,6601,CO09901601
Firm9901Broker6602,"NoPartyIDs=PartyID:6602,PartyIDSource:D,PartyRole:1;",Firm9901FIXOrderEntrySession1,6602,CO09901601
Firm9901Broker6603,"NoPartyIDs=PartyID:6603,PartyIDSource:D,PartyRole:1;",Firm9901FIXOrderEntrySession2,6603,CO09901603

# Firm 9902 FIX Users
Firm9902Broker6011,"NoPartyIDs=PartyID:6011,PartyIDSource:D,PartyRole:1;",Firm9902FIXOrderEntrySession1,6011,CO09902611
Firm9902Broker6012,"NoPartyIDs=PartyID:6012,PartyIDSource:D,PartyRole:1;",Firm9902FIXOrderEntrySession2,6012,CO09902612

# Firm 9903 FIX Users
Firm9903Broker6621,"NoPartyIDs=PartyID:6621,PartyIDSource:D,PartyRole:1;",Firm9903FIXOrderEntrySession1,6621,CO09903621
Firm9903Broker6622,"NoPartyIDs=PartyID:6622,PartyIDSource:D,PartyRole:1;",Firm9903FIXOrderEntrySession2,6622,CO09903622

# Firm 9904 FIX Users
Firm9904Broker6041,"NoPartyIDs=PartyID:6041,PartyIDSource:D,PartyRole:1;",Firm9904FIXOrderEntrySession1,6041,CO09904641
Firm9904Broker6042,"NoPartyIDs=PartyID:6042,PartyIDSource:D,PartyRole:1;",Firm9904FIXOrderEntrySession1,6042,CO09904641
Firm9904Broker6043,"NoPartyIDs=PartyID:6043,PartyIDSource:D,PartyRole:1;",Firm9904FIXOrderEntrySession2,6043,CO09904643

# Firm 9905 FIX Users
Firm9905Broker6051,"NoPartyIDs=PartyID:6051,PartyIDSource:D,PartyRole:1;",Firm9905FIXOrderEntrySession1,6051,CO09905651
Firm9905Broker6052,"NoPartyIDs=PartyID:6052,PartyIDSource:D,PartyRole:1;",Firm9905FIXOrderEntrySession2,6052,CO09905652

# Firm 9906 FIX Users
Firm9906Broker6661,"NoPartyIDs=PartyID:6661,PartyIDSource:D,PartyRole:1;",Firm9906FIXOrderEntrySession1,6661,CO09906661
Firm9906Broker6662,"NoPartyIDs=PartyID:6662,PartyIDSource:D,PartyRole:1;",Firm9906FIXOrderEntrySession2,6662,CO09906662

# Firm 9907 LP Users
Firm9907Broker6991,"NoPartyIDs=PartyID:6991,PartyIDSource:D,PartyRole:1;",Firm9907FIXOrderEntrySession1,6991,CO09907991

# Firm 9908 FIX Users
Firm9908Broker6992,"NoPartyIDs=PartyID:6992,PartyIDSource:D,PartyRole:1;",Firm9908FIXOrderEntrySession1,6992,CO09908991
