SequenceReset,MsgType=100,MsgSize=8,
DisasterRecoverySignal,MsgType=105,MsgSize=8,
CommodityDefinition,MsgType=301,MsgSize=88,
ClassDefinition,MsgType=302,MsgSize=114,
SeriesDefinitionBase,MsgType=303,MsgSize=60,
SeriesDefinitionExtended,MsgType=304,MsgSize=96,
CombinationDefinition,MsgType=305,MsgSize=20,
MarketStatus,MsgType=320,MsgSize=52,
SeriesStatus,MsgType=321,MsgSize=12,
CommodityStatus,MsgType=322,MsgSize=8,
MarketAlert,MsgType=323,
AddOrder,MsgType=330,MsgSize=32,
ModifyOrder,MsgType=331,MsgSize=32,
DeleteOrder,MsgType=332,MsgSize=18,
OrderbookClear,MsgType=335,MsgSize=8,
QuoteRequest,MsgType=336,MsgSize=16,
Trade,MsgType=350,MsgSize=56,
AggregateOrderBookUpdate,MsgType=353,
TopOfBook,MsgType=355,MsgSize=40,
TradeAmendment,MsgType=356,MsgSize=40,
TradeStatistics,MsgType=360,MsgSize=60,
SeriesStatistics,MsgType=363,MsgSize=48,
CalculatedOpeningPrice,MsgType=364,MsgSize=24,
EstimatedAverageSettlementPrice,MsgType=365,MsgSize=36,
OpenInterest,MsgType=366,MsgSize=40,
ImpliedVolatility,MsgType=367,MsgSize=12,
RefreshComplete,MsgType=203,MsgSize=8,