{
  "1-1_ReferenceData": {
    "description" : [
      "Interpretation of Reference Data (message type: 301, 302, 303, 304, 305)"
    ],
    "header" : [
      ["OMD Message Type", "303", "303", "303", "303", "303", "303", "303", "303", "304", "304", "304", "304", "304", "304", "304", "304", "304", "304", "304", "304", "304", "304", "304", "304", "301", "301", "301", "301", "301", "301", "301", "301", "301", "301", "301", "302", "302", "302", "302", "302", "302", "302", "302", "302", "302", "302", "302", "302", "302", "302", "302", "302", "302", "302", "302", "305", "305", "305", "305", "305", "305", "305", "305"],
      ["OMD Field Name", "OrderbookID", "Symbol", "FinancialProduct", "NumberOfDecimalsPrice", "NumberOfLegs", "StrikePrice", "ExpirationDate", "PutOrCall", "OrderBookID", "Symbol", "Country", "Market", "InstrumentGroup", "Modifier", "CommodityCode", "ExpirationDate", "StrikePrice", "ContractSize", "ISINCode", "SeriesStatus", "EffectiveTomorrow", "EffectiveExpDate", "DateTimeLastTrading", "PriceQuotationFactor", "CommodityCode", "DecimalInUnderlyingPrice", "ISINCode", "BaseCurrency", "UnderlyingPriceUnit", "CommodityName", "NominalValue", "UnderlyingCode", "UnderlyingType", "EffectiveTomorrow", "CommodityID", "Country", "Market", "InstrumentGroup", "Modifier", "CommodityCode", "PriceQuotationFactor", "ContractSize", "DecimalInStrikePrice", "DecimalInContractSize", "DecimalInPremium", "RankingType", "Tradable", "PremiumUnit4Price", "BaseCurrency", "InstrumentClassID", "InstrumentClassName", "IsFractions", "SettlementCurrencyID", "Effective Tomorrow", "TickStepSize", "ComboOrderbookID", "LegOrderbookID", "LegSide", "LegRatio", "ComboOrderbookID", "LegOrderbookID", "LegSide", "LegRatio"]
    ],
    "sample_data" : [
      ["397218", "HSIF9", "3", "0", "0", "0", "20190130", "0", "397218", "HSIF9", "12", "34", "4", "0", "4002", "2019-01-30 (UInt16: 0011 1100 0011 1110", "0", "0", "", "1", "0", "20190130", "2019-01-30  16:00:00", "0", "4002", "2", "", "HKD", "1", "HANG SENG INDEX", "0", "HSI", "7", "0", "HSI", "12", "34", "4", "0", "4002", "50", "1", "0", "0", "0", "1", "1", "1", "HKD", "HSIFUT", "HSI - FUTURES", "N", "HKD", "0", "1", "N/A", "N/A", "N/A", "N/A", "N/A", "N/A", "N/A", "N/A"],
      ["394229", "CUSH8", "3", "4", "0", "0", "20180319", "0", "394229", "CUSH8", "12", "70", "4", "0", "1013", "2018-03-19 (UInt16: 0011 1010 0111 0011)", "0", "0", "", "1", "0", "20180319", "2018-03-19  11:00:00", "0", "1013", "4", "", "CNY", "1", "USD/CNH", "0", "", "2", "0", "CUS", "12", "70", "4", "0", "1013", "100000", "1", "0", "0", "4", "1", "1", "1", "CNY", "CUSFUT", "CUS - FUTURES", "N", "CNY", "0", "1", "N/A", "N/A", "N/A", "N/A", "N/A", "N/A", "N/A", "N/A"]
    ]
  },

  "1-3_SeriesStatus": {
    "description" : [
      "Interpretation of Status Data: Series Status (message type: 321)"
    ],
    "header" : [
      ["OMD Message Type", "", "321", "321", "321"],
      ["OMD Field Name", "Symbol", "OrderbookID", "SuspensionIndicator", "SeriesStatus"]
    ],
    "sample_data" : [
      ["HSIK9", "724906", "1", "2"],
      ["HSIK9", "724906", "1", "2"],
      ["HSIK9", "724906", "1", "2"],
      ["HSIK9", "724906", "1", "2"],
      ["HSIK9", "724906", "1", "2"]
    ]
  },

  "1-4_CommodityStatus": {
    "description" : [
      "Interpretation of Order Book Data: Quote Request (message type: 336)"
    ],
    "header" : [
      ["OMD Message Type", "", "336", "336", "336"],
      ["OMD Field Name", "CommodityCode", "Suspended", "Locked"]
    ],
    "sample_data" : [
      ["724906", "1", "2"],
      ["724906", "1", "2"],
      ["724906", "1", "2"],
      ["724906", "1", "2"],
      ["724906", "1", "2"]
    ]
  },


  "1-5_QuoteRequest": {
    "description" : [
      "Interpretation of Order Book Data: Quote Request (message type: 336)"
    ],
    "header" : [
      ["OMD Message Type", "", "336", "336", "336"],
      ["OMD Field Name", "Symbol", "OrderbookID", "NumberOflots", "BidAskFlag"]
    ],
    "sample_data" : [
      ["HSIK9", "724906", "1", "2"],
      ["HSIK9", "724906", "1", "2"],
      ["HSIK9", "724906", "1", "2"],
      ["HSIK9", "724906", "1", "2"],
      ["HSIK9", "724906", "1", "2"]
    ]
  },

  "1-6_TradeStatistics": {
    "description" : [
      "Interpretation of Trade and Price Data - Trade Statistics (message type: 360) - DS subscribers only"
    ],
    "header" : [
      ["OMD Message Type", "", "360", "360", "360", "360", "360", "360", "360", "360", "360", "360", "360"],
      ["OMD Field Name", "Symbol", "OrderbookID", "Price", "DealSource", "Session", "AggregateQuantity", "Open", "High", "Low", "TradeReportVolume", "DealCount", "Turnover"]

    ],
    "sample_data" : [
      ["HSIK9", "395534", "N/A (Value = -2147483648)", "0", "0", "0", "N/A (Value = -2147483648)", "N/A (Value = -2147483648)", "N/A (Value = -2147483648)", "0", "0", "0"],
      ["HSIK9", "395534", "N/A (Value = -2147483648)", "0", "0", "0", "N/A (Value = -2147483648)", "N/A (Value = -2147483648)", "N/A (Value = -2147483648)", "0", "0", "0"],
      ["HSIK9", "395534", "N/A (Value = -2147483648)", "0", "0", "0", "N/A (Value = -2147483648)", "N/A (Value = -2147483648)", "N/A (Value = -2147483648)", "0", "0", "0"],
      ["HSIK9", "395534", "N/A (Value = -2147483648)", "0", "0", "0", "N/A (Value = -2147483648)", "N/A (Value = -2147483648)", "N/A (Value = -2147483648)", "0", "0", "0"]
    ]
  },

  "1-7_SeriesStatistics": {
    "description" : [
      "Interpretation of Trade and Price Data - Series Statistics (message type: 363) "
    ],
    "header" : [
      ["OMD Message Type", "", "363", "363", "363", "363", "363", "363", "363", "363", "363"],
      ["OMD Field Name", "Symbol", "OrderbookID", "Session", "Open", "High", "Low", "TradeReportVolume", "DealCount", "Price ", "Turnover"]
    ],
    "sample_data" : [
      ["HHIK9", "65867682", "0", "23632", "23697", "23516", "1213", "116", "23697", "1434"],
      ["HHIK9", "65867682", "0", "23632", "23697", "23516", "1213", "116", "23697", "1434"],
      ["HHIK9", "65867682", "0", "23632", "23697", "23516", "1213", "116", "23697", "1434"],
      ["HHIK9", "65867682", "0", "23632", "23697", "23516", "1213", "116", "23697", "1434"]
    ]
  },

  "1-9_EAS": {
    "description" : [
      "Interpretation of Trade and Price Data - Estimated Average Settlement Price (message type: 365) - D-Lite, DS and DP subscribers only"
    ],
    "header" : [
      ["OMD Message Type", "365", "365", "365"],
      ["OMD Field Name", "EASType", "InstrumentCode", "EAS"]
    ],
    "sample_data" : [
      ["E", "00700", "309.46"],
      ["E", "00700", "309.46"],
      ["E", "00700", "309.46"]
    ]
  },



  "1-10_MarketAlert": {
    "description" : [
      "Interpretation of News - Market Alert (message type: 323)"
    ],
    "header" : [
      ["OMD Message Type", "323", "323", "323", "323", "323", "323", "323", "323", "323", "323"],
      ["OMD Field Name", "AlertID", "Source", "Header", "LastFragment", "InfoType", "Priority", "NoLines", "Content (1)", "Content (2)", "Content (3)"]
    ],
    "sample_data" : [
      ["2", "M", "[C] [香港交易所測試中]", "N", "0", "0", "3", "[香港交易所測試中]    ", "[香港交易所測試中]    ", "[香港交易所測試中]    "],
      ["1", "H", "Start of Volatility Control Mechanism cool-off period: [HSIQ7]", "N", "2", "4", "3", "Trigger time: [20171101 09:39:24],", "Reference price: [20000],", "Upper price limit: [21000],"],
      ["1", "H", "Start of Volatility Control Mechanism cool-off period: [HSIQ7]", "N", "2", "4", "3", "Trigger time: [20171101 09:39:24],", "Reference price: [20000],", "Upper price limit: [21000],"]
    ]
  },


  "1-11_OpenInterest": {
    "description" : [
      "Interpretation of Clearing Information - Open Interest (message type: 366) - DS and DP subscribers only"
    ],
    "header" : [
      ["OMD Message Type", "", "366", "366", "366", "366", "366", "366", "366"],
      ["OMD Field Name", "Symbol", "DayIndicator", "OrderbookID", "Settlement", "DealCount", "GrossOI", "NetOI", "Turnover"]
    ],
    "sample_data" : [
      ["HSIK9", "1", "985428", "206.30", "0", "132", "132", "0"],
      ["HSIK9", "1", "985428", "206.30", "0", "132", "132", "0"],
      ["HSIK9", "1", "985428", "206.30", "0", "132", "132", "0"]
    ]
  },



  "1-12_ImpliedVolatility": {
    "description" : [
      "Interpretation of Clearing Information - Implied Volatility (message type: 367) - DP subscribers only"
    ],
    "header" : [
      ["OMD Message Type", "", "367", "367"],
      ["OMD Field Name", "Symbol", "OrderbookID", "ImpliedVolatility"]
    ],
    "sample_data" : [
      ["HSIK9", "68095905", "103.0000"],
      ["HSIK9", "68095905", "103.0000"],
      ["HSIK9", "68095905", "103.0000"]
    ]
  },

  "1-13&14_OrderBook": {
    "description" : [
      "Interpretation of Order Book building (message type: 330, 331, 332, 335, 353) - Non-SOM Subscriber Only / SOM Subscriber Only",
      "in progress, demo only"
    ],
    "header" : [
      ["OMD Message Type", "", "367", "367"],
      ["OMD Field Name", "Symbol", "OrderbookID", "ImpliedVolatility"]
    ],
    "sample_data" : [
      ["HSIK9", "68095905", "103.0000"],
      ["HSIK9", "68095905", "103.0000"],
      ["HSIK9", "68095905", "103.0000"]
    ]
  },


  "1-16&17_Trade": {
    "description" : [
      "Interpretation of Trade and Trade Amendment (message type: 350 and 356) - Non-SOM Subscriber Only / SOM Subscriber Only",
      "in progress, demo only"
    ],
    "header" : [
      ["OMD Message Type", "", "367", "367"],
      ["OMD Field Name", "Symbol", "OrderbookID", "ImpliedVolatility"]
    ],
    "sample_data" : [
      ["HSIK9", "68095905", "103.0000"],
      ["HSIK9", "68095905", "103.0000"],
      ["HSIK9", "68095905", "103.0000"]
    ]
  },


  "1-18_IndexDefnition": {
    "description" : [
      "Interpretation of Index Definition (message type: 70)",
      "in progress, demo only"
    ],
    "header" : [
      ["OMD Message Type", "70", "70", "70"],
      ["OMD Field Name", "IndexCode", "IndexSource", "CurrencyCode"]
    ],
    "sample_data" : [
      ["0001400    ", "H", ""],
      ["CES100     ", "C", "HKD"],
      ["CES100     ", "C", "HKD"]
    ]
  },

  "1-19_IndexData": {
    "description" : [
      "Interpretation of Index Data (message type: 71)"
    ],
    "header" : [
      ["OMD Message Type", "71", "71", "71", "71", "71", "71", "71", "71", "71", "71", "71", "71", "71", "71", "71"],
      ["OMD Field Name", "IndexCode", "IndexStatus ", "IndexTime", "IndexValue ", "NetChgPrevDay ", "HighValue ", "LowValue ", "EASValue ", "IndexTurnover ", "OpeningValue ", "ClosingValue ", "PreviousSesClose ", "IndexVolume ", "NetChgPrevDayPct ", "Exception "]
    ],
    "sample_data" : [
      ["0001400    ", "C", "16-09-09T16:10:18.000000", "10084.4900 *", "49.7600", "10209.7200", "10013.5000", "10118.16", "26283758739.0000", "10013.5000 *", "10057.9700", "10129.8200 *", "N/A", "0.5000", ""],
      ["CSI300     ", " ", "16-09-09T16:32:17.000000", "3205.1101", "3.8213", "3224.8730", "3192.8614", "N/A", "94429542391.0000", "3201.3543", "3205.1101", "3201.2888", "7719636600", "0.1200", ""],
      ["CSI300     ", " ", "16-09-09T16:32:17.000000", "3205.1101", "3.8213", "3224.8730", "3192.8614", "N/A", "94429542391.0000", "3201.3543", "3205.1101", "3201.2888", "7719636600", "0.1200", ""]
    ]
  }
}



