Derivatives Standard SOM,OMDDerivativesStandard_SOM,1
Derivatives Standard nonSOM,OMDDerivativesStandard_nonSOM,1
Derivatives Premium SOM,OMDDerivativesPremium_SOM,1
Derivatives Premium nonSOM,OMDDerivativesPremium_nonSOM,1
Derivatives FullTick SOM,OMDDerivativesFullTick_SOM,1
Derivatives FullTick nonSOM,OMDDerivativesFullTick_nonSOM,1
Derivatives Trade SOM,OMDDerivativesTrade_SOM,1
Derivatives Trade nonSOM,OMDDerivativesTrade_nonSOM,1
Derivatives Lite Price Depth Feed SOM,OMDDerivativesLite_PriceDepthFeed_SOM,1
Derivatives Lite Price Depth Feed nonSOM,OMDDerivativesLite_PriceDepthFeed_nonSOM,1
Derivatives Lite Order Feed,OMDDerivativesLite_OrderFeed,1
Derivatives Standard SOM Refresh,OMDDerivativesStandard_SOM_refresh,1
Derivatives Standard nonSOM Refresh,OMDDerivativesStandard_nonSOM_refresh,1
Derivatives Premium SOM Refresh,OMDDerivativesPremium_SOM_refresh,1
Derivatives Premium nonSOM Refresh,OMDDerivativesPremium_nonSOM_refresh,1
Derivatives FullTick SOM Refresh,OMDDerivativesFullTick_SOM_refresh,1
Derivatives FullTick nonSOM Refresh,OMDDerivativesFullTick_nonSOM_refresh,1
Derivatives Lite Price Depth Feed SOM Refresh,OMDDerivativesLite_PriceDepthFeed_SOM_refresh,1
Derivatives Lite Price Depth Feed nonSOM Refresh,OMDDerivativesLite_PriceDepthFeed_nonSOM_refresh,1
Derivatives Standard DUMMY,OMDDerivativesStandard_DUMMY,1
Derivatives Premium DUMMY,OMDDerivativesPremium_DUMMY,1
Derivatives FullTick DUMMY,OMDDerivativesFullTick_DUMMY,1