Product,RealtimeChannel,RefreshChannel
Derivatives Standard nonSOM,101,601
Derivatives Standard nonSOM,201,701
Derivatives Standard nonSOM,151,651
Derivatives Standard nonSOM,161,661
Derivatives Standard nonSOM,191,691
Derivatives Standard nonSOM,134,634
Derivatives Standard nonSOM,234,734
Derivatives Standard nonSOM,171,671
Derivatives Standard nonSOM,177,677
Derivatives Standard nonSOM,199,699
Derivatives Standard SOM,102,602
Derivatives Standard SOM,202,702
Derivatives Standard SOM,152,652
Derivatives Standard SOM,162,662
Derivatives Standard SOM,192,692
Derivatives Standard SOM,135,635
Derivatives Standard SOM,235,735
Derivatives Standard SOM,172,672
Derivatives Standard SOM,177,677
Derivatives Standard SOM,199,699
Derivatives Premium nonSOM,101,601
Derivatives Premium nonSOM,201,701
Derivatives Premium nonSOM,151,651
Derivatives Premium nonSOM,161,661
Derivatives Premium nonSOM,191,691
Derivatives Premium nonSOM,131,631
Derivatives Premium nonSOM,231,731
Derivatives Premium nonSOM,174,674
Derivatives Premium nonSOM,177,677
Derivatives Premium nonSOM,199,699
Derivatives Premium nonSOM,194,694
Derivatives Premium SOM,102,602
Derivatives Premium SOM,202,702
Derivatives Premium SOM,152,652
Derivatives Premium SOM,162,662
Derivatives Premium SOM,192,692
Derivatives Premium SOM,132,632
Derivatives Premium SOM,232,732
Derivatives Premium SOM,175,675
Derivatives Premium SOM,177,677
Derivatives Premium SOM,199,699
Derivatives Premium SOM,195,695
Derivatives FullTick nonSOM,101,601
Derivatives FullTick nonSOM,201,701
Derivatives FullTick nonSOM,151,651
Derivatives FullTick nonSOM,161,661
Derivatives FullTick nonSOM,121,621
Derivatives FullTick nonSOM,221,721
Derivatives FullTick nonSOM,177,677
Derivatives FullTick SOM,102,602
Derivatives FullTick SOM,202,702
Derivatives FullTick SOM,152,652
Derivatives FullTick SOM,162,662
Derivatives FullTick SOM,122,622
Derivatives FullTick SOM,222,722
Derivatives FullTick SOM,177,677
Derivatives Lite Price Depth Feed nonSOM,101,603
Derivatives Lite Price Depth Feed nonSOM,201,703
Derivatives Lite Price Depth Feed nonSOM,151,653
Derivatives Lite Price Depth Feed nonSOM,161,663
Derivatives Lite Price Depth Feed nonSOM,191,696
Derivatives Lite Price Depth Feed nonSOM,137,637
Derivatives Lite Price Depth Feed nonSOM,237,737
Derivatives Lite Price Depth Feed nonSOM,179,679
Derivatives Lite Price Depth Feed nonSOM,177,677
Derivatives Lite Price Depth Feed nonSOM,199,699
Derivatives Lite Price Depth Feed SOM,102,604
Derivatives Lite Price Depth Feed SOM,202,704
Derivatives Lite Price Depth Feed SOM,152,654
Derivatives Lite Price Depth Feed SOM,162,664
Derivatives Lite Price Depth Feed SOM,192,697
Derivatives Lite Price Depth Feed SOM,138,638
Derivatives Lite Price Depth Feed SOM,238,738
Derivatives Lite Price Depth Feed SOM,180,680
Derivatives Lite Price Depth Feed SOM,177,677
Derivatives Lite Price Depth Feed SOM,199,699
