OMDDerivativesStandard_nonSOM,101,201,151,161,164,191,134,234,171,177,199
OMDDerivativesStandard_SOM,102,202,152,162,165,192,135,235,172,177,199
OMDDerivativesPremium_nonSOM,101,201,151,161,164,191,131,231,167,174,177,199,194
OMDDerivativesPremium_SOM,102,202,152,162,165,192,132,232,168,175,177,199,195
OMDDerivativesFullTick_nonSOM,101,201,151,161,164,121,221,167,177
OMDDerivativesFullTick_SOM,102,202,152,162,165,122,222,168,177
OMDDerivativesTrade_nonSOM,111,211,167
OMDDerivativesTrade_SOM,112,212,168
OMDDerivativesLite_PriceDepthFeed_nonSOM,101,201,151,161,164,191,137,237,179,177,199
OMDDerivativesLite_PriceDepthFeed_SOM,102,202,152,162,165,192,138,238,180,177,199
