SequenceReset,MsgType=100,MsgSize=8
DisasterRecoverySignal,MsgType=105,MsgSize=8
InstrumentDefinition,MsgType=300,MsgSize=416
SecurityDefinition,MsgType=301,MsgSize=400
ComboLegDefinition,MsgType=302,MsgSize=60
StrikePriceTableDefinition,MsgType=303
SecurityStatus,MsgType=310,MsgSize=60
Trade,MsgType=350,MsgSize=75
EODTradeStatistic,MsgType=351,MsgSize=54
TradeStatistics,MsgType=352,MsgSize=78
AggregateOrderBookUpdate,MsgType=353
TopOfBook,MsgType=355,MsgSize=70
News,MsgType=360,MsgSize=544
AsianReference,MsgType=361,MsgSize=174
RefreshComplete,MsgType=203,MsgSize=8