SequenceReset,MsgType=100,MsgSize=8
DisasterRecoverySignal,MsgType=105,MsgSize=8
InstrumentDefinition,MsgType=300,MsgSize=278
SecurityDefinition,MsgType=301,MsgSize=186
ComboLegDefinition,MsgType=302,MsgSize=31
StrikePriceTableDefinition,MsgType=303
SecurityStatus,MsgType=310,MsgSize=60
Trade,MsgType=350,MsgSize=67
EODTradeStatistic,MsgType=351,MsgSize=54
TradeStatistics,MsgType=352,MsgSize=70
AggregateOrderBookUpdate,MsgType=353
TopOfBook,MsgType=355,MsgSize=70
News,MsgType=360,MsgSize=289
AsianReference,MsgType=361,MsgSize=174
RefreshComplete,MsgType=203,MsgSize=8
