Product,RealtimeChannel,RefreshChannel
LMEBase M1,100,500
LMEBase M15,100,500
LMEBase MM,100,500
LMEBase M1,101,501
LMEBase M15,101,501
LMEBase MM,101,501
LMEBase M1,102,502
LMEBase M15,102,502
LMEBase MM,102,502
LMEBase M1,103,503
LMEBase M15,103,503
LMEBase MM,103,503
LMEBase M1,104,504
LMEBase M15,104,504
LMEBase MM,104,504
LMEBase M1,105,505
LMEBase M15,105,505
LMEBase MM,105,505
LMEBase M1,108,508
LMEBase M15,108,508
LMEBase MM,108,508
LMEPrecious M1,150,550
LMEPrecious M15,150,550
LMEPrecious MM,150,550
LMEPrecious M1,151,551
LMEPrecious M15,151,551
LMEPrecious MM,151,551
LMEPrecious M1,152,552
LMEPrecious M15,152,552
LMEPrecious MM,152,552
LMEPrecious M1,153,553
LMEPrecious M15,153,553
LMEPrecious MM,153,553
LMEPrecious M1,154,554
LMEPrecious M15,154,554
LMEPrecious MM,154,554
LMEPrecious M1,155,555
LMEPrecious M15,155,555
LMEPrecious MM,155,555
