<GLOBAL>,TradingSessionSubID=CT,TradingSessionSubID=3,
<GLOBAL>,TradingSesStatus=Open,TradingSesStatus=2,
<GLOBAL>,TradingSesStatus=Unknown,TradingSesStatus=0,
<GLOBAL>,TradingSesStatus=Halted,TradingSesStatus=1,
<GLOBAL>,TradingSesStatus=Closed,TradingSesStatus=3,
<GLOBAL>,TradingSesStatus=PreClose,TradingSesStatus=5,
<GLOBAL>,TradingSesStatus=DayClosed,TradingSesStatus=100,
<GLOBAL>,TradingSessionSubID=DC,TradingSessionSubID=0,
<GLOBAL>,TradingSessionSubID=POS_OI,TradingSessionSubID=1,
<GLOBAL>,TradingSessionSubID=POS_MA,TradingSessionSubID=2,
<GLOBAL>,TradingSessionSubID=CAS_MA,TradingSessionSubID=4,
<GLOBAL>,TradingSessionSubID=CAS_OI,TradingSessionSubID=5,
<GLOBAL>,TradingSessionSubID=BL,TradingSessionSubID=7,
<GLOBAL>,TradingSessionSubID=NO,TradingSessionSubID=100,
<GLOBAL>,TradingSessionSubID=POS_NC,TradingSessionSubID=101,
<GLOBAL>,TradingSessionSubID=EI,TradingSessionSubID=102,
<GLOBAL>,TradingSessionSubID=CL,TradingSessionSubID=103,
<GLOBAL>,TradingSessionSubID=OC,TradingSessionSubID=104,
<GLOBAL>,TradingSessionSubID=CAS_RP,TradingSessionSubID=105,
<GLOBAL>,TradingSessionSubID=CAS_NW,TradingSessionSubID=106,
<GLOBAL>,SecurityTradingStatus=Halt,SuspensionIndicator=2,
<GLOBAL>,SecurityTradingStatus=Resume,SuspensionIndicator=3,
CurrencyRate,CurrencyCode=JPY,CurrencyCode=JPY,CurrencyFactor=3
BrokerQueue,Side=Buy,Side=1,
BrokerQueue,Side=Sell,Side=2,
BrokerQueue,Buy=Y,Side=1,
BrokerQueue,Sell=Y,Side=2,
<GLOBAL>,Side=Bid,Side=0,
<GLOBAL>,Side=Offer,Side=1,
<GLOBAL>,Buy=Y,Side=0,
<GLOBAL>,Sell=Y,Side=1,
<GLOBAL>,OrderType=Market,OrderType=1,
<GLOBAL>,OrderType=Limit,OrderType=2,
<GLOBAL>,TrdType=AutomatchNormal,TrdType=0,
<GLOBAL>,TrdType=LateTrade,TrdType=4,
<GLOBAL>,TrdType=NonDirectOffExchangeTrade,TrdType=22,
<GLOBAL>,TrdType=AutomatchInternalized,TrdType=100,
<GLOBAL>,TrdType=DirectOffExchangeTrade,TrdType=101,
<GLOBAL>,TrdType=OddLotTrade,TrdType=102,
<GLOBAL>,TrdType=AuctionTrade,TrdType=103,
<GLOBAL>,TrdType=OverseasTrade,TrdType=104,
<GLOBAL>,TrdType=AutomatchNormal,TrdType=0,
<GLOBAL>,TrdType=LateTrade,TrdType=4,
<GLOBAL>,TrdType=NonDirectOffExchangeTrade,TrdType=22,
<GLOBAL>,TrdType=AutomatchInternalized,TrdType=100,
<GLOBAL>,TrdType=DirectOffExchangeTrade,TrdType=101,
<GLOBAL>,TrdType=OddLotTrade,TrdType=102,
<GLOBAL>,TrdType=AuctionTrade,TrdType=103,
<GLOBAL>,IndexStatus=Closing,IndexStatus=C,
<GLOBAL>,IndexStatus=Indicative,IndexStatus=I,
<GLOBAL>,IndexStatus=Opening,IndexStatus=O,
<GLOBAL>,IndexStatus=LastClose,IndexStatus=P,
<GLOBAL>,IndexStatus=PreliminaryClose,IndexStatus=R,
<GLOBAL>,IndexStatus=StopLoss,IndexStatus=S,
<GLOBAL>,IndexStatus=RealTime,IndexStatus=T,
<GLOBAL>,SecurityTradingStatus=TradingHalt,SecurityTradingStatus=2,
<GLOBAL>,SecurityTradingStatus=Resume,SecurityTradingStatus=3,
<GLOBAL>,SecurityTradingStatus=Suspend,SecurityTradingStatus=101,
<GLOBAL>,TradingSessionSubID=OI,TradingSessionSubID=111,
<GLOBAL>,TradingSessionSubID=NC,TradingSessionSubID=112,
<GLOBAL>,TradingSessionSubID=MA,TradingSessionSubID=113,
<GLOBAL>,TradingSessionSubID=BL,TradingSessionSubID=114,
<GLOBAL>,TradingSessionSubID=MSA_Ended,TradingSessionSubID=115,
<GLOBAL>,TradingSessionSubID=MSA_Terminated,TradingSessionSubID=116,
<GLOBAL>,NotificationType=ART_with_MSA,NotificationType=1,
<GLOBAL>,NotificationType=ART_with_MSA_Amended,NotificationType=2,
<GLOBAL>,NotificationType=ART_with_MSA_Cancelled,NotificationType=3,
<GLOBAL>,NotificationType=Scheduled_MSA_Time,NotificationType=4,
<GLOBAL>,NotificationType=Scheduled_MSA_Cancelled,NotificationType=5,
