MarketDefinition,MsgType=10,MsgSize=40,,,,,,,,,
MarketDefinitionMAIN,MsgType=10,MsgSize=40,MarketCode=MAIN,,,,,,,,
MarketDefinitionGEM,MsgType=10,MsgSize=40,MarketCode=GEM,,,,,,,,
MarketDefinitionNASD,MsgType=10,MsgSize=40,MarketCode=NASD,,,,,,,,
MarketDefinitionETS,MsgType=10,MsgSize=40,MarketCode=ETS,,,,,,,,
SecurityDefinition,MsgType=11,,,,,,,,,,
LiquidityProvider,MsgType=13,,,,,,,,,,
CurrencyRate,MsgType=14,MsgSize=16,,,,,,,,,
TradingSessionStatus,MsgType=20,MsgSize=32,,,,,,,,,
TradingSessionStatusMAIN,MsgType=20,MsgSize=32,TradingSessionID=1,MarketCode=MAIN,,,,,,,
TradingSessionStatusGEM,MsgType=20,MsgSize=32,TradingSessionID=1,MarketCode=GEM,,,,,,,
TradingSessionStatusNASD,MsgType=20,MsgSize=32,TradingSessionID=1,MarketCode=NASD,,,,,,,
TradingSessionStatusETS,MsgType=20,MsgSize=32,TradingSessionID=1,MarketCode=ETS,,,,,,,
SecurityStatus,MsgType=21,MsgSize=12,,,,,,,,,
News,MsgType=22,,,,,,,,,,
NewsEnglish,MsgType=22,NewsType=EXN,,,,,,,,,
NewsChinese,MsgType=22,NewsType=EXC,,,,,,,,,
TradeTicker,MsgType=52,MsgSize=36,,,,,,,,,
TradeTickerRef,MsgType=52,MsgSize=36,SecurityCode=@48,Price=@44,,,,,,,
NominalPrice,MsgType=40,MsgSize=12,,,,,,,,,
IndicativeEquilibriumPrice,MsgType=41,MsgSize=20,,,,,,,,,
ClosingPrice,MsgType=62,MsgSize=16,,,,,,,,,
ClosingPriceSS,MsgType=62,MsgSize=16,NumberOfTrades=,,,,,,,,
ClosingPriceSP,MsgType=62,MsgSize=16,NumberOfTrades=@anyValue,,,,,,,,
IndexDefinition,MsgType=70,MsgSize=20,,,,,,,,,
IndexData,MsgType=71,MsgSize=112,,,,,,,,,
IndexDataHSI,MsgType=71,MsgSize=112,IndexVolume=NULL,,,,,,,,
IndexDataCSI,MsgType=71,MsgSize=112,EASValue=NULL,,,,,,,,
IndexDataDQB,MsgType=71,MsgSize=112,EASValue=NULL,NetChgPrevDay=0,IndexHigh=0,IndexLow=0,IndexTurnover=0,OpeningValue=0,ClosingValue=0,PreviousSesClose=0,NetChgPrevDayPct=0
IndexDataS&P,MsgType=71,MsgSize=112,EASValue=NULL,IndexTurnover=NULL,IndexVolume=NULL,,,,,,
MarketTurnover,MsgType=61,MsgSize=20,,,,,,,,,
MarketTurnoverMAIN,MsgType=61,MsgSize=20,MarketCode=MAIN,,,,,,,,
MarketTurnoverGEM,MsgType=61,MsgSize=20,MarketCode=GEM,,,,,,,,
MarketTurnoverNASD,MsgType=61,MsgSize=20,MarketCode=NASD,,,,,,,,
MarketTurnoverETS,MsgType=61,MsgSize=20,MarketCode=ETS,,,,,,,,
AggregateOrderBookUpdate,MsgType=53,,,,,,,,,,
Statistics,MsgType=60,MsgSize=52,,,,,,,,,
StatisticsSS,MsgType=60,MsgSize=52,VWAP=,,,,,,,,
StatisticsSP,MsgType=60,MsgSize=52,VWAP=@anyValue,,,,,,,,
Yield,MsgType=44,MsgSize=12,,,,,,,,,
BrokerQueue,MsgType=54,,,,,,,,,,
VCMTrigger,MsgType=23,MsgSize=36,,,,,,,,,
ReferencePrice,MsgType=43,MsgSize=20,,,,,,,,,
OrderImbalance,MsgType=56,MsgSize=20,,,,,,,,,
Trade,MsgType=50,MsgSize=32,,,,,,,,,
TradeCancel,MsgType=51,MsgSize=12,,,,,,,,,
AddOrder,MsgType=30,MsgSize=32,,,,,,,,,
ModifyOrder,MsgType=31,MsgSize=28,,,,,,,,,
DeleteOrder,MsgType=32,MsgSize=20,,,,,,,,,
AddOddLotOrder,MsgType=33,MsgSize=28,,,,,,,,,
DeleteOddLotOrder,MsgType=34,MsgSize=20,,,,,,,,,
VCMEnd,MsgType=24,MsgSize=16,,,,,,,,,
SecurityStatusTime,MsgType=25,MsgSize=20,,,,,,,,,
SecurityTradingState,MsgType=26,MsgSize=32,,,,,,,,,
SecurityEventAlert,MsgType=27,MsgSize=20,,,,,,,,,
RefreshComplete,MsgType=203,MsgSize=8,
Logon,MsgType=1101,MsgSize=190,
LogonResponse,MsgType=1102,MsgSize=8,
Logout,MsgType=1103,MsgSize=8,
