Product Name,Proxy Log Filename,Channel,Allowed Message type

Securities Standard,OMDSecuritiesStandard,1,(10|11|13|14)
Securities Standard,OMDSecuritiesStandard,2,(20)
Securities Standard,OMDSecuritiesStandard,3,(61)
Securities Standard,OMDSecuritiesStandard,4,(22)
Securities Standard,OMDSecuritiesStandard,10,(52|40|41|62|53|60|44|54|23|43|56|21)
Securities Standard,OMDSecuritiesStandard,9,(105)

Securities Premium,OMDSecuritiesPremium,1,(10|11|13|14)
Securities Premium,OMDSecuritiesPremium,2,(20)
Securities Premium,OMDSecuritiesPremium,3,(61)
Securities Premium,OMDSecuritiesPremium,4,(22)
Securities Premium,OMDSecuritiesPremium,20,(50|51|40|41|62|53|60|44|23|43|56|21)
Securities Premium,OMDSecuritiesPremium,21,(50|51|40|41|62|53|60|44|23|43|56|21)
Securities Premium,OMDSecuritiesPremium,22,(50|51|40|41|62|53|60|44|23|43|56|21)
Securities Premium,OMDSecuritiesPremium,23,(50|51|40|41|62|53|60|44|23|43|56|21)
Securities Premium,OMDSecuritiesPremium,24,(50|51|40|41|62|53|60|44|23|43|56|21)
Securities Premium,OMDSecuritiesPremium,25,(50|51|40|41|62|53|60|44|23|43|56|21)
Securities Premium,OMDSecuritiesPremium,26,(50|51|40|41|62|53|60|44|23|43|56|21)
Securities Premium,OMDSecuritiesPremium,27,(50|51|40|41|62|53|60|44|23|43|56|21)
Securities Premium,OMDSecuritiesPremium,28,(50|51|40|41|62|53|60|44|23|43|56|21)
Securities Premium,OMDSecuritiesPremium,9,(105)

Securities FullTick,OMDSecuritiesFullTick,1,(10|11|13|14)
Securities FullTick,OMDSecuritiesFullTick,2,(20)
Securities FullTick,OMDSecuritiesFullTick,30,(50|51|30|31|41|23|43|56|21)
Securities FullTick,OMDSecuritiesFullTick,31,(50|51|30|31|41|23|43|56|21)
Securities FullTick,OMDSecuritiesFullTick,32,(50|51|30|31|41|23|43|56|21)
Securities FullTick,OMDSecuritiesFullTick,33,(50|51|30|31|41|23|43|56|21)
Securities FullTick,OMDSecuritiesFullTick,34,(50|51|30|31|41|23|43|56|21)
Securities FullTick,OMDSecuritiesFullTick,35,(50|51|30|31|41|23|43|56|21)
Securities FullTick,OMDSecuritiesFullTick,36,(50|51|30|31|41|23|43|56|21)
Securities FullTick,OMDSecuritiesFullTick,37,(50|51|30|31|41|23|43|56|21)
Securities FullTick,OMDSecuritiesFullTick,38,(50|51|30|31|41|23|43|56|21)
Securities FullTick,OMDSecuritiesFullTick,9,(105)

Index,OMDIndex,41,(70|71)
Index,OMDIndex,42,(70|71)
Index,OMDIndex,43,(70|71)
Index,OMDIndex,44,(70|71)
Index,OMDIndex,49,(105)

Conflated BrokerQueue,ConflatedBrokerQueue,60,(54)

Odd Lot Order,OddLotOrder,70,(33|34)
Odd Lot Order,OddLotOrder,71,(33|34)
Odd Lot Order,OddLotOrder,72,(33|34)
Odd Lot Order,OddLotOrder,73,(33|34)
Odd Lot Order,OddLotOrder,74,(33|34)
Odd Lot Order,OddLotOrder,75,(33|34)
Odd Lot Order,OddLotOrder,76,(33|34)
Odd Lot Order,OddLotOrder,77,(33|34)
Odd Lot Order,OddLotOrder,78,(33|34)

