{
  "1_Market Definition": {
    "description" : [
      "Interpretation of Market Definition (message type: 10)"
    ],
    "data_source" : "ANSBOOK_PROXY", "on_product" : "Secuirty Standard",
    "header" : [
      ["OMD Message Type", "10", "10", "10", "10"],
      ["OMD Field Name", "MarketCode", "MarketName", "NumberOfSecurities", "CurrencyCode"]
    ],
    "sample_data" : [
      ["ETS ", "EXTENDED TRADING SEC     ", "48", "USD"],
      ["ETS ", "EXTENDED TRADING SEC     ", "48", "USD"],
      ["ETS ", "EXTENDED TRADING SEC     ", "48", "USD"]
    ]
  },

  "2_Security Definition": {
    "description" : [
      "Interpretation of Security Definition (message type: 11)"
    ],
    "data_source" : "ANSBOOK_PROXY", "on_product" : "Security Standard",
    "header" : [
      ["OMD Message Type", "11", "11", "11", "11", "11", "11", "11", "11", "11", "11", "11", "11", "11", "11", "11", "11", "11", "11", "11", "11", "11", "11", "11", "11", "11", "11", "11", "11", "11", "11", "11", "11", "11", "11", "11", "11", "11", "11", "11"],
      ["OMD Field Name", "SecurityCode", "MarketCode", "ISINCode", "InstrumentType", "ProductType", "SpreadTableCode", "SecurityShortName", "CurrencyCode", "SecurityNameGCCS", "SecurityNameGB", "LotSize", "PreviousClosingPrice", "VCMFlag", "ShortSellFlag", "CASFlag", "CCASSFlag", "DummySecurityFlag", "StampDutyFlag", "ListingDate", "DelistingDate", "FreeText1", "FreeText2", "EFNFlag", "AccruedInterest", "CouponRate", "ConversionRatio", "StrikePrice1", "StrikePrice2", "MaturityDate", "CallPutFlag", "Style", "WarrantType", "CallPrice", "DecimalsInCallPrice", "Entitlement", "DecimalsInEntitlement", "NoWarrantsPerEntitlement", "NoUnderlyingSecurities", "UnderlyingSecurityCode"]
    ],
    "sample_data" : [
      ["00002", "MAIN", "HK0002007356", "EQTY", "1", "01", "CLP HOLDINGS                            ", "HKD", "中電控股　　　　　　　　　　　", "中电控股　　　　　　　　　　　", "500", "75.950", "Y", "Y", "Y", "Y", "N", "Y", "19000101", "0", "*TRADING SUSPENDED*                               ", "N/A", "N/A", "N/A", "N/A", "N/A", "N/A", "N/A", "N/A", "N/A", "N/A", "N/A", "N/A", "N/A", "N/A", "N/A", "N/A", "N/A"],
      ["00002", "MAIN", "HK0002007356", "EQTY", "1", "01", "CLP HOLDINGS                            ", "HKD", "中電控股　　　　　　　　　　　", "中电控股　　　　　　　　　　　", "500", "75.950", "Y", "Y", "Y", "Y", "N", "Y", "19000101", "0", "*TRADING SUSPENDED*                               ", "N/A", "N/A", "N/A", "N/A", "N/A", "N/A", "N/A", "N/A", "N/A", "N/A", "N/A", "N/A", "N/A", "N/A", "N/A", "N/A", "N/A"],
      ["00002", "MAIN", "HK0002007356", "EQTY", "1", "01", "CLP HOLDINGS                            ", "HKD", "中電控股　　　　　　　　　　　", "中电控股　　　　　　　　　　　", "500", "75.950", "Y", "Y", "Y", "Y", "N", "Y", "19000101", "0", "*TRADING SUSPENDED*                               ", "N/A", "N/A", "N/A", "N/A", "N/A", "N/A", "N/A", "N/A", "N/A", "N/A", "N/A", "N/A", "N/A", "N/A", "N/A", "N/A", "N/A"]
    ]
  },

  "3_Liquidity Provider": {
    "description" : [
      "Interpretation of Liquidity Provider (message type: 13)"
    ],
    "data_source" : "ANSBOOK_PROXY", "on_product" : "Security Standard",
    "header" : [
      ["OMD Message Type", "13", "13", "13", "13", "13", "13", "13"],
      ["OMD Field Name", "SecurityCode", "NoLiquidityProviders", "LPBrokerNumber (1)", "LPBrokerNumber (2)", "LPBrokerNumber (3)", "LPBrokerNumber (4)", "LPBrokerNumber (5)"]
    ],
    "sample_data" : [
      ["02405", "5", "9733", "9729", "9726", "9702", "9717"],
      ["02405", "5", "9733", "9729", "9726", "9702", "9717"],
      ["02405", "5", "9733", "9729", "9726", "9702", "9717"]
    ]
  },

  "4_Currency Rate": {
    "description" : [
      "Interpretation of Currency Rate (message type: 14)"
    ],
    "data_source" : "ANSBOOK_PROXY", "on_product" : "Security Standard",
    "header" : [
      ["OMD Message Type", "14", "14", "14"],
      ["OMD Field Name", "CurrencyCode", "CurrencyFactor", "CurrencyRate"]
    ],
    "sample_data" : [
      ["CAD", "0", "6.6223"],
      ["CAD", "0", "6.6223"],
      ["CAD", "0", "6.6223"],
      ["CAD", "0", "6.6223"]
    ]
  },

  "5_Trading_Session_Status": {
    "description" : [
      "Interpretation of Trading Session Status (message type: 20)"
    ],
    "data_source" : "ANSBOOK_PROXY", "on_product" : "Security Standard",
    "header" : [
      ["OMD Message Type",  "20", "20", "20", "20","20","20","20"],
      ["OMD Field Name", "SeqNum","MarketCode","TradingSessionSubID","TradingSesStatus","TradingSesControlFlag","StartDateTime","EndDateTime"]
    ],
    "sample_data" : [
    ]
  },

  "6_Security Status": {
    "description" : [
      "Interpretation of Security Status (message type: 21)"
    ],
    "data_source" : "ANSBOOK_PROXY", "on_product" : "Security Standard",
    "header" : [
      ["OMD Message Type",  "21", "21"],
      ["OMD Field Name", "SecurityCode", "SuspensionIndicator"]
    ],
    "sample_data" : [
      ["00002", "2"],
      ["00002", "2"],
      ["00002", "2"]
    ]
  },

  "7_Closing Price": {
    "description" : [
      "Interpretation of Closing Price (message type: 62)",
      "For \"SS\" and \"SP\" Clients only"
    ],
    "data_source" : "ANSBOOK_PROXY", "on_product" : "Security Standard",
    "header" : [
      ["OMD Message Type",  "62", "62", "62"],
      ["OMD Field Name", "SecurityCode", "ClosingPrice", "NumberOfTrades"]
    ],
    "sample_data" : [
      ["02402", "0.010", "1 *"],
      ["02402", "0.010", "1 *"],
      ["02402", "0.010", "1 *"],
      ["02402", "0.010", "1 *"]      
    ]
  },

  "8_Nominal Price": {
    "description" : [
      "Interpretation of Nominal Price (message type: 40)",
      "For \"SS\" and \"SP\" Clients only"
    ],
    "data_source" : "ANSBOOK_PROXY", "on_product" : "Security Standard",
    "header" : [
      ["OMD Message Type", "40", "40" ],
      ["OMD Field Name", "SecurityCode", "NominalPrice"]
    ],
    "sample_data" : [
      ["02405", "0.360"],
      ["02405", "0.360"],
      ["02405", "0.360"]
    ]
  },

  "9_IEP": {
    "description" : [
		"Interpretation of Indicative Equilibrium Price (message type: 41)"
    ],
    "data_source" : "ANSBOOK_PROXY",
    "header" : [
    ],
    "sample_data" : [
    ]
  },

  "10_Reference Price": {
    "description" : [
      "Interpretation of Reference Price (message type: 43)"
    ],
    "data_source" : "ANSBOOK_PROXY", "on_product" : "Security Standard",
    "header" : [
      ["OMD Message Type", "43", "43", "43", "43"],
      ["OMD Field Name", "SecurityCode", "ReferencePrice", "LowerPrice", "UpperPrice"]
    ],
    "sample_data" : [
      ["02401", "0.000", "0.000", "0.000"],
      ["02401", "0.000", "0.000", "0.000"],
      ["02401", "0.000", "0.000", "0.000"],
      ["02401", "0.000", "0.000", "0.000"]
    ]
  },

  "11_VCM Trigger": {
    "description" : [
      "Interpretation of VCM Trigger (message type: 23)"
    ],
    "data_source" : "ANSBOOK_PROXY", "on_product" : "Security Standard",
    "header" : [
      ["OMD Message Type", "23", "23", "23", "23", "23", "23"],
      ["OMD Field Name", "SecurityCode", "CoolingOffStartTime", "CoolingOffEndTime", "VCMReferencePrice", "VCMLowerPrice", "VCMUpperPrice"]
    ],
    "sample_data" : [
      ["02402", "18-03-26T10:03:33", "18-03-26T10:08:33", "0.010", "0.010", "0.011"],
      ["02402", "18-03-26T10:03:33", "18-03-26T10:08:33", "0.010", "0.010", "0.011"],
      ["02402", "18-03-26T10:03:33", "18-03-26T10:08:33", "0.010", "0.010", "0.011"],
      ["02402", "18-03-26T10:03:33", "18-03-26T10:08:33", "0.010", "0.010", "0.011"]
    ]
  },

  "12_Statistics": {
    "description" : [
      "Interpretation of Statistics (message type: 60) ",
      "For \"SS\" and \"SP\" Clients only"
    ],
    "data_source" : "ANSBOOK_PROXY", "on_product" : "Security Standard",
    "header" : [
      ["OMD Message Type", "60", "60", "60", "60", "60", "60", "60", "60", "60"],
      ["OMD Field Name", "SecurityCode", "SharesTraded", "Turnover", "HighPrice", "LowPrice", "LastPrice", "VWAP", "ShortSellSharesTraded", "ShortSellTurnover"]
    ],
    "sample_data" : [
      ["06224", "15011000", "150034945000.000", "9995.000", "9995.000", "9995.000", "9995.000 *", "12000000", "119940000000.000"],
      ["06224", "15011000", "150034945000.000", "9995.000", "9995.000", "9995.000", "9995.000 *", "12000000", "119940000000.000"],
      ["06224", "15011000", "150034945000.000", "9995.000", "9995.000", "9995.000", "9995.000 *", "12000000", "119940000000.000"],
      ["06224", "15011000", "150034945000.000", "9995.000", "9995.000", "9995.000", "9995.000 *", "12000000", "119940000000.000"]
    ]
  },

  "13_Market Turnover": {
    "description" : [
      "Interpretation of Market Turnover (message type: 61)",
      "For \"SS\" and \"SP\" Clients only"
    ],
    "data_source" : "ANSBOOK_PROXY", "on_product" : "Security Standard",
    "header" : [
      ["OMD Message Type", "61", "61", "61"],
      ["OMD Field Name", "MarketCode", "Turnover", "CurrencyCode"]
    ],
    "sample_data" : [
      ["MAIN", "395869097.570", "   "],
      ["MAIN", "395869097.570", "   "],
      ["MAIN", "395869097.570", "   "],
      ["MAIN", "395869097.570", "   "]
    ]
  },

  "14_Yield": {
    "description" : [
      "Interpretation of Yield (message type: 44)",
      "For \"SS\" and \"SP\" Clients only"
    ],
    "data_source" : "ANSBOOK_PROXY", "on_product" : "Security Standard",
    "header" : [
      ["OMD Message Type", "44", "44"],
      ["OMD Field Name", "SecurityCode", "Yield"]

    ],
    "sample_data" : [
      ["01416", "0.000"],
      ["01416", "0.000"],
      ["01416", "0.000"]
    ]
  },

  "15_News": {
    "description" : [
      "Interpretation of News (message type: 22)",
      "For \"SS\" and \"SP\" Clients only"
    ],
    "data_source" : "ANSBOOK_PROXY", "on_product" : "Security Standard",
    "header" : [
      ["OMD Message Type", "22", "22", "22", "22", "22", "22", "22", "22", "22", "22", "22", "22", "22", "22", "22", "22", "22"],
      ["OMD Field Name", "NewsID", "NewsType", "HeadLine", "CancelFlag", "LastFragment", "ReleaseTime", "NoMarketCode", "MarketCode", "NoSecurityCodes", "SecurityCode", "NoNewsLines", "NewLine (1)", "NewLine (2)", "NewLine (3)", "NewLine (4)", "NewLine (5)", "NewLine (6)"]
    ],
    "sample_data" : [
    ]
  },

  "16_Index Definition": {
    "description" : [
      "Interpretation of Index Definition (message type: 70)"
    ],
    "data_source" : "ANSBOOK_PROXY", "on_product" : "Security Standard",
    "header" : [
      ["OMD Message Type", "70", "70", "70"],
      ["OMD Field Name", "IndexCode", "IndexSource", "CurrencyCode"]
    ],
    "sample_data" : [
      ["0001400    ", "H", ""],
      ["0001400    ", "H", ""],
      ["0001400    ", "H", ""]
    ]
  },

  "17_Index Data": {
    "description" : [ 
      "Interpretation of Index Data (message type: 71)"
    ],  
    "data_source" : "ANSBOOK_CT",
    "header" : [ 
    ],  
    "sample_data" : [ 
    ]
  },

  "18_Order Book_1": {
    "description" : [
      "Broad Lot Order Book (\"SF\" Clients only)"
    ],
    "data_source" : "ANSBOOK_CT", 
    "header" : [
    ],
    "sample_data" : [
    ]
 } 
,
  
  "18_Order Book_2": {
    "description" : [
      "Odd-Lot Order Book( Clients of Odd Lot Order Book only)"
    ],
    "data_source" : "ANSBOOK_CT", 
    "header" : [
    ],
    "sample_data" : [
    ]
  },

  "18_Order Book_3": {
    "description" : [
      "Aggregate Order Book  (\"SS\" and \"SP\" Clients only)"
    ],
    "data_source" : "ANSBOOK_CT", 
    "header" : [
    ],
    "sample_data" : [
    ]
  },

  "18_TradeTicker": {
    "description" : [ 
      "Interpretation of Trade Data, Order Book and Broker Queue (message type: 30, 31, 32, 33, 34, 50, 51, 52, 53, 54)"
    ],  
    "data_source" : "ANSBOOK_PROXY",
    "header" : [ 
    ],  
    "sample_data" : [ 
    ]   
  },  

  "18_Trade_and_Trade_Cancel": {
    "description" : [
      "Interpretation of Trade Data, Order Book and Broker Queue (message type: 30, 31, 32, 33, 34, 50, 51, 52, 53, 54)"
    ],
    "data_source" : "ANSBOOK_PROXY", "on_product" : "Security FullTick",
    "header" : [
    ],
    "sample_data" : [
    ]
  },
  
  "18_Order Book": {
    "description" : [
      "Interpretation of Trade Data, Order Book and Broker Queue (message type: 30, 31, 32, 33, 34, 50, 51, 52, 53, 54)"
    ],
    "data_source" : "ANSBOOK_CT", 
    "header" : [
    ],
    "sample_data" : [
    ]
  },


  "18_Broker Queue": {
    "description" : [
      "Interpretation of Trade Data, Order Book and Broker Queue (message type: 30, 31, 32, 33, 34, 50, 51, 52, 53, 54)"
    ],
    "data_source" : "ANSBOOK_CT",
    "header" : [
    ],
    "sample_data" : [
    ]
  },

//  "18_Trade": {
//    "description" : [
//      "Interpretation of Trade Data, Order Book and Broker Queue (message type: 30, 31, 32, 33, 34, 50, 51, 52, 53, 54)"
//    ],
//    "data_source" : "ANSBOOK_CT",
//    "header" : [
//    ],
//    "sample_data" : [
//    ]
//  },

  "19_Order_Imbalance": {
    "description" : [
      "Interpretation of Order Imbalance (message type: 56)"
    ],
    "data_source" : "ANSBOOK_PROXY",
    "header" : [
    ],
    "sample_data" : [
    ]
  },

  "20_SCD_Quota_Balance": {
    "description" : [
      "Interpretation of Stock Connect Daily Quota Balance (message type: 80)"
    ],
    "data_source" : "ANSBOOK_PROXY", "on_product" : "Security Standard",
    "header" : [
      ["OMD Message Type", "80", "80", "80", "80", "80"],
      ["OMD Field Name", "SeqNum", "StockConnectMarket", "TradingDirection", "DailyQuotaBalance", "DailyQuotaBalanceTime"]
    ],
    "sample_data" : [
      ["SH", "NB", "12155107462", "17-03-21T15:00:15"],
      ["SH", "NB", "12155107462", "17-03-21T15:00:15"]
    ]
  },
//  
//  "20_Stock Connect Daily Balance": {
//    "description" : [
//      "Interpretation of Stock Connect Daily Quota Balance (message type: 80)"
//    ],
//    "data_source" : "ANSBOOK_PROXY", "on_product" : "Security Standard",
//    "header" : [
//      ["OMD Message Type", "80", "80", "80", "80"],
//      ["OMD Field Name", "StockConnectMarket", "TradingDirection", "DailyQuotaBalance", "DailyQuotaBalanceTime"]
//    ],
//    "sample_data" : [
//      ["SH", "NB", "12155107462", "17-03-21T15:00:15"],
//      ["SH", "NB", "12155107462", "17-03-21T15:00:15"],
//      ["SH", "NB", "12155107462", "17-03-21T15:00:15"],
//      ["SH", "NB", "12155107462", "17-03-21T15:00:15"]
//    ]
//  },
//  
  "21_SCD_Market_Turnover": {
    "description" : [
      "Interpretation of Stock Connect Market Turnover (message type: 81)"
    ],
    "data_source" : "ANSBOOK_PROXY", "on_product" : "Security Standard",
    "header" : [
      ["OMD Message Type", "81","81", "81", "81", "81", "81"],
      ["OMD Field Name", "SeqNum", "StockConnectMarket", "TradingDirection", "BuyTurnover", "SellTurnover", "Buy+SellTurnover"]

    ],
    "sample_data" : [
      ["SH", "NB", "2882126269", "2101140218", "4983266487"],
      ["SH", "NB", "2882126269", "2101140218", "4983266487"]
    ]
  }
//
//  "21_Stock Connect Daily Turnover": {
//    "description" : [
//      "Interpretation of Stock Connect Daily Turnover (message type: 80)"
//    ],
//    "data_source" : "ANSBOOK_PROXY", "on_product" : "Security Standard",
//    "header" : [
//      ["OMD Message Type", "81", "81", "81", "81", "81"],
//      ["OMD Field Name", "StockConnectMarket", "TradingDirection", "BuyTurnover", "SellTurnover", "Buy+SellTurnover"]
//
//    ],
//    "sample_data" : [
//      ["SH", "NB", "2882126269", "2101140218", "4983266487"],
//      ["SH", "NB", "2882126269", "2101140218", "4983266487"],
//      ["SH", "NB", "2882126269", "2101140218", "4983266487"],
//      ["SH", "NB", "2882126269", "2101140218", "4983266487"]
//    ]
//  }
}

