LogonResponse,MsgType=102,SessionStatus=(0|5|100)

RetransmissionResponse,MsgType=202,RetransStatus=(0|1|2|100|101)

MarketDefinition,MsgType=10,MarketCode=(MAIN|GEM |NASD|ETS )

SecuirtyDefinition_EQTY_TRST,MsgType=11,InstrumentType=(EQTY|TRST),ProductType=(1|2|7|12|6|13|3|14|11|4|5|8|9|10|99),MarketCode=(MAIN|GEM |NASD|ETS ),SecurityCode=[1..99999],SpreadTableCode=(01|03),VCMFlag=(Y|N),ShortSellFlag=(Y|N),CASFlag=(Y|N),CCASSFlag=(Y|N),DummySecurityFlag=(Y|N),StampDutyFlag=(Y|N),EFNFlag=(^$),AccruedInterest=(0),CouponRate=(0),FaceValue=(0),DecimalsInFaceValue=(0),FaceValueCurrency=( {3}),MaturityDate=(0),InvestorType=( ),ConversionRatio=(0),StrikePrice1=(0),StrikePrice2=(0),MaturityDate=(0),CallPutFlag=(^$),Style=(^$),WarrantType=( ),CallPrice=(0),DecimalsInCallPrice=(0),Entitlement=(0),DecimalsInEntitlement=(0),NoWarrantsPerEntitlement=(0),UnderlyingIndexCode=( {11}),NoUnderlyingSecurities=(0)

# TODO for test reason. add AUD to FaceValueCurrency at rule SecuirtyDefinition_BOND
SecuirtyDefinition_BOND,MsgType=11,InstrumentType=(BOND),ProductType=(1|2|7|12|6|13|3|14|11|4|5|8|9|10|99),MarketCode=(MAIN|GEM |NASD|ETS ),SecurityCode=[1..99999],SpreadTableCode=(01|03),VCMFlag=(Y|N),ShortSellFlag=(Y|N),CASFlag=(Y|N),CCASSFlag=(Y|N),DummySecurityFlag=(Y|N),StampDutyFlag=(Y|N),EFNFlag=(Y|N),FaceValueCurrency=(HKD|USD|EUR|JPY|GBP|CAD|SGD|CNY|CNH|AUD),InvestorType=(R|P| ),ConversionRatio=(0),StrikePrice1=(0),StrikePrice2=(0),MaturityDate=(0),CallPutFlag=(^$),Style=(^$),WarrantType=( ),CallPrice=(0),DecimalsInCallPrice=(0),Entitlement=(0),DecimalsInEntitlement=(0),NoWarrantsPerEntitlement=(0),UnderlyingIndexCode=( {11}),NoUnderlyingSecurities=(0)

# TODO for test reason. add HSI and HSCEI to UnderlyingIndexCode at rule SecuirtyDefinition_WRNT
SecuirtyDefinition_WRNT,MsgType=11,InstrumentType=(WRNT),ProductType=(1|2|7|12|6|13|3|14|11|4|5|8|9|10|99),MarketCode=(MAIN|GEM |NASD|ETS ),SecurityCode=[1..99999],SpreadTableCode=(01|03),VCMFlag=(Y|N),ShortSellFlag=(Y|N),CASFlag=(Y|N),CCASSFlag=(Y|N),DummySecurityFlag=(Y|N),StampDutyFlag=(Y|N),EFNFlag=(^$),AccruedInterest=(0),CouponRate=(0),FaceValue=(0),DecimalsInFaceValue=(0),FaceValueCurrency=( {3}),MaturityDate=(0),InvestorType=( ),CallPutFlag=(C|P|O),Style=(A|E|^$),WarrantType=(N|X| ),UnderlyingIndexCode=(CES120|CESA80|CESHKM|CES280|CESG10|CES300|CES100|CSI300|000942|H11108|H11123|H11100|H11140|H11144|H11143|H11120|H11152|H11153|H11110|000016|000021|000010|000009|000066|000001|000015|000043|000044|000065|0001500|0001400|0000100|0000101|0000102|0000103|0000104|0105000|0200700|0200800|0200900|0201000|0201100|0201200|SPHKL|SPHKG|RXYH|RXYY|RXYRH|RXYRY|CSCSHQ|CSCSZQ|HSI|HSCEI|^ +$),NoUnderlyingSecurities=(0|1)

LiquidityProvider,MsgType=13,SecurityCode=[1..99999],NoLiquidityProviders=[1..50]

# TODO for test reason. add AUD to CurrencyCode at rule CurrencyRate

CurrencyRate,MsgType=14,CurrencyCode=(HKD|USD|EUR|JPY|GBP|CAD|SGD|CNY|CNH|AUD)

TradingSessionStatus,MsgType=20,MarketCode=(MAIN|GEM |NASD|ETS ),TradingSessionID=(1),TradingSessionSubID=(0|1|2|3|4|5|7|100|101|102|103|104|105|106|107),TradingSesStatus=(0|1|2|3|5|100),TradingSesControlFlag=(0|1)

SecurityStatus,MsgType=21,SecurityCode=[1..99999],SuspensionIndicator=(2|3)

VCMTrigger,MsgType=23,SecurityCode=[1..99999]

VCMEnd,MsgType=24,SecurityCode=[1..99999]

SecurityStatusTime,MsgType=25,SecurityCode=[1..99999],SecurityTradingStatus=(2|3|101)

SecurityTradingState,MsgType=26,SecurityCode=[1..99999],TradingSessionSubID=(111|112|113|114|115|116),TradingSesStatus=(101),TradingSesControlFlag=(0)

SecurityEventAlert,MsgType=27,SecurityCode=[1..99999],NotificationType=(1|2|3|4|5)

AddOrder,MsgType=30,SecurityCode=[1..99999],Side=(0|1),OrderType=(1|2)

ModifyOrder,MsgType=31,SecurityCode=[1..99999],Side=(0|1)

DeleteOrder,MsgType=32,SecurityCode=[1..99999],Side=(0|1)

AddOddLotOrder,MsgType=33,SecurityCode=[1..99999],Side=(0|1)

DeleteOddLotOrder,MsgType=34,SecurityCode=[1..99999],Side=(0|1)

AggregateOrderBookUpdate,MsgType=53,Side=(0|1),UpdateAction=(0|1|2|74)

BrokerQueue,MsgType=54,SecurityCode=[1..99999],ItemCount=[0..40],Side=(1|2),BQMoreFlag=(Y|N),Type=(B|S)

OrderImbalance,MsgType=56,SecurityCode=[1..99999],OrderImbalanceDirection=(N|B|S| )

Trade,MsgType=50,SecurityCode=[1..99999],TrdType=(0|4|22|100|101|102|103|104)

TradeCancel,MsgType=51,SecurityCode=[1..99999]

TradeTicker,MsgType=52,SecurityCode=[1..99999],TrdType=(0|4|22|100|101|102|103),TrdCancelFlag=(Y|N)

ClosingPrice,MsgType=62,SecurityCode=[1..99999]

NominalPrice,MsgType=40,SecurityCode=[1..99999]

IndicativeEquilibriumPrice,MsgType=41,SecurityCode=[1..99999]

ReferencePrice,MsgType=43,SecurityCode=[1..99999]

Statistics,MsgType=60,SecurityCode=[1..99999]

# TODO for test reason. add AUD to CurrencyCode at rule MarketTurnover
MarketTurnover,MsgType=61,MarketCode=(MAIN|GEM |NASD|ETS ),CurrencyCode=(HKD|USD|EUR|JPY|GBP|CAD|SGD|CNY|CNH|AUD|^ +$)

Yield,MsgType=44,SecurityCode=[1..99999]

News,MsgType=22,NewsType=(EXN|EXC),CancelFlag=(Y|N),LastFragment=(Y|N),NoMarketCodes=[0..4],MarketCode=(MAIN|GEM |NASD|ETS ),NoSecurityCodes=[0..200],SecurityCode=[1..99999]

# TODO for test reason. add AUD to CurrencyCode at rule IndexDefinition; add HSI and HSCEI to IndexCode at rule IndexDefinition
IndexDefinition,MsgType=70,IndexSource=(C|H|S|T),IndexCode=(CES120|CESA80|CESHKM|CES280|CESG10|CES300|CES100|CSI300|000942|H11108|H11123|H11100|H11140|H11144|H11143|H11120|H11152|H11153|H11110|000016|000021|000010|000009|000066|000001|000015|000043|000044|000065|0001500|0001400|0000100|0000101|0000102|0000103|0000104|0105000|0200700|0200800|0200900|0201000|0201100|0201200|SPHKL|SPHKG|RXYH|RXYY|RXYRH|RXYRY|CSCSHQ|CSCSZQ|HSI|HSCEI|^ +$),CurrencyCode=(HKD|USD|EUR|JPY|GBP|CAD|SGD|CNY|CNH|AUD|^ +$)

# TODO for test reason. add HSI and HSCEI to IndexCode at rule IndexData
IndexData,MsgType=71,IndexStatus=(C|I|O|P|R|S|T),IndexCode=(CES120|CESA80|CESHKM|CES280|CESG10|CES300|CES100|CSI300|000942|H11108|H11123|H11100|H11140|H11144|H11143|H11120|H11152|H11153|H11110|000016|000021|000010|000009|000066|000001|000015|000043|000044|000065|0001500|0001400|0000100|0000101|0000102|0000103|0000104|0105000|0200700|0200800|0200900|0201000|0201100|0201200|SPHKL|SPHKG|RXYH|RXYY|RXYRH|RXYRY|CSCSHQ|CSCSZQ|HSI|HSCEI|^ +$),Exception=(#| )

StockConnectDailyQuotaBalance,MsgType=80,StockConnectMarket=(SH|SZ),TradingDirection=(NB)

StockConnectMarketTurnover,MsgType=81,StockConnectMarket=(SH|SZ),TradingDirection=(NB|SB)
