#omd-cclienttooltabletemplate
#Name,NumberOfColumn,PrintIndicator,Title,Fields
P1_Security_Trading_Information,6,Y,Security Trading Information,Security_Code,Security_Market_Segment,Product_Type,Security_Short_Name,Auto/Manual,Underlying,Security_Trading_Status,Stamp_Duty,Call/Put,Trading_State,Currency,Strike_Price_1,Day_High,Free_Text_1,Strike_Price_2,Day_Low,Free_Text_2,Call_Price,Previous_Close,Shares,Maturity_Date,Nominal_Price,Turnover,Accrued_Interest,Last_Traded_Price,Short_Sell_Shares,Coupon_Rate,Closing_Price,Short_Sell_Turnover,Conversion_Ratio,Spread,MAIN_Turnover,Short_Sell_Flag,Lot_Size,NASD_Turnover,CAS,IEP,GEM_Turnover,VCM,IEV,ETS_Turnover,CCASS
P1_Security_Reference_Information,4,Y,Security Reference Information,ISIN,VWAP,Instrument_Type,Style,Product_Type,Warrant_Type,Spread_Table,Entitlement,Traditional_Chinese_Name,Num_of_Warrant_per_Entitlement,Simplified_Chinese_Name,EFN_Flag,Dummy,Yield,Listing_Date,Face_Value,Delisting_Date,Face_Value_Currency,Num_of_Underlying,Maturity_Date,Decimals_In_Call_Price,Investor_Type,Decimals_In_Entitlement,filler(<space>)
P1_VCM_CAS_Details,4,Y,VCM/CAS Details,VCM_Reference_Price,CAS_Reference_Price,VCM_Cooling_Off_Period,CAS_Price_Limit,VCM_Price_Limit,CAS_Order_Imbalance,VCM_End_Time,Trading_State
P1_Trades,6,N,Trades,filler(T1),TradeTime01,TradeType01,TradeQuantity01,TradePrice01,filler(<space>),filler(T2),TradeTime02,TradeType02,TradeQuantity02,TradePrice02,filler(<space>),filler(T3),TradeTime03,TradeType03,TradeQuantity03,TradePrice03,filler(<space>),filler(T4),TradeTime04,TradeType04,TradeQuantity04,TradePrice04,filler(<space>),filler(Trading State),Trading_State,filler(<space>),filler(<space>),filler(<space>),filler(<space>)
P1_OrderBook,4,N,Order Book,filler(<space>),filler(BID),filler(<space>),filler(ASK),filler(<space>),BidAOBShrsPrice,filler(<space>),AskAOBShrsPrice,filler(<space>),filler(SHRS(ORD)),filler(<space>),filler(SHRS(ORD)),filler(B1),BidAOBOrderQueue01,filler(A1),AskAOBOrderQueue01,filler(B2),BidAOBOrderQueue02,filler(A2),AskAOBOrderQueue02,filler(B3),BidAOBOrderQueue03,filler(A3),AskAOBOrderQueue03,filler(B4),BidAOBOrderQueue04,filler(A4),AskAOBOrderQueue04,filler(B5),BidAOBOrderQueue05,filler(A5),AskAOBOrderQueue05,filler(B6),BidAOBOrderQueue06,filler(A6),AskAOBOrderQueue06,filler(B7),BidAOBOrderQueue07,filler(A7),AskAOBOrderQueue07,filler(B8),BidAOBOrderQueue08,filler(A8),AskAOBOrderQueue08,filler(B9),BidAOBOrderQueue09,filler(A9),AskAOBOrderQueue09,filler(B10),BidAOBOrderQueue10,filler(A10),AskAOBOrderQueue10,filler(Trading State),Trading_State,filler(<space>),filler(<space>)
P1_BrokerQueue,8,N,Broker Queue,filler(BID),filler(<space>),filler(<space>),filler(<space>),filler(ASK),filler(<space>),filler(<space>),filler(<space>),BidBQBrokerID01,BidBQBrokerID12,BidBQBrokerID23,BidBQBrokerID34,AskBQBrokerID01,AskBQBrokerID12,AskBQBrokerID23,AskBQBrokerID34,BidBQBrokerID02,BidBQBrokerID13,BidBQBrokerID24,BidBQBrokerID35,AskBQBrokerID02,AskBQBrokerID13,AskBQBrokerID24,AskBQBrokerID35,BidBQBrokerID03,BidBQBrokerID14,BidBQBrokerID25,BidBQBrokerID36,AskBQBrokerID03,AskBQBrokerID14,AskBQBrokerID25,AskBQBrokerID36,BidBQBrokerID04,BidBQBrokerID15,BidBQBrokerID26,BidBQBrokerID37,AskBQBrokerID04,AskBQBrokerID15,AskBQBrokerID26,AskBQBrokerID37,BidBQBrokerID05,BidBQBrokerID16,BidBQBrokerID27,BidBQBrokerID38,AskBQBrokerID05,AskBQBrokerID16,AskBQBrokerID27,AskBQBrokerID38,BidBQBrokerID06,BidBQBrokerID17,BidBQBrokerID28,BidBQBrokerID39,AskBQBrokerID06,AskBQBrokerID17,AskBQBrokerID28,AskBQBrokerID39,BidBQBrokerID07,BidBQBrokerID18,BidBQBrokerID29,BidBQBrokerID40,AskBQBrokerID07,AskBQBrokerID18,AskBQBrokerID29,AskBQBrokerID40,BidBQBrokerID08,BidBQBrokerID19,BidBQBrokerID30,BidBQBrokerID41,AskBQBrokerID08,AskBQBrokerID19,AskBQBrokerID30,AskBQBrokerID41,BidBQBrokerID09,BidBQBrokerID20,BidBQBrokerID31,filler(<space>),AskBQBrokerID09,AskBQBrokerID20,AskBQBrokerID31,filler(<space>),BidBQBrokerID10,BidBQBrokerID21,BidBQBrokerID32,filler(<space>),AskBQBrokerID10,AskBQBrokerID21,AskBQBrokerID32,filler(<space>),BidBQBrokerID11,BidBQBrokerID22,BidBQBrokerID33,filler(<space>),AskBQBrokerID11,AskBQBrokerID22,AskBQBrokerID33,filler(<space>),filler(Trading State),Trading_State,filler(<space>),filler(<space>),filler(<space>),filler(<space>),filler(<space>),filler(<space>)
P1_Daily_Quota_Balance_Details,6,N,Daily Quota Balance Details,filler(NB-SSE),filler(<space>),filler(<space>),filler(<space>),filler(<space>),filler(<space>),filler(Buy),SCM_NB_SSE_BUY,filler(Sell),SCM_NB_SSE_SELL,filler(Total),SCM_NB_SSE_TOTAL,filler(Daily Quota Balance),SCM_NB_SSE_DQB,SCM_NB_SSE_DQB_TIME,filler(<space>),filler(<space>),filler(<space>),filler(NB-SZSE),filler(<space>),filler(<space>),filler(<space>),filler(<space>),filler(<space>),filler(Buy),SCM_NB_SZSE_BUY,filler(Sell),SCM_NB_SZSE_SELL,filler(Total),SCM_NB_SZSE_TOTAL,filler(Daily Quota Balance),SCM_NB_SZSE_DQB,SCM_NB_SZSE_DQB_TIME,filler(<space>),filler(<space>),filler(<space>),filler(SB-SSE),filler(<space>),filler(<space>),filler(<space>),filler(<space>),filler(<space>),filler(Buy),SCM_SB_SSE_BUY,filler(Sell),SCM_SB_SSE_SELL,filler(Total),SCM_SB_SSE_TOTAL,filler(SB-SZSE),filler(<space>),filler(<space>),filler(<space>),filler(<space>),filler(<space>),filler(Buy),SCM_SB_SZSE_BUY,filler(Sell),SCM_SB_SZSE_SELL,filler(Total),SCM_SB_SZSE_TOTAL
P1_Market_Segment_Details,6,N,Market Segment Details,filler(<space>),filler(MAIN),filler(GEM),filler(NASD),filler(ETS),filler(<space>),filler(Name),MAIN_NAME,GEM_NAME,NASD_NAME,ETS_NAME,filler(<space>),filler(Currency),MAIN_Currency,GEM_Currency,NASD_Currency,ETS_Currency,filler(<space>),filler(Num of Security),MAIN_NO_OF_SECURITY,GEM_NO_OF_SECURITY,NASD_NO_OF_SECURITY,ETS_NO_OF_SECURITY,filler(<space>),filler(Trading Session),MAIN_TRD_Session,GEM_TRD_Session,NASD_TRD_Session,ETS_TRD_Session,filler(<space>),filler(Session Sub ID),MAIN_Session_Sub_ID,GEM_Session_Sub_ID,NASD_Session_Sub_ID,ETS_Session_Sub_ID,filler(<space>),filler(Auto/Manual),MAIN_Auto_Manual,GEM_Auto_Manual,NASD_Auto_Manual,ETS_Auto_Manual,filler(<space>),filler(Session Start),MAIN_Session_Start,GEM_Session_Start,NASD_Session_Start,ETS_Session_Start,filler(<space>),filler(Session End),MAIN_Session_End,GEM_Session_End,NASD_Session_End,ETS_Session_End,filler(<space>),filler(Turnover (Total)),MAIN_Turnover_Total,GEM_Turnover_Total,NASD_Turnover_Total,ETS_Turnover_Total,filler(<space>),filler(Turnover (HKD)),MAIN_Turnover_HKD,GEM_Turnover_HKD,NASD_Turnover_HKD,ETS_Turnover_HKD,filler(<space>),filler(Turnover (CNY)),MAIN_Turnover_CNY,GEM_Turnover_CNY,NASD_Turnover_CNY,ETS_Turnover_CNY,filler(<space>),filler(Turnover (USD)),MAIN_Turnover_USD,GEM_Turnover_USD,NASD_Turnover_USD,ETS_Turnover_USD,filler(<space>),filler(Turnover (EUR)),MAIN_Turnover_EUR,GEM_Turnover_EUR,NASD_Turnover_EUR,ETS_Turnover_EUR,filler(<space>),filler(Turnover (JPY)),MAIN_Turnover_JPY,GEM_Turnover_JPY,NASD_Turnover_JPY,ETS_Turnover_JPY,filler(<space>),filler(Turnover (GBP)),MAIN_Turnover_GBP,GEM_Turnover_GBP,NASD_Turnover_GBP,ETS_Turnover_GBP,filler(<space>),filler(Turnover (CAD)),MAIN_Turnover_CAD,GEM_Turnover_CAD,NASD_Turnover_CAD,ETS_Turnover_CAD,filler(<space>),filler(Turnover (SGD)),MAIN_Turnover_SGD,GEM_Turnover_SGD,NASD_Turnover_SGD,ETS_Turnover_SGD,filler(<space>),filler(Turnover (CNH)),MAIN_Turnover_CNH,GEM_Turnover_CNH,NASD_Turnover_CNH,ETS_Turnover_CNH,filler(<space>)
P1_News,2,N,News,filler(News ID),NewsID00,filler(Cancelled),NewsCancelFlag00,filler(Release Time),NewsRlsTime00,filler(Market),NewsMktCode00,filler(Security Code),NewsSecCode00,filler(Headline),NewsHeadLine00,filler(Content),NewsContent00
P1_Currency,3,N,Currency,filler(Currency),filler(Factor),filler(Exchange Rate),CurrencyCode01,CurrencyFactor01,CurrencyRate01,CurrencyCode02,CurrencyFactor02,CurrencyRate02,CurrencyCode03,CurrencyFactor03,CurrencyRate03,CurrencyCode04,CurrencyFactor04,CurrencyRate04,CurrencyCode05,CurrencyFactor05,CurrencyRate05,CurrencyCode06,CurrencyFactor06,CurrencyRate06,CurrencyCode07,CurrencyFactor07,CurrencyRate07,CurrencyCode08,CurrencyFactor08,CurrencyRate08,CurrencyCode09,CurrencyFactor09,CurrencyRate09
P2_NumOfTrades,4,Y,Number of Trade,Security_Code,Num_of_Trades
P3_Security_Trading_Information,6,Y,Security Trading Information - Odd Lot,Security_Code,Security_Short_Name,Security_Market_Segment,Previous_Close,Lot_Size,Security_Trading_Status,Nominal_Price,Currency,Accrued_Interest,Spread,Trading_State,filler(<space>)
P3_VCM_CAS_Details,4,Y,VCM/CAS Details - Odd Lot,VCM_Reference_Price,CAS_Reference_Price,VCM_Cooling_Off_Period,CAS_Price_Limit,VCM_Price_Limit,CAS_Order_Imbalance,VCM_End_Time,Trading_State
P3_Trades,6,N,Trades - Odd Lot,filler(T1),MTradeTime01,MTradeType01,MTradeQuantity01,MTradePrice01,filler(<space>),filler(T2),MTradeTime02,MTradeType02,MTradeQuantity02,MTradePrice02,filler(<space>),filler(T3),MTradeTime03,MTradeType03,MTradeQuantity03,MTradePrice03,filler(<space>),filler(T4),MTradeTime04,MTradeType04,MTradeQuantity04,MTradePrice04,filler(<space>),filler(T5),MTradeTime05,MTradeType05,MTradeQuantity05,MTradePrice05,filler(<space>),filler(T6),MTradeTime06,MTradeType06,MTradeQuantity06,MTradePrice06,filler(<space>),filler(T7),MTradeTime07,MTradeType07,MTradeQuantity07,MTradePrice07,filler(<space>),filler(T8),MTradeTime08,MTradeType08,MTradeQuantity08,MTradePrice08,filler(<space>),filler(T9),MTradeTime09,MTradeType09,MTradeQuantity09,MTradePrice09,filler(<space>),filler(T10),MTradeTime10,MTradeType10,MTradeQuantity10,MTradePrice10,filler(<space>),filler(T11),MTradeTime11,MTradeType11,MTradeQuantity11,MTradePrice11,filler(<space>),filler(T12),MTradeTime12,MTradeType12,MTradeQuantity12,MTradePrice12,filler(<space>),filler(T13),MTradeTime13,MTradeType13,MTradeQuantity13,MTradePrice13,filler(<space>),filler(T14),MTradeTime14,MTradeType14,MTradeQuantity14,MTradePrice14,filler(<space>),filler(T15),MTradeTime15,MTradeType15,MTradeQuantity15,MTradePrice15,filler(<space>),filler(T16),MTradeTime16,MTradeType16,MTradeQuantity16,MTradePrice16,filler(<space>),filler(T17),MTradeTime17,MTradeType17,MTradeQuantity17,MTradePrice17,filler(<space>),filler(T18),MTradeTime18,MTradeType18,MTradeQuantity18,MTradePrice18,filler(<space>),filler(T19),MTradeTime19,MTradeType19,MTradeQuantity19,MTradePrice19,filler(<space>),filler(T20),MTradeTime20,MTradeType20,MTradeQuantity20,MTradePrice20,filler(<space>),filler(Trading State),Trading_State,filler(<space>),filler(<space>),filler(<space>),filler(<space>)
P3_OddLot_OrderBook,6,N,Order book - Odd Lot,filler(Seq),filler(BID/ASK),filler(PRICE),filler(SHARE),filler(BROKER ID),filler(<space>),filler(B1),filler(BID),BidMOddLotPrice01,BidMOddLotQuantity01,BidMOddLotBrokerID01,filler(<space>),filler(B2),filler(BID),BidMOddLotPrice02,BidMOddLotQuantity02,BidMOddLotBrokerID02,filler(<space>),filler(B3),filler(BID),BidMOddLotPrice03,BidMOddLotQuantity03,BidMOddLotBrokerID03,filler(<space>),filler(B4),filler(BID),BidMOddLotPrice04,BidMOddLotQuantity04,BidMOddLotBrokerID04,filler(<space>),filler(B5),filler(BID),BidMOddLotPrice05,BidMOddLotQuantity05,BidMOddLotBrokerID05,filler(<space>),filler(B6),filler(BID),BidMOddLotPrice06,BidMOddLotQuantity06,BidMOddLotBrokerID06,filler(<space>),filler(B7),filler(BID),BidMOddLotPrice07,BidMOddLotQuantity07,BidMOddLotBrokerID07,filler(<space>),filler(B8),filler(BID),BidMOddLotPrice08,BidMOddLotQuantity08,BidMOddLotBrokerID08,filler(<space>),filler(B9),filler(BID),BidMOddLotPrice09,BidMOddLotQuantity09,BidMOddLotBrokerID09,filler(<space>),filler(B10),filler(BID),BidMOddLotPrice10,BidMOddLotQuantity10,BidMOddLotBrokerID10,filler(<space>),filler(A1),filler(ASK),AskMOddLotPrice01,AskMOddLotQuantity01,AskMOddLotBrokerID01,filler(<space>),filler(A2),filler(ASK),AskMOddLotPrice02,AskMOddLotQuantity02,AskMOddLotBrokerID02,filler(<space>),filler(A3),filler(ASK),AskMOddLotPrice03,AskMOddLotQuantity03,AskMOddLotBrokerID03,filler(<space>),filler(A4),filler(ASK),AskMOddLotPrice04,AskMOddLotQuantity04,AskMOddLotBrokerID04,filler(<space>),filler(A5),filler(ASK),AskMOddLotPrice05,AskMOddLotQuantity05,AskMOddLotBrokerID05,filler(<space>),filler(A6),filler(ASK),AskMOddLotPrice06,AskMOddLotQuantity06,AskMOddLotBrokerID06,filler(<space>),filler(A7),filler(ASK),AskMOddLotPrice07,AskMOddLotQuantity07,AskMOddLotBrokerID07,filler(<space>),filler(A8),filler(ASK),AskMOddLotPrice08,AskMOddLotQuantity08,AskMOddLotBrokerID08,filler(<space>),filler(A9),filler(ASK),AskMOddLotPrice09,AskMOddLotQuantity09,AskMOddLotBrokerID09,filler(<space>),filler(A10),filler(ASK),AskMOddLotPrice10,AskMOddLotQuantity10,AskMOddLotBrokerID10,filler(<space>),filler(Trading State),Trading_State,filler(<space>),filler(<space>),filler(<space>),filler(<space>)
LastBidAsk,4,Y,Last Bid Last Ask,Security_Code,Trading_State,Last_Bid,Last_Ask
P6_Index_Details,13,N,Index Details,filler(Index Code),filler(Spot),filler(Change(%)),filler(High),filler(Low),filler(Open),filler(Close),filler(EAS),filler(Turnover),filler(Volume),filler(Previous Session Close),filler(Index Status),filler(Index Time),IndexCode00,IndexSpot00,IndexChange00,IndexHigh00,IndexLow00,IndexOpen00,IndexClose00,IndexEAS00,IndexTurnover00,IndexVolume00,IndexPrevClose00,IndexStatus00,IndexTime00
P1_MSA,2,Y,MSA,Event_Alert,Mid_Session_Auction
P3_BoardLot_OrderBook,6,N,Order book - Board Lot,filler(Seq),filler(BID/ASK),filler(PRICE),filler(Quantity),filler(Type),filler(<space>),filler(B1),filler(BID),BidBoardLotPrice01,BidBoardLotQuantity01,BidBoardLotType01,filler(<space>),filler(B2),filler(BID),BidBoardLotPrice02,BidBoardLotQuantity02,BidBoardLotType02,filler(<space>),filler(B3),filler(BID),BidBoardLotPrice03,BidBoardLotQuantity03,BidBoardLotType03,filler(<space>),filler(B4),filler(BID),BidBoardLotPrice04,BidBoardLotQuantity04,BidBoardLotType04,filler(<space>),filler(B5),filler(BID),BidBoardLotPrice05,BidBoardLotQuantity05,BidBoardLotType05,filler(<space>),filler(B6),filler(BID),BidBoardLotPrice06,BidBoardLotQuantity06,BidBoardLotType06,filler(<space>),filler(B7),filler(BID),BidBoardLotPrice07,BidBoardLotQuantity07,BidBoardLotType07,filler(<space>),filler(B8),filler(BID),BidBoardLotPrice08,BidBoardLotQuantity08,BidBoardLotType08,filler(<space>),filler(B9),filler(BID),BidBoardLotPrice09,BidBoardLotQuantity09,BidBoardLotType09,filler(<space>),filler(B10),filler(BID),BidBoardLotPrice10,BidBoardLotQuantity10,BidBoardLotType10,filler(<space>),filler(A1),filler(ASK),AskBoardLotPrice01,AskBoardLotQuantity01,AskBoardLotType01,filler(<space>),filler(A2),filler(ASK),AskBoardLotPrice02,AskBoardLotQuantity02,AskBoardLotType02,filler(<space>),filler(A3),filler(ASK),AskBoardLotPrice03,AskBoardLotQuantity03,AskBoardLotType03,filler(<space>),filler(A4),filler(ASK),AskBoardLotPrice04,AskBoardLotQuantity04,AskBoardLotType04,filler(<space>),filler(A5),filler(ASK),AskBoardLotPrice05,AskBoardLotQuantity05,AskBoardLotType05,filler(<space>),filler(A6),filler(ASK),AskBoardLotPrice06,AskBoardLotQuantity06,AskBoardLotType06,filler(<space>),filler(A7),filler(ASK),AskBoardLotPrice07,AskBoardLotQuantity07,AskBoardLotType07,filler(<space>),filler(A8),filler(ASK),AskBoardLotPrice08,AskBoardLotQuantity08,AskBoardLotType08,filler(<space>),filler(A9),filler(ASK),AskBoardLotPrice09,AskBoardLotQuantity09,AskBoardLotType09,filler(<space>),filler(A10),filler(ASK),AskBoardLotPrice10,AskBoardLotQuantity10,AskBoardLotType10,filler(<space>),filler(Trading State),Trading_State,filler(<space>),filler(<space>),filler(<space>),filler(<space>)
