# omd-c client tool product table
# Product Name, Templates
OMDSecuritiesStandard,P1_Security_Trading_Information,P1_Security_Reference_Information,P1_VCM_CAS_Details,P1_Trades,P1_OrderBook,P1_BrokerQueue,P1_Daily_Quota_Balance_Details,P1_Market_Segment_Details,P1_News,P1_Currency,LastBidAsk,P1_MSA
OMDSecuritiesPremium,P2_NumOfTrades,LastBidAsk
OMDSecuritiesFullTick,P3_Security_Trading_Information,P3_VCM_CAS_Details,P3_Trades,P3_OddLot_OrderBook,LastBidAsk,P3_BoardLot_OrderBook
OMDIndex,P6_Index_Details
