LogonResponse,MsgType=102,SessionStatus=(0|5|100)
RetransmissionResponse,MsgType=202,RetransStatus=(0|1|2|100|101)
MarketDefinition,MsgType=10,MarketCode=(MAIN|GEM |NASD|ETS )
SecuirtyDefinition,MsgType=11,InstrumentType=(BOND|EQTY|TRST|WRNT),MarketCode=(MAIN|GEM |NASD|ETS ),SecurityCode=[1..99999],SpreadTableCode=(01|03),VCMFlag=(Y|N),ShortSellFlag=(Y|N),CASFlag=(Y|N),CCASSFlag=(Y|N),DummySecurityFlag=(Y|N),StampDutyFlag=(Y|N),EFNFlag=(Y|N|^$),InvestorType=(R|P| ),CallPutFlag=(C|P|O|^$),Style=(A|E|^$),WarrantType=(N|X| )
LiquidityProvider,MsgType=13,SecurityCode=[1..99999],NoLiquidityProviders=[1..50]
CurrencyRate,MsgType=14,CurrencyCode=(HKD|USD|EUR|JPY|GBP|CAD|SGD|CNY|CNH)
TradingSessionStatus,MsgType=20,MarketCode=(MAIN|GEM |NASD|ETS ),TradingSessionID=(1),TradingSessionSubID=(0|1|2|3|4|5|7|100|101|102|103|104|105|106|107),TradingSesStatus=(0|1|2|3|5|100),TradingSesControlFlag=(0|1)
SecurityStatus,MsgType=21,SecurityCode=[1..99999],SuspensionIndicator=(2|3)
VCMTrigger,MsgType=23,SecurityCode=[1..99999]
AddOrder,MsgType=30,SecurityCode=[1..99999],Side=(0|1),OrderType=(1|2)
ModifyOrder,MsgType=31,SecurityCode=[1..99999],Side=(0|1)
DeleteOrder,MsgType=32,SecurityCode=[1..99999],Side=(0|1)
AddOddLotOrder,MsgType=33,SecurityCode=[1..99999],Side=(0|1)
DeleteOddLotOrder,MsgType=34,SecurityCode=[1..99999],Side=(0|1)
AggregateOrderBookUpdate,MsgType=53,Side=(0|1),UpdateAction=(0|1|2|74)
BrokerQueue,MsgType=54,SecurityCode=[1..99999],ItemCount=[0..40],Side=(1|2),BQMoreFlag=(Y|N),Type=(B|S)
OrderImbalance,MsgType=56,SecurityCode=[1..99999],OrderImbalanceDirection=(N|B|S| )
Trade,MsgType=50,SecurityCode=[1..99999],TrdType=(0|4|22|100|101|102|103|104)
TradeCancel,MsgType=51,SecurityCode=[1..99999]
TradeTicker,MsgType=52,SecurityCode=[1..99999],TrdType=(0|4|22|100|101|102|103),TrdCancelFlag=(Y|N)
ClosingPrice,MsgType=62,SecurityCode=[1..99999]
NominalPrice,MsgType=40,SecurityCode=[1..99999]
IndicativeEquilibriumPrice,MsgType=41,SecurityCode=[1..99999]
ReferencePrice,MsgType=43,SecurityCode=[1..99999]
Statistics,MsgType=60,SecurityCode=[1..99999]
MarketTurnover,MsgType=61,MarketCode=(MAIN|GEM |NASD|ETS )
Yield,MsgType=44,SecurityCode=[1..99999]
News,MsgType=22,NewsType=(EXN|EXC),CancelFlag=(Y|N),LastFragment=(Y|N),NoMarketCodes=[0..4],MarketCode=(MAIN|GEM |NASD|ETS ),NoSecurityCodes=[0..200],SecurityCode=[1..99999]
IndexDefinition,MsgType=70,IndexSource=(C|H|S|T)
IndexData,MsgType=71,IndexStatus=(C|I|O|P|R|S|T)
StockConnectDailyQuotaBalance,MsgType=80,StockConnectMarket=(SH|SZ),TradingDirection=(NB)
StockConnectMarketTurnover,MsgType=81,StockConnectMarket=(SH|SZ),TradingDirection=(NB|SB)
