Index,OMDIndex,1
Securities Standard,OMDSecuritiesStandard,1
Securities Premium,OMDSecuritiesPremium,1
Securities FullTick,OMDSecuritiesFullTick,1
Odd Lot Order,OddLotOrder,1
Conflated Broker Queue,ConflatedBrokerQueue,1
Index Refresh,OMDIndex_refresh,1
Securities Standard Refresh,OMDSecuritiesStandard_refresh,1
Securities Premium Refresh,OMDSecuritiesPremium_refresh,1
Securities FullTick Refresh,OMDSecuritiesFullTick_refresh,1
Odd Lot Order Refresh,OddLotOrder_refresh,1
Conflated Broker Queue Refresh,ConflatedBrokerQueue_refresh,1
Stock Connect Data,StockConnectData,1
MMDH,MMDH,1
