Product,RealtimeChannel,RefreshChannel
Securities Standard,1,501
Securities Standard,2,502
Securities Standard,3,503
Securities Standard,4,504
Securities Standard,10,510
Securities Standard,90,590
Securities Standard,91,591
Securities Standard,92,592
Securities Premium,1,501
Securities Premium,2,502
Securities Premium,3,503
Securities Premium,4,504
Securities Premium,20,520
Securities Premium,21,521
Securities Premium,22,522
Securities Premium,23,523
Securities Premium,24,524
Securities Premium,25,525
Securities Premium,26,526
Securities Premium,27,527
Securities Premium,28,528
Securities Premium,90,590
Securities Premium,91,591
Securities Premium,92,592
Securities FullTick,1,501
Securities FullTick,2,502
Securities FullTick,30,530
Securities FullTick,31,531
Securities FullTick,32,532
Securities FullTick,33,533
Securities FullTick,34,534
Securities FullTick,35,535
Securities FullTick,36,536
Securities FullTick,37,537
Securities FullTick,38,538
Securities FullTick,90,590
Securities FullTick,91,591
Securities FullTick,92,592
Index,41,541
Index,42,542
Index,43,543
Index,44,544
Conflated Broker Queue,60,560
Odd Lot Order,70,570
Odd Lot Order,71,571
Odd Lot Order,72,572
Odd Lot Order,73,573
Odd Lot Order,74,574
Odd Lot Order,75,575
Odd Lot Order,76,576
Odd Lot Order,77,577
Odd Lot Order,78,578
Stock Connect Data,80,580
Stock Connect Data,81,581
MMDH,0,0
