{
    "general" : {
        "iima" : "10.18.108.110:49596",
        "logonoff" : "false", "parallel" : "false", "serial" : "true", "misc" : "false", 
        "multipleproject" : "Y",
        "log_level" : "INFO",
        "comments" : [
            "iima is the location for WABIGAS",
            "batch run only scan files under serial, before folder structure officially changed",
            "log_level could be one of DEBUG INFO WARN ERROR",
            "the naming convension for output json file and pdf file would just stick to the case_id you fulfilled"
        ]
    },

    "fix_related" : {
        "fixproxyport" : "8671",
        "comments" : [
            "pointing to the fixporxy session you've logon"
        ]
    },

    "web_related" : {
        "mode" : "local",
        "browser" : "firefox", 
        "highlight" : "off",
        "comments" : [
            "mode could be local or remote or docker",
            "browser could be firefox or chrome",
            "highlight could be on or off"
        ]
    },

    "omd_related" : {
        "omdc_ip" : "127.0.0.1", 
		"omdd_port" : "6666",
        "omdc_ip" : "127.0.0.1",
        "omdc_port" : "6666",
        "check_missing_package" : "false",
        "continue_case_if_omd_varification_fail" : "true"
    },

    "pdf_related" : {
        "cover_page_subtitle1" : "WABI report",
        "cover_page_title1" : "WABI report",
        "environment_info" : "version=0.2;wabi_version=4.1.10",
        "one_pdf_per_feature_file" : "false",
		"full_length_feature_title" : "true",
        "using_template" : "test-execution-full-report",
        "comments" : [
            "this would influence the pdf generation process",
            "one_pdf_per_feature_file means each feature block in json file would kept in dedicated small pdf, instead of a large one"
        ]
    },
    "environment_variable" : {
        "PATH": "/opt/rh/rh-ruby23/root/usr/bin",
        "PATH": "/opt/rh/rh-ruby23/root/usr/local/bin/",
        "LD_LIBRARY_PATH" : "/opt/rh/rh-ruby23/root/usr/lib64",
        "MANPATH" : "/opt/rh/rh-ruby23/root/usr/share/man",
        "PKG_CONFIG_PATH" : "/opt/rh/rh-ruby23/root/usr/lib64/pkgconfig",
        "XDG_DATA_DIRS" : "/opt/rh/rh-ruby23/root/usr/share",
        "comments" : [
            "at some environment, ruby / WABI was not installed at offical path",
            "thus manually load / update environemnt variable required"
        ]
    }
}