MMDH_Restart_D01_D02_CAS_DC.feature	 HKSymbolG03_5 
MMDH_Restart_D01_D02_CAS_DC.feature	 HKSymbolM08_2 
MMDH_Restart_D01_D02_CAS_DC.feature	 HKSymbolM11 
MMDH_Restart_D01_D02_CAS_DC.feature	 HKSymbolM26 
MMDH_Restart_D01_D02_CAS_DC.feature	 HKSymbolN19_2 
MMDH_Restart_D01_D02_CAS_DC.feature	 QuoteSymbolM02 
MMDH_Restart_D01_D02_CAS_MA.feature	 HKSymbolG03_5 
MMDH_Restart_D01_D02_CAS_MA.feature	 HKSymbolM08_2 
MMDH_Restart_D01_D02_CAS_MA.feature	 HKSymbolM11 
MMDH_Restart_D01_D02_CAS_MA.feature	 HKSymbolM26 
MMDH_Restart_D01_D02_CAS_MA.feature	 HKSymbolN19_2 
MMDH_Restart_D01_D02_CAS_MA.feature	 QuoteSymbolM02 
MMDH_Restart_D01_D02_CAS_NW.feature	 HKSymbolG03_5 
MMDH_Restart_D01_D02_CAS_NW.feature	 HKSymbolM08_2 
MMDH_Restart_D01_D02_CAS_NW.feature	 HKSymbolM11 
MMDH_Restart_D01_D02_CAS_NW.feature	 HKSymbolM26 
MMDH_Restart_D01_D02_CAS_NW.feature	 HKSymbolN19_2 
MMDH_Restart_D01_D02_CAS_NW.feature	 QuoteSymbolM02 
MMDH_Restart_D01_D02_CAS_OI.feature	 HKSymbolG03_5 
MMDH_Restart_D01_D02_CAS_OI.feature	 HKSymbolM08_2 
MMDH_Restart_D01_D02_CAS_OI.feature	 HKSymbolM11 
MMDH_Restart_D01_D02_CAS_OI.feature	 HKSymbolM26 
MMDH_Restart_D01_D02_CAS_OI.feature	 HKSymbolN19_2 
MMDH_Restart_D01_D02_CAS_OI.feature	 QuoteSymbolM02 
MMDH_Restart_D01_D02_CAS_RC.feature	 HKSymbolG03_5 
MMDH_Restart_D01_D02_CAS_RC.feature	 HKSymbolM08_2 
MMDH_Restart_D01_D02_CAS_RC.feature	 HKSymbolM11 
MMDH_Restart_D01_D02_CAS_RC.feature	 HKSymbolM26 
MMDH_Restart_D01_D02_CAS_RC.feature	 HKSymbolN19_2 
MMDH_Restart_D01_D02_CAS_RC.feature	 QuoteSymbolM02 
MMDH_Restart_D01_D02_CAS_RP.feature	 HKSymbolG03_5 
MMDH_Restart_D01_D02_CAS_RP.feature	 HKSymbolM08_2 
MMDH_Restart_D01_D02_CAS_RP.feature	 HKSymbolM11 
MMDH_Restart_D01_D02_CAS_RP.feature	 HKSymbolM26 
MMDH_Restart_D01_D02_CAS_RP.feature	 HKSymbolN19_2 
MMDH_Restart_D01_D02_CAS_RP.feature	 QuoteSymbolM02 
MMDH_Restart_D01_D02_CTS_CT.feature	 HKSymbolG03_5 
MMDH_Restart_D01_D02_CTS_CT.feature	 HKSymbolG06_5 
MMDH_Restart_D01_D02_CTS_CT.feature	 HKSymbolM08_2 
MMDH_Restart_D01_D02_CTS_CT.feature	 HKSymbolM26 
MMDH_Restart_D01_D02_CTS_CT.feature	 HKSymbolN19_2 
MMDH_Restart_D01_D02_CTS_CT.feature	 QuoteSymbolM02 
MMDH_Restart_D01_D02_POS_MA.feature	 HKSymbolM02_5 
MMDH_Restart_D01_D02_POS_MA.feature	 HKSymbolM08_2 
MMDH_Restart_D01_D02_POS_MA.feature	 HKSymbolM26 
MMDH_Restart_D01_D02_POS_MA.feature	 HKSymbolN19_2 
MMDH_Restart_D01_D02_POS_MA.feature	 QuoteSymbolM02 
MMDH_Restart_D01_D02_POS_NC.feature	 HKSymbolM02_5 
MMDH_Restart_D01_D02_POS_NC.feature	 HKSymbolM08_2 
MMDH_Restart_D01_D02_POS_NC.feature	 HKSymbolM26 
MMDH_Restart_D01_D02_POS_NC.feature	 HKSymbolN19_2 
MMDH_Restart_D01_D02_POS_NC.feature	 QuoteSymbolM02 
MMDH_Restart_D01_D02_POS_OI.feature	 HKSymbolM02_5 
MMDH_Restart_D01_D02_POS_OI.feature	 HKSymbolM08_2 
MMDH_Restart_D01_D02_POS_OI.feature	 HKSymbolM26 
MMDH_Restart_D01_D02_POS_OI.feature	 HKSymbolN19_2 
MMDH_Restart_D01_D02_POS_OI.feature	 QuoteSymbolM02 
