ACTION,Effective Date,Security Code,Market Segment ID,Product Group ID,Short Name (Eng),Name (Eng),Chinese Name (Big5),Chinese Name (GB),ISIN Code,Instrument Type,Product Type,Security State,Buy Lot Size,Sell Lot Size,CCASS Indicator,Stamp Duty Indicator,Shortsell Indicator,Opening Rule Applied Indicator,Listing Status Code,Listing Date,De-listing Date,Free Text 1,Free Text 2,Closing Price,Classification,Ceased Trading,Reporting Group,Currency Code,Spread Table Code,Price Limit ID,VCM Param ID,CAS Param ID,Fee Group ID,Short Sell Grp ID,Future Dividend Date,Future Dividend,Coupon Rate,BND-EFN Indicator,Face Value per Trading Lot,Face Value Currency,Investor Type,Maturity Date,Underlying Type,Underlying Security Code,Underlying Index,MCE Enabled,Call Price,Conversion Ratio,Strike Price 1,Strike Price 2,Call/Put Option,American/Euro Style,Exotic,Entitlement,Number of warrant per entitlement,Expiry Date
MODIFY,20190329,30001,MAIN,1,CHEUNG KONG                             ,,AAF8A6BFB9EAB77DA140A140A140A140A140A140A140A140A140A140A140,B3A4BDADCAB5D2B5A1A1A1A1A1A1A1A1A1A1A1A1A1A1A1A1A1A1A1A1A1A1,HK0001000014,EQTY,1,A,1000,1000,Y,Y,Y,Y,L,19870516,,,,0,1,N,1,HKD,1,0,1,1,1,1,,,,,,,,,,,,,,,,,,,,,,
MODIFY,20190329,30002,MAIN,1,CLP HOLDINGS                            ,,C07CB0AAACFCB6B0B9CEA140A140A140A140A140A140A140A140A140A140,879FB8DFC3C0BCAFCDC5A1A1A1A1A1A1A1A1A1A1A1A1A1A1A1A1A1A1A1A1,HK0002007356,EQTY,1,A,1000,1000,Y,Y,Y,Y,L,19000101,,,,0.01,1,N,1,HKD,1,0,1,1,1,1,,,,,,,,,,,,,,,,,,,,,,
MODIFY,20190329,30003,MAIN,1,HK & CHINA GAS                          ,,C07CB0AAACFCB6B0B9CEA140A140A140A140A140A140A140A140A140A140,B3A2B8DFC3C0BCAFCDC5A1A1A1A1A1A1A1A1A1A1A1A1A1A1A1A1A1A1A1A1,HK0003000038,EQTY,1,A,1000,1000,Y,Y,Y,Y,L,19000101,,,,0.13,1,N,1,HKD,1,0,1,1,1,1,,,,,,,,,,,,,,,,,,,,,,
MODIFY,20190329,30004,MAIN,1,WHARF HOLDINGS                          ,,A140A140A140A140A140A140A140A140A140A140A140A140A140A140A140,A1A1A1A1A1A1A1A1A1A1A1A1A1A1A1A1A1A1A1A1A1A1A1A1A1A1A1A1A1A1,HK0004000045,EQTY,1,A,1000,1000,Y,Y,Y,Y,L,19000101,,,,0.25,1,N,1,USD,1,0,1,1,1,1,,,,,,,,,,,,,,,,,,,,,,
MODIFY,20190329,30005,MAIN,1,HSBC HOLDINGS                           ,,A140A140A140A140A140A140A140A140A140A140A140A140A140A140A140,A1A1A1A1A1A1A1A1A1A1A1A1A1A1A1A1A1A1A1A1A1A1A1A1A1A1A1A1A1A1,GB0005405286,EQTY,1,A,1000,1000,Y,N,Y,Y,L,19960710,20130508,,,0.375,2,N,1,USD,1,0,1,1,1,1,,,,,,,,,,,,,,,,,,,,,,
MODIFY,20190329,30006,MAIN,1,POWER ASSETS                            ,,A140A140A140A140A140A140A140A140A140A140A140A140A140A140A140,A1A1A1A1A1A1A1A1A1A1A1A1A1A1A1A1A1A1A1A1A1A1A1A1A1A1A1A1A1A1,HK0006000050,EQTY,1,A,10000,10000,Y,Y,Y,Y,L,19000101,,,,0.5,1,N,1,USD,1,0,1,1,1,1,,,,,,,,,,,,,,,,,,,,,,
MODIFY,20190329,30007,MAIN,1,PCCW                                    ,,A140A140A140A140A140A140A140A140A140A140A140A140A140A140A140,A1A1A1A1A1A1A1A1A1A1A1A1A1A1A1A1A1A1A1A1A1A1A1A1A1A1A1A1A1A1,HK0008011667,EQTY,1,A,1000,1000,Y,Y,Y,Y,L,19941018,,,,10,1,N,1,EUR,1,0,1,1,1,1,,,,,,,,,,,,,,,,,,,,,,
MODIFY,20190329,30008,MAIN,1,HANG SENG BANK                          ,,A140A140A140A140A140A140A140A140A140A140A140A140A140A140A140,A1A1A1A1A1A1A1A1A1A1A1A1A1A1A1A1A1A1A1A1A1A1A1A1A1A1A1A1A1A1,HK0011000095,EQTY,1,A,1000,1000,Y,Y,Y,Y,L,19720620,,,,20,1,N,1,JPY,1,0,1,1,1,1,,,,,,,,,,,,,,,,,,,,,,
MODIFY,20190329,30009,MAIN,1,HENDERSON LAND                          ,,A140A140A140A140A140A140A140A140A140A140A140A140A140A140A140,A1A1A1A1A1A1A1A1A1A1A1A1A1A1A1A1A1A1A1A1A1A1A1A1A1A1A1A1A1A1,HK0012000102,EQTY,1,A,1000,1000,Y,Y,Y,Y,L,19810723,,,,60,1,N,1,JPY,1,0,1,1,1,1,,,,,,,,,,,,,,,,,,,,,,
MODIFY,20190329,30010,MAIN,1,HYSAN DEV                               ,,A140A140A140A140A140A140A140A140A140A140A140A140A140A140A140,A1A1A1A1A1A1A1A1A1A1A1A1A1A1A1A1A1A1A1A1A1A1A1A1A1A1A1A1A1A1,HK0014000126,EQTY,1,A,1000,1000,Y,Y,Y,Y,L,19810918,,,,150,1,N,1,GBP,1,0,1,1,1,1,,,,,,,,,,,,,,,,,,,,,,
MODIFY,20190329,30011,MAIN,1,CHEVALIER INT'L                         ,,A140A140A140A140A140A140A140A140A140A140A140A140A140A140A140,A1A1A1A1A1A1A1A1A1A1A1A1A1A1A1A1A1A1A1A1A1A1A1A1A1A1A1A1A1A1,BMG2097Z1471,EQTY,1,A,1000,1000,Y,Y,Y,N,L,19841205,,,,9995,1,N,1,CNY,1,0,1,1,1,1,,,,,,,,,,,,,,,,,,,,,,
MODIFY,20190329,30012,MAIN,1,TEST M1-2                               ,,A140A140A140A140A140A140A140A140A140A140A140A140A140A140A140,A1A1A1A1A1A1A1A1A1A1A1A1A1A1A1A1A1A1A1A1A1A1A1A1A1A1A1A1A1A1,,EQTY,1,A,1000,1000,N,N,Y,Y,L,20161103,,,,0,1,N,1,HKD,1,0,1,1,1,1,,,,,,,,,,,,,,,,,,,,,,
MODIFY,20190329,30013,MAIN,1,TEST M2-2                               ,,A140A140A140A140A140A140A140A140A140A140A140A140A140A140A140,A1A1A1A1A1A1A1A1A1A1A1A1A1A1A1A1A1A1A1A1A1A1A1A1A1A1A1A1A1A1,,EQTY,1,A,1000,1000,N,N,Y,Y,L,20161103,,,,0.01,1,N,1,HKD,1,0,1,1,1,1,,,,,,,,,,,,,,,,,,,,,,
MODIFY,20190329,30014,MAIN,1,TEST M3-2                               ,,A140A140A140A140A140A140A140A140A140A140A140A140A140A140A140,A1A1A1A1A1A1A1A1A1A1A1A1A1A1A1A1A1A1A1A1A1A1A1A1A1A1A1A1A1A1,,EQTY,1,A,1000,1000,N,N,Y,Y,L,20161103,,,,0.13,1,N,1,HKD,1,0,0,1,1,1,,,,,,,,,,,,,,,,,,,,,,
MODIFY,20190329,30015,MAIN,1,TEST M4-2                               ,,A140A140A140A140A140A140A140A140A140A140A140A140A140A140A140,A1A1A1A1A1A1A1A1A1A1A1A1A1A1A1A1A1A1A1A1A1A1A1A1A1A1A1A1A1A1,,EQTY,1,A,1000,1000,N,N,Y,Y,L,20161103,,,,0.25,1,N,1,USD,1,0,1,1,1,1,,,,,,,,,,,,,,,,,,,,,,
MODIFY,20190329,30016,MAIN,1,TEST M5-2                               ,,A140A140A140A140A140A140A140A140A140A140A140A140A140A140A140,A1A1A1A1A1A1A1A1A1A1A1A1A1A1A1A1A1A1A1A1A1A1A1A1A1A1A1A1A1A1,,EQTY,1,A,1000,1000,N,N,Y,Y,L,20161103,,,,0.375,1,N,1,USD,1,0,1,1,1,1,,,,,,,,,,,,,,,,,,,,,,
MODIFY,20190329,30017,MAIN,1,TEST M7-2                               ,,A140A140A140A140A140A140A140A140A140A140A140A140A140A140A140,A1A1A1A1A1A1A1A1A1A1A1A1A1A1A1A1A1A1A1A1A1A1A1A1A1A1A1A1A1A1,,EQTY,1,A,100000,100000,N,N,Y,Y,L,20161103,,,,5.2,1,N,1,EUR,1,0,1,0,1,1,,,,,,,,,,,,,,,,,,,,,,
MODIFY,20190329,30018,MAIN,1,TEST M8-2                               ,,A140A140A140A140A140A140A140A140A140A140A140A140A140A140A140,A1A1A1A1A1A1A1A1A1A1A1A1A1A1A1A1A1A1A1A1A1A1A1A1A1A1A1A1A1A1,,EQTY,1,A,1000,1000,N,N,Y,Y,L,20161103,,,,10,1,N,1,EUR,1,0,1,1,1,1,,,,,,,,,,,,,,,,,,,,,,
MODIFY,20190329,30019,MAIN,1,TEST M9-2                               ,,A140A140A140A140A140A140A140A140A140A140A140A140A140A140A140,A1A1A1A1A1A1A1A1A1A1A1A1A1A1A1A1A1A1A1A1A1A1A1A1A1A1A1A1A1A1,,EQTY,1,A,1000,1000,N,N,Y,Y,L,20161103,,,,15,1,N,1,EUR,1,0,1,0,1,1,,,,,,,,,,,,,,,,,,,,,,
MODIFY,20190329,30020,MAIN,1,TEST M11-2                              ,,A140A140A140A140A140A140A140A140A140A140A140A140A140A140A140,A1A1A1A1A1A1A1A1A1A1A1A1A1A1A1A1A1A1A1A1A1A1A1A1A1A1A1A1A1A1,,EQTY,1,A,1000,1000,N,N,Y,Y,L,20161103,,,,60,1,N,1,JPY,1,0,1,1,1,1,,,,,,,,,,,,,,,,,,,,,,
MODIFY,20190329,30021,MAIN,1,TEST M12-2                              ,,A140A140A140A140A140A140A140A140A140A140A140A140A140A140A140,A1A1A1A1A1A1A1A1A1A1A1A1A1A1A1A1A1A1A1A1A1A1A1A1A1A1A1A1A1A1,,EQTY,1,A,1000,1000,N,N,Y,Y,L,20161103,,,,100,1,N,1,JPY,1,0,1,1,1,1,,,,,,,,,,,,,,,,,,,,,,
MODIFY,20190329,30022,MAIN,1,TEST M13-2                              ,,A140A140A140A140A140A140A140A140A140A140A140A140A140A140A140,A1A1A1A1A1A1A1A1A1A1A1A1A1A1A1A1A1A1A1A1A1A1A1A1A1A1A1A1A1A1,,EQTY,1,A,1000,1000,N,N,Y,Y,L,20161103,,,,150,1,N,1,GBP,1,0,1,1,1,1,,,,,,,,,,,,,,,,,,,,,,
MODIFY,20190329,30023,MAIN,1,TEST M15-2                              ,,A140A140A140A140A140A140A140A140A140A140A140A140A140A140A140,A1A1A1A1A1A1A1A1A1A1A1A1A1A1A1A1A1A1A1A1A1A1A1A1A1A1A1A1A1A1,,EQTY,1,A,1000,1000,N,N,Y,Y,L,20161103,,,,350,1,N,1,GBP,1,0,1,1,1,1,,,,,,,,,,,,,,,,,,,,,,
MODIFY,20190329,30024,MAIN,1,TEST M17-2                              ,,A140A140A140A140A140A140A140A140A140A140A140A140A140A140A140,A1A1A1A1A1A1A1A1A1A1A1A1A1A1A1A1A1A1A1A1A1A1A1A1A1A1A1A1A1A1,,EQTY,1,A,1000,1000,N,N,Y,Y,L,20161103,,,,750,1,N,1,CAD,1,0,1,1,1,1,,,,,,,,,,,,,,,,,,,,,,
MODIFY,20190329,30025,MAIN,1,TEST M18-2                              ,,A140A140A140A140A140A140A140A140A140A140A140A140A140A140A140,A1A1A1A1A1A1A1A1A1A1A1A1A1A1A1A1A1A1A1A1A1A1A1A1A1A1A1A1A1A1,,EQTY,1,A,1000,1000,N,N,Y,N,L,20161103,,,,1000,1,N,1,CAD,1,0,1,1,1,1,,,,,,,,,,,,,,,,,,,,,,
MODIFY,20190329,30026,MAIN,1,TEST M19-2                              ,,A140A140A140A140A140A140A140A140A140A140A140A140A140A140A140,A1A1A1A1A1A1A1A1A1A1A1A1A1A1A1A1A1A1A1A1A1A1A1A1A1A1A1A1A1A1,,EQTY,1,A,1000,1000,N,N,Y,Y,L,20161103,,,,1500,1,N,1,SGD,1,0,1,1,1,1,,,,,,,,,,,,,,,,,,,,,,
MODIFY,20190329,30027,MAIN,1,TEST M20-2                              ,,A140A140A140A140A140A140A140A140A140A140A140A140A140A140A140,A1A1A1A1A1A1A1A1A1A1A1A1A1A1A1A1A1A1A1A1A1A1A1A1A1A1A1A1A1A1,,EQTY,1,A,1000,1000,N,N,Y,N,L,20161103,,,,2000,1,N,1,SGD,1,0,1,1,1,1,,,,,,,,,,,,,,,,,,,,,,
MODIFY,20190329,30028,MAIN,1,TEST M21-2                              ,,A140A140A140A140A140A140A140A140A140A140A140A140A140A140A140,A1A1A1A1A1A1A1A1A1A1A1A1A1A1A1A1A1A1A1A1A1A1A1A1A1A1A1A1A1A1,,EQTY,1,A,1000,1000,N,N,Y,N,L,20161103,,,,3500,1,N,1,SGD,1,0,1,1,1,1,,,,,,,,,,,,,,,,,,,,,,
MODIFY,20190329,30029,MAIN,1,TEST M2-3                               ,,A140A140A140A140A140A140A140A140A140A140A140A140A140A140A140,A1A1A1A1A1A1A1A1A1A1A1A1A1A1A1A1A1A1A1A1A1A1A1A1A1A1A1A1A1A1,,EQTY,1,A,1000,1000,N,N,Y,Y,L,20161103,,,,0.01,1,N,1,HKD,1,0,1,1,1,1,,,,,,,,,,,,,,,,,,,,,,
MODIFY,20190329,30030,MAIN,1,TEST M3-3                               ,,A140A140A140A140A140A140A140A140A140A140A140A140A140A140A140,A1A1A1A1A1A1A1A1A1A1A1A1A1A1A1A1A1A1A1A1A1A1A1A1A1A1A1A1A1A1,,EQTY,1,A,1000,1000,N,N,Y,Y,L,20161103,,,,0.13,1,N,1,HKD,1,0,1,1,1,1,,,,,,,,,,,,,,,,,,,,,,
MODIFY,20190329,30031,MAIN,1,TEST M5-3                               ,,A140A140A140A140A140A140A140A140A140A140A140A140A140A140A140,A1A1A1A1A1A1A1A1A1A1A1A1A1A1A1A1A1A1A1A1A1A1A1A1A1A1A1A1A1A1,,EQTY,1,A,1000,1000,N,N,Y,Y,L,20161103,,,,0.375,1,N,1,USD,1,0,1,1,1,1,,,,,,,,,,,,,,,,,,,,,,
MODIFY,20190329,30032,MAIN,1,TEST M8-3                               ,,A140A140A140A140A140A140A140A140A140A140A140A140A140A140A140,A1A1A1A1A1A1A1A1A1A1A1A1A1A1A1A1A1A1A1A1A1A1A1A1A1A1A1A1A1A1,,EQTY,1,A,1000,1000,N,N,Y,Y,L,20161103,,,,0.13,1,N,1,EUR,1,0,1,1,1,1,,,,,,,,,,,,,,,,,,,,,,
MODIFY,20190329,30033,MAIN,1,TEST M9-3                               ,,A140A140A140A140A140A140A140A140A140A140A140A140A140A140A140,A1A1A1A1A1A1A1A1A1A1A1A1A1A1A1A1A1A1A1A1A1A1A1A1A1A1A1A1A1A1,,EQTY,1,A,1000,1000,N,N,Y,Y,L,20161103,,,,15,1,N,1,EUR,1,0,1,1,1,1,,,,,,,,,,,,,,,,,,,,,,
MODIFY,20190329,30034,MAIN,1,TEST M13-3                              ,,A140A140A140A140A140A140A140A140A140A140A140A140A140A140A140,A1A1A1A1A1A1A1A1A1A1A1A1A1A1A1A1A1A1A1A1A1A1A1A1A1A1A1A1A1A1,,EQTY,1,A,1000,1000,N,N,Y,Y,L,20161103,,,,150,1,N,1,GBP,1,0,0,1,1,1,,,,,,,,,,,,,,,,,,,,,,
MODIFY,20190329,30035,MAIN,1,TEST M14-3                              ,,A140A140A140A140A140A140A140A140A140A140A140A140A140A140A140,A1A1A1A1A1A1A1A1A1A1A1A1A1A1A1A1A1A1A1A1A1A1A1A1A1A1A1A1A1A1,,EQTY,1,A,1000,1000,N,N,Y,Y,L,20161103,,,,200,1,N,1,GBP,1,0,1,1,1,1,,,,,,,,,,,,,,,,,,,,,,
MODIFY,20190329,30036,MAIN,1,TEST M16-3                              ,,A140A140A140A140A140A140A140A140A140A140A140A140A140A140A140,A1A1A1A1A1A1A1A1A1A1A1A1A1A1A1A1A1A1A1A1A1A1A1A1A1A1A1A1A1A1,,EQTY,1,A,1000,1000,N,N,Y,Y,L,20161103,,,,500,1,N,1,CAD,1,0,1,1,1,1,,,,,,,,,,,,,,,,,,,,,,
MODIFY,20190329,30037,MAIN,1,TEST M23-3                              ,,A140A140A140A140A140A140A140A140A140A140A140A140A140A140A140,A1A1A1A1A1A1A1A1A1A1A1A1A1A1A1A1A1A1A1A1A1A1A1A1A1A1A1A1A1A1,,EQTY,1,A,1000,1000,N,N,Y,Y,L,20161103,,,,7500,1,N,1,CNY,1,0,1,1,1,1,,,,,,,,,,,,,,,,,,,,,,
MODIFY,20190329,30038,MAIN,1,TEST M2-5,,A140A140A140A140A140A140A140A140A140A140A140A140A140A140A140,A1A1A1A1A1A1A1A1A1A1A1A1A1A1A1A1A1A1A1A1A1A1A1A1A1A1A1A1A1A1,,EQTY,1,A,1000,1000,N,N,Y,Y,L,20161103,,,,0.01,1,N,1,HKD,1,0,1,1,1,1,,,,,,,,,,,,,,,,,,,,,,
MODIFY,20190329,30039,MAIN,1,TEST M3-5,,A140A140A140A140A140A140A140A140A140A140A140A140A140A140A140,A1A1A1A1A1A1A1A1A1A1A1A1A1A1A1A1A1A1A1A1A1A1A1A1A1A1A1A1A1A1,,EQTY,1,A,1000,1000,N,N,Y,Y,L,20161103,,,,0.13,1,N,1,HKD,1,0,1,1,1,1,,,,,,,,,,,,,,,,,,,,,,
MODIFY,20190329,30040,MAIN,1,TEST M4-5,,A140A140A140A140A140A140A140A140A140A140A140A140A140A140A140,A1A1A1A1A1A1A1A1A1A1A1A1A1A1A1A1A1A1A1A1A1A1A1A1A1A1A1A1A1A1,,EQTY,1,A,1000,1000,N,N,Y,Y,L,20161103,,,,0.25,1,N,1,USD,1,0,0,1,1,1,,,,,,,,,,,,,,,,,,,,,,
MODIFY,20190329,30041,MAIN,1,TEST M2-4,,A140A140A140A140A140A140A140A140A140A140A140A140A140A140A140,A1A1A1A1A1A1A1A1A1A1A1A1A1A1A1A1A1A1A1A1A1A1A1A1A1A1A1A1A1A1,,EQTY,1,A,1000,1000,N,N,Y,Y,L,20161103,,,,0.01,1,N,1,HKD,1,0,1,1,1,1,,,,,,,,,,,,,,,,,,,,,,
MODIFY,20190329,30042,MAIN,1,TEST M9-4,,A140A140A140A140A140A140A140A140A140A140A140A140A140A140A140,A1A1A1A1A1A1A1A1A1A1A1A1A1A1A1A1A1A1A1A1A1A1A1A1A1A1A1A1A1A1,,EQTY,1,A,1000,1000,N,N,Y,Y,L,20161103,,,,15,1,N,1,EUR,1,0,1,1,1,1,,,,,,,,,,,,,,,,,,,,,,
MODIFY,20190329,30043,GEM,2,TEST G2-3,,A140A140A140A140A140A140A140A140A140A140A140A140A140A140A140,A1A1A1A1A1A1A1A1A1A1A1A1A1A1A1A1A1A1A1A1A1A1A1A1A1A1A1A1A1A1,,EQTY,1,A,1000,1000,N,N,Y,Y,L,20161103,,,,0.01,1,N,1,HKD,1,0,1,1,1,1,,,,,,,,,,,,,,,,,,,,,,
MODIFY,20190329,30044,GEM,2,TEST G24-3,,A140A140A140A140A140A140A140A140A140A140A140A140A140A140A140,A1A1A1A1A1A1A1A1A1A1A1A1A1A1A1A1A1A1A1A1A1A1A1A1A1A1A1A1A1A1,,EQTY,1,A,1000,1000,N,N,Y,Y,L,20161103,,,,9995,1,N,1,CNY,1,0,1,1,1,1,,,,,,,,,,,,,,,,,,,,,,
MODIFY,20190329,30045,GEM,2,TEST G2-4,,A140A140A140A140A140A140A140A140A140A140A140A140A140A140A140,A1A1A1A1A1A1A1A1A1A1A1A1A1A1A1A1A1A1A1A1A1A1A1A1A1A1A1A1A1A1,,EQTY,1,A,1000,1000,N,N,Y,Y,L,20161103,,,,0.01,1,N,1,HKD,1,0,0,1,1,1,,,,,,,,,,,,,,,,,,,,,,
MODIFY,20190329,30046,GEM,2,TEST G2-5,,A140A140A140A140A140A140A140A140A140A140A140A140A140A140A140,A1A1A1A1A1A1A1A1A1A1A1A1A1A1A1A1A1A1A1A1A1A1A1A1A1A1A1A1A1A1,,EQTY,1,A,1000,1000,N,N,Y,Y,L,20161103,,,,0.01,1,N,1,HKD,1,0,1,1,1,1,,,,,,,,,,,,,,,,,,,,,,
MODIFY,20190329,30047,GEM,2,TEST G10-5,,A140A140A140A140A140A140A140A140A140A140A140A140A140A140A140,A1A1A1A1A1A1A1A1A1A1A1A1A1A1A1A1A1A1A1A1A1A1A1A1A1A1A1A1A1A1,,EQTY,1,A,1000,1000,N,N,Y,Y,L,20161103,,,,20,1,N,1,JPY,1,0,1,1,1,1,,,,,,,,,,,,,,,,,,,,,,
MODIFY,20190329,30048,GEM,2,TEST G11-5,,A140A140A140A140A140A140A140A140A140A140A140A140A140A140A140,A1A1A1A1A1A1A1A1A1A1A1A1A1A1A1A1A1A1A1A1A1A1A1A1A1A1A1A1A1A1,,EQTY,1,A,1000,1000,N,N,Y,Y,L,20161103,,,,60,1,N,1,JPY,1,0,1,1,1,1,,,,,,,,,,,,,,,,,,,,,,
MODIFY,20190329,30049,GEM,2,TEST G14-5,,A140A140A140A140A140A140A140A140A140A140A140A140A140A140A140,A1A1A1A1A1A1A1A1A1A1A1A1A1A1A1A1A1A1A1A1A1A1A1A1A1A1A1A1A1A1,,EQTY,1,A,1000,1000,N,N,Y,Y,L,20161103,,,,200,1,N,1,GBP,1,0,1,1,1,1,,,,,,,,,,,,,,,,,,,,,,
MODIFY,20190329,30050,GEM,2,CLP HOLDINGS                            ,,A140A140A140A140A140A140A140A140A140A140A140A140A140A140A140,A1A1A1A1A1A1A1A1A1A1A1A1A1A1A1A1A1A1A1A1A1A1A1A1A1A1A1A1A1A1,HK0002007356,EQTY,1,A,1000,1000,N,N,Y,Y,L,20161103,,,,0.01,1,N,1,HKD,1,0,1,1,1,1,,,,,,,,,,,,,,,,,,,,,,
MODIFY,20190329,30051,GEM,2,HK & CHINA GAS                          ,,A140A140A140A140A140A140A140A140A140A140A140A140A140A140A140,A1A1A1A1A1A1A1A1A1A1A1A1A1A1A1A1A1A1A1A1A1A1A1A1A1A1A1A1A1A1,HK0003000038,EQTY,1,A,1000,1000,N,N,Y,Y,L,20161103,,,,0.13,1,N,1,HKD,1,0,1,1,1,1,,,,,,,,,,,,,,,,,,,,,,
MODIFY,20190329,30052,GEM,2,WHARF HOLDINGS                          ,,A140A140A140A140A140A140A140A140A140A140A140A140A140A140A140,A1A1A1A1A1A1A1A1A1A1A1A1A1A1A1A1A1A1A1A1A1A1A1A1A1A1A1A1A1A1,HK0004000045,EQTY,1,A,1000,1000,N,N,Y,Y,L,20161103,,,,0.25,1,N,1,USD,1,0,1,1,1,1,,,,,,,,,,,,,,,,,,,,,,
MODIFY,20190329,30053,GEM,2,HSBC HOLDINGS                           ,,A140A140A140A140A140A140A140A140A140A140A140A140A140A140A140,A1A1A1A1A1A1A1A1A1A1A1A1A1A1A1A1A1A1A1A1A1A1A1A1A1A1A1A1A1A1,GB0005405286,EQTY,1,A,1000,1000,N,N,Y,Y,L,20161103,,,,0.375,1,N,1,USD,1,0,1,1,1,1,,,,,,,,,,,,,,,,,,,,,,
MODIFY,20190329,30054,GEM,2,POWER ASSETS                            ,,A140A140A140A140A140A140A140A140A140A140A140A140A140A140A140,A1A1A1A1A1A1A1A1A1A1A1A1A1A1A1A1A1A1A1A1A1A1A1A1A1A1A1A1A1A1,HK0006000050,EQTY,1,A,10000,10000,N,N,Y,Y,L,20161103,,,,0.5,1,N,1,USD,1,0,1,1,1,1,,,,,,,,,,,,,,,,,,,,,,
MODIFY,20190329,30055,GEM,2,KARL THOMSON                            ,,A140A140A140A140A140A140A140A140A140A140A140A140A140A140A140,A1A1A1A1A1A1A1A1A1A1A1A1A1A1A1A1A1A1A1A1A1A1A1A1A1A1A1A1A1A1,BMG5215E1021,EQTY,1,A,100000,100000,N,N,Y,Y,L,20161103,,,,5.2,1,N,1,EUR,1,0,1,1,1,1,,,,,,,,,,,,,,,,,,,,,,
MODIFY,20190329,30056,GEM,2,PCCW                                    ,,A140A140A140A140A140A140A140A140A140A140A140A140A140A140A140,A1A1A1A1A1A1A1A1A1A1A1A1A1A1A1A1A1A1A1A1A1A1A1A1A1A1A1A1A1A1,HK0008011667,EQTY,1,A,1000,1000,N,N,Y,Y,L,20161103,,,,10,1,N,1,EUR,1,0,1,1,1,1,,,,,,,,,,,,,,,,,,,,,,
MODIFY,20190329,30057,GEM,2,HANG LUNG GROUP                         ,,A140A140A140A140A140A140A140A140A140A140A140A140A140A140A140,A1A1A1A1A1A1A1A1A1A1A1A1A1A1A1A1A1A1A1A1A1A1A1A1A1A1A1A1A1A1,HK0010000088,EQTY,1,A,1000,1000,N,N,Y,Y,L,20161103,,,,15,1,N,1,EUR,1,0,1,1,1,1,,,,,,,,,,,,,,,,,,,,,,
MODIFY,20190329,30058,GEM,2,HANG SENG BANK                          ,,A140A140A140A140A140A140A140A140A140A140A140A140A140A140A140,A1A1A1A1A1A1A1A1A1A1A1A1A1A1A1A1A1A1A1A1A1A1A1A1A1A1A1A1A1A1,HK0011000095,EQTY,1,A,1000,1000,N,N,Y,Y,L,20161103,,,,20,1,N,1,JPY,1,0,1,1,1,1,,,,,,,,,,,,,,,,,,,,,,
MODIFY,20190329,30059,GEM,2,HENDERSON LAND                          ,,A140A140A140A140A140A140A140A140A140A140A140A140A140A140A140,A1A1A1A1A1A1A1A1A1A1A1A1A1A1A1A1A1A1A1A1A1A1A1A1A1A1A1A1A1A1,HK0012000102,EQTY,1,A,1000,1000,N,N,Y,Y,L,20161103,,,,60,1,N,1,JPY,1,0,1,1,1,1,,,,,,,,,,,,,,,,,,,,,,
MODIFY,20190329,30060,GEM,2,HYSAN DEV                               ,,A140A140A140A140A140A140A140A140A140A140A140A140A140A140A140,A1A1A1A1A1A1A1A1A1A1A1A1A1A1A1A1A1A1A1A1A1A1A1A1A1A1A1A1A1A1,HK0014000126,EQTY,1,A,1000,1000,N,N,Y,Y,L,20161103,,,,150,1,N,1,GBP,1,0,1,1,1,1,,,,,,,,,,,,,,,,,,,,,,
MODIFY,20190329,30061,GEM,2,VANTAGE INT                             ,,A140A140A140A140A140A140A140A140A140A140A140A140A140A140A140,A1A1A1A1A1A1A1A1A1A1A1A1A1A1A1A1A1A1A1A1A1A1A1A1A1A1A1A1A1A1,BMG932121434,EQTY,1,A,1000,1000,N,N,Y,Y,L,20161103,,,,200,1,N,1,GBP,1,0,1,1,1,1,,,,,,,,,,,,,,,,,,,,,,
MODIFY,20190329,30062,GEM,2,SHK PPT                                 ,,A140A140A140A140A140A140A140A140A140A140A140A140A140A140A140,A1A1A1A1A1A1A1A1A1A1A1A1A1A1A1A1A1A1A1A1A1A1A1A1A1A1A1A1A1A1,HK0016000132,EQTY,1,A,1000,1000,N,N,Y,Y,L,20161103,,,,350,1,N,1,GBP,1,0,1,1,1,1,,,,,,,,,,,,,,,,,,,,,,
MODIFY,20190329,30063,GEM,2,NEW WORLD DEV                           ,,A140A140A140A140A140A140A140A140A140A140A140A140A140A140A140,A1A1A1A1A1A1A1A1A1A1A1A1A1A1A1A1A1A1A1A1A1A1A1A1A1A1A1A1A1A1,HK0017000149,EQTY,1,A,1000,1000,N,N,Y,Y,L,20161103,,,,500,1,N,1,CAD,1,0,1,1,1,1,,,,,,,,,,,,,,,,,,,,,,
MODIFY,20190329,30064,GEM,2,ORIENTAL PRESS                          ,,A140A140A140A140A140A140A140A140A140A140A140A140A140A140A140,A1A1A1A1A1A1A1A1A1A1A1A1A1A1A1A1A1A1A1A1A1A1A1A1A1A1A1A1A1A1,HK0018000155,EQTY,1,A,1000,1000,N,N,Y,Y,L,20161103,,,,750,1,N,1,CAD,1,0,1,1,1,1,,,,,,,,,,,,,,,,,,,,,,
MODIFY,20190329,30065,GEM,2,SWIRE PACIFIC A                         ,,A140A140A140A140A140A140A140A140A140A140A140A140A140A140A140,A1A1A1A1A1A1A1A1A1A1A1A1A1A1A1A1A1A1A1A1A1A1A1A1A1A1A1A1A1A1,HK0019000162,EQTY,1,A,1000,1000,N,N,Y,Y,L,20161103,,,,1000,1,N,1,CAD,1,0,1,1,1,1,,,,,,,,,,,,,,,,,,,,,,
MODIFY,20190329,30066,GEM,2,WHEELOCK                                ,,A140A140A140A140A140A140A140A140A140A140A140A140A140A140A140,A1A1A1A1A1A1A1A1A1A1A1A1A1A1A1A1A1A1A1A1A1A1A1A1A1A1A1A1A1A1,HK0020000177,EQTY,1,A,1000,1000,N,N,Y,Y,L,20161103,,,,1500,1,N,1,SGD,1,0,1,1,1,1,,,,,,,,,,,,,,,,,,,,,,
MODIFY,20190329,30067,GEM,2,WAYTUNG GLOBAL                          ,,A140A140A140A140A140A140A140A140A140A140A140A140A140A140A140,A1A1A1A1A1A1A1A1A1A1A1A1A1A1A1A1A1A1A1A1A1A1A1A1A1A1A1A1A1A1,HK0000057619,EQTY,1,A,1000,1000,N,N,Y,Y,L,20161103,,,,2000,1,N,1,SGD,1,0,1,1,1,1,,,,,,,,,,,,,,,,,,,,,,
MODIFY,20190329,30068,GEM,2,MEXAN                                   ,,A140A140A140A140A140A140A140A140A140A140A140A140A140A140A140,A1A1A1A1A1A1A1A1A1A1A1A1A1A1A1A1A1A1A1A1A1A1A1A1A1A1A1A1A1A1,BMG6051D1175,EQTY,1,A,1000,1000,N,N,Y,Y,L,20161103,,,,3500,1,N,1,SGD,1,0,1,1,1,1,,,,,,,,,,,,,,,,,,,,,,
MODIFY,20190329,30069,GEM,2,BANK OF E ASIA                          ,,A140A140A140A140A140A140A140A140A140A140A140A140A140A140A140,A1A1A1A1A1A1A1A1A1A1A1A1A1A1A1A1A1A1A1A1A1A1A1A1A1A1A1A1A1A1,HK0023000190,EQTY,1,A,1000,1000,N,N,Y,Y,L,20161103,,,,5000,1,N,1,CNY,1,0,1,1,1,1,,,,,,,,,,,,,,,,,,,,,,
MODIFY,20190329,30070,GEM,2,BURWILL                                 ,,A140A140A140A140A140A140A140A140A140A140A140A140A140A140A140,A1A1A1A1A1A1A1A1A1A1A1A1A1A1A1A1A1A1A1A1A1A1A1A1A1A1A1A1A1A1,BMG1808K1009,EQTY,1,A,1000,1000,N,N,Y,Y,L,20161103,,,,7500,1,N,1,CNY,1,0,1,1,1,1,,,,,,,,,,,,,,,,,,,,,,
MODIFY,20190329,30071,GEM,2,CHEVALIER INT'L                         ,,A140A140A140A140A140A140A140A140A140A140A140A140A140A140A140,A1A1A1A1A1A1A1A1A1A1A1A1A1A1A1A1A1A1A1A1A1A1A1A1A1A1A1A1A1A1,BMG2097Z1471,EQTY,1,A,1000,1000,N,N,Y,N,L,20161103,,,,9995,1,N,1,CNY,1,0,1,1,1,1,,,,,,,,,,,,,,,,,,,,,,
MODIFY,20190329,30072,GEM,2,TEST G2-2,,A140A140A140A140A140A140A140A140A140A140A140A140A140A140A140,A1A1A1A1A1A1A1A1A1A1A1A1A1A1A1A1A1A1A1A1A1A1A1A1A1A1A1A1A1A1,,EQTY,1,A,1000,1000,N,N,Y,Y,L,20161103,,,,0.01,1,N,1,HKD,1,0,1,1,1,1,,,,,,,,,,,,,,,,,,,,,,
MODIFY,20190329,30073,GEM,2,TEST G3-2,,A140A140A140A140A140A140A140A140A140A140A140A140A140A140A140,A1A1A1A1A1A1A1A1A1A1A1A1A1A1A1A1A1A1A1A1A1A1A1A1A1A1A1A1A1A1,,EQTY,1,A,1000,1000,N,N,Y,Y,L,20161103,,,,0.13,1,N,1,HKD,1,0,1,1,1,1,,,,,,,,,,,,,,,,,,,,,,
MODIFY,20190329,30074,GEM,2,TEST G4-2,,A140A140A140A140A140A140A140A140A140A140A140A140A140A140A140,A1A1A1A1A1A1A1A1A1A1A1A1A1A1A1A1A1A1A1A1A1A1A1A1A1A1A1A1A1A1,,EQTY,1,A,1000,1000,N,N,Y,Y,L,20161103,,,,0.25,1,N,1,USD,1,0,1,1,1,1,,,,,,,,,,,,,,,,,,,,,,
MODIFY,20190329,30075,GEM,2,TEST G5-2,,A140A140A140A140A140A140A140A140A140A140A140A140A140A140A140,A1A1A1A1A1A1A1A1A1A1A1A1A1A1A1A1A1A1A1A1A1A1A1A1A1A1A1A1A1A1,,EQTY,1,A,1000,1000,N,N,Y,Y,L,20161103,,,,0.375,1,N,1,USD,1,0,1,1,1,1,,,,,,,,,,,,,,,,,,,,,,
MODIFY,20190329,30076,GEM,2,TEST G8-2,,A140A140A140A140A140A140A140A140A140A140A140A140A140A140A140,A1A1A1A1A1A1A1A1A1A1A1A1A1A1A1A1A1A1A1A1A1A1A1A1A1A1A1A1A1A1,,EQTY,1,A,1000,1000,N,N,Y,Y,L,20161103,,,,10,1,N,1,EUR,1,0,1,1,1,1,,,,,,,,,,,,,,,,,,,,,,
MODIFY,20190329,30077,GEM,2,TEST G17-2,,A140A140A140A140A140A140A140A140A140A140A140A140A140A140A140,A1A1A1A1A1A1A1A1A1A1A1A1A1A1A1A1A1A1A1A1A1A1A1A1A1A1A1A1A1A1,,EQTY,1,A,1000,1000,N,N,Y,Y,L,20161103,,,,750,1,N,1,CAD,1,0,1,1,1,1,,,,,,,,,,,,,,,,,,,,,,
MODIFY,20190329,30078,MAIN,1,REP ITALY B2023                         ,,A140A140A140A140A140A140A140A140A140A140A140A140A140A140A140,A1A1A1A1A1A1A1A1A1A1A1A1A1A1A1A1A1A1A1A1A1A1A1A1A1A1A1A1A1A1,US465410AH18,BOND,4,A,1000,1000,N,N,N,N,L,19930928,,,,0,1,N,4,HKD,3,0,0,0,1,0,,,1.75,N,0,USD,R,,,,,,,,,,,,,,,
MODIFY,20190329,2502,,,,,,,,,,A,,,,,,,,,,,,,,,,,,,,,,,,,,,,,,,,,,,,,,,,,,,,
MODIFY,20190329,3203,,,,,,,,,,A,,,,,,,,,,,,,,,,,,,,,,,,,,,,,,,,,,,,,,,,,,,,
MODIFY,20190329,2908,,,,,,,,,,A,,,,,,,,,,,,,,,,,,,,,,,,,,,,,,,,,,,,,,,,,,,,
MODIFY,20190329,8803,,,,,,,,,,A,,,,,,,,,,,,,,,,,,,,,,,,,,,,,,,,,,,,,,,,,,,,
MODIFY,20190329,2519,,,,,,,,,,A,,,,,,,,,,,,,,,,,,,,,,,,,,,,,,,,,,,,,,,,,,,,
