ACTION,Effective Date,Security Code,Market Segment ID,Product Group ID,Short Name (Eng),Name (Eng),Chinese Name (Big5),Chinese Name (GB),ISIN Code,Instrument Type,Product Type,Security State,Buy Lot Size,Sell Lot Size,CCASS Indicator,Stamp Duty Indicator,Shortsell Indicator,Opening Rule Applied Indicator,Listing Status Code,Listing Date,De-listing Date,Free Text 1,Free Text 2,Closing Price,Classification,Ceased Trading,Reporting Group,Currency Code,Spread Table Code,Price Limit ID,VCM Param ID,CAS Param ID,Fee Group ID,Short Sell Grp ID,Future Dividend Date,Future Dividend,Coupon Rate,BND-EFN Indicator,Face Value per Trading Lot,Face Value Currency,Investor Type,Maturity Date,Underlying Type,Underlying Security Code,Underlying Index,MCE Enabled,Call Price,Conversion Ratio,Strike Price 1,Strike Price 2,Call/Put Option,American/Euro Style,Exotic,Entitlement,Number of warrant per entitlement,Expiry Date
DELETE,20190103,30001,MAIN,1,CHEUNG KONG                             ,,AAF8A6BFB9EAB77DA140A140A140A140A140A140A140A140A140A140A140,B3A4BDADCAB5D2B5A1A1A1A1A1A1A1A1A1A1A1A1A1A1A1A1A1A1A1A1A1A1,HK0001000014,EQTY,1,A,1000,1000,Y,Y,Y,Y,D,19870516,20180530,,,0,1,N,1,HKD,1,0,1,1,1,1,,,,,,,,,,,,,,,,,,,,,,
DELETE,20190103,30002,MAIN,1,CLP HOLDINGS                            ,,C07CB0AAACFCB6B0B9CEA140A140A140A140A140A140A140A140A140A140,879FB8DFC3C0BCAFCDC5A1A1A1A1A1A1A1A1A1A1A1A1A1A1A1A1A1A1A1A1,HK0002007356,EQTY,1,A,1000,1000,Y,Y,Y,Y,D,19000101,20180530,,,0.01,1,N,1,HKD,1,0,1,1,1,1,,,,,,,,,,,,,,,,,,,,,,
DELETE,20190103,30003,MAIN,1,HK & CHINA GAS                          ,,C07CB0AAACFCB6B0B9CEA140A140A140A140A140A140A140A140A140A140,B3A2B8DFC3C0BCAFCDC5A1A1A1A1A1A1A1A1A1A1A1A1A1A1A1A1A1A1A1A1,HK0003000038,EQTY,1,A,1000,1000,Y,Y,Y,Y,D,19000101,20180530,,,0.13,1,N,1,HKD,1,0,1,1,1,1,,,,,,,,,,,,,,,,,,,,,,
DELETE,20190103,30004,MAIN,1,WHARF HOLDINGS                          ,,A140A140A140A140A140A140A140A140A140A140A140A140A140A140A140,A1A1A1A1A1A1A1A1A1A1A1A1A1A1A1A1A1A1A1A1A1A1A1A1A1A1A1A1A1A1,HK0004000045,EQTY,1,A,1000,1000,Y,Y,Y,Y,D,19000101,20180530,,,0.25,1,N,1,USD,1,0,1,1,1,1,,,,,,,,,,,,,,,,,,,,,,
DELETE,20190103,30005,MAIN,1,HSBC HOLDINGS                           ,,A140A140A140A140A140A140A140A140A140A140A140A140A140A140A140,A1A1A1A1A1A1A1A1A1A1A1A1A1A1A1A1A1A1A1A1A1A1A1A1A1A1A1A1A1A1,GB0005405286,EQTY,1,A,1000,1000,Y,N,Y,Y,D,19960710,20180530,,,0.375,2,N,1,USD,1,0,1,1,1,1,,,,,,,,,,,,,,,,,,,,,,
DELETE,20190103,30006,MAIN,1,POWER ASSETS                            ,,A140A140A140A140A140A140A140A140A140A140A140A140A140A140A140,A1A1A1A1A1A1A1A1A1A1A1A1A1A1A1A1A1A1A1A1A1A1A1A1A1A1A1A1A1A1,HK0006000050,EQTY,1,A,10000,10000,Y,Y,Y,Y,D,19000101,20180530,,,0.5,1,N,1,USD,1,0,1,1,1,1,,,,,,,,,,,,,,,,,,,,,,
DELETE,20190103,30007,MAIN,1,PCCW                                    ,,A140A140A140A140A140A140A140A140A140A140A140A140A140A140A140,A1A1A1A1A1A1A1A1A1A1A1A1A1A1A1A1A1A1A1A1A1A1A1A1A1A1A1A1A1A1,HK0008011667,EQTY,1,A,1000,1000,Y,Y,Y,Y,D,19941018,20180530,,,10,1,N,1,EUR,1,0,1,1,1,1,,,,,,,,,,,,,,,,,,,,,,
DELETE,20190103,30008,MAIN,1,HANG SENG BANK                          ,,A140A140A140A140A140A140A140A140A140A140A140A140A140A140A140,A1A1A1A1A1A1A1A1A1A1A1A1A1A1A1A1A1A1A1A1A1A1A1A1A1A1A1A1A1A1,HK0011000095,EQTY,1,A,1000,1000,Y,Y,Y,Y,D,19720620,20180530,,,20,1,N,1,JPY,1,0,1,1,1,1,,,,,,,,,,,,,,,,,,,,,,
DELETE,20190103,30009,MAIN,1,HENDERSON LAND                          ,,A140A140A140A140A140A140A140A140A140A140A140A140A140A140A140,A1A1A1A1A1A1A1A1A1A1A1A1A1A1A1A1A1A1A1A1A1A1A1A1A1A1A1A1A1A1,HK0012000102,EQTY,1,A,1000,1000,Y,Y,Y,Y,D,19810723,20180530,,,60,1,N,1,JPY,1,0,1,1,1,1,,,,,,,,,,,,,,,,,,,,,,
DELETE,20190103,30010,MAIN,1,HYSAN DEV                               ,,A140A140A140A140A140A140A140A140A140A140A140A140A140A140A140,A1A1A1A1A1A1A1A1A1A1A1A1A1A1A1A1A1A1A1A1A1A1A1A1A1A1A1A1A1A1,HK0014000126,EQTY,1,A,1000,1000,Y,Y,Y,Y,D,19810918,20180530,,,150,1,N,1,GBP,1,0,1,1,1,1,,,,,,,,,,,,,,,,,,,,,,
DELETE,20190103,30011,MAIN,1,CHEVALIER INT'L                         ,,A140A140A140A140A140A140A140A140A140A140A140A140A140A140A140,A1A1A1A1A1A1A1A1A1A1A1A1A1A1A1A1A1A1A1A1A1A1A1A1A1A1A1A1A1A1,BMG2097Z1471,EQTY,1,A,1000,1000,Y,Y,Y,N,D,19841205,20180530,,,9995,1,N,1,CNY,1,0,1,1,1,1,,,,,,,,,,,,,,,,,,,,,,
DELETE,20190103,30012,MAIN,1,TEST M1-2                               ,,A140A140A140A140A140A140A140A140A140A140A140A140A140A140A140,A1A1A1A1A1A1A1A1A1A1A1A1A1A1A1A1A1A1A1A1A1A1A1A1A1A1A1A1A1A1,,EQTY,1,A,1000,1000,N,N,Y,Y,D,20161103,20180530,,,0,1,N,1,HKD,1,0,1,1,1,1,,,,,,,,,,,,,,,,,,,,,,
DELETE,20190103,30013,MAIN,1,TEST M2-2                               ,,A140A140A140A140A140A140A140A140A140A140A140A140A140A140A140,A1A1A1A1A1A1A1A1A1A1A1A1A1A1A1A1A1A1A1A1A1A1A1A1A1A1A1A1A1A1,,EQTY,1,A,1000,1000,N,N,Y,Y,D,20161103,20180530,,,0.01,1,N,1,HKD,1,0,1,1,1,1,,,,,,,,,,,,,,,,,,,,,,
DELETE,20190103,30014,MAIN,1,TEST M3-2                               ,,A140A140A140A140A140A140A140A140A140A140A140A140A140A140A140,A1A1A1A1A1A1A1A1A1A1A1A1A1A1A1A1A1A1A1A1A1A1A1A1A1A1A1A1A1A1,,EQTY,1,A,1000,1000,N,N,Y,Y,D,20161103,20180530,,,0.13,1,N,1,HKD,1,0,0,1,1,1,,,,,,,,,,,,,,,,,,,,,,
DELETE,20190103,30015,MAIN,1,TEST M4-2                               ,,A140A140A140A140A140A140A140A140A140A140A140A140A140A140A140,A1A1A1A1A1A1A1A1A1A1A1A1A1A1A1A1A1A1A1A1A1A1A1A1A1A1A1A1A1A1,,EQTY,1,A,1000,1000,N,N,Y,Y,D,20161103,20180530,,,0.25,1,N,1,USD,1,0,1,1,1,1,,,,,,,,,,,,,,,,,,,,,,
DELETE,20190103,30016,MAIN,1,TEST M5-2                               ,,A140A140A140A140A140A140A140A140A140A140A140A140A140A140A140,A1A1A1A1A1A1A1A1A1A1A1A1A1A1A1A1A1A1A1A1A1A1A1A1A1A1A1A1A1A1,,EQTY,1,A,1000,1000,N,N,Y,Y,D,20161103,20180530,,,0.375,1,N,1,USD,1,0,1,1,1,1,,,,,,,,,,,,,,,,,,,,,,
DELETE,20190103,30017,MAIN,1,TEST M7-2                               ,,A140A140A140A140A140A140A140A140A140A140A140A140A140A140A140,A1A1A1A1A1A1A1A1A1A1A1A1A1A1A1A1A1A1A1A1A1A1A1A1A1A1A1A1A1A1,,EQTY,1,A,100000,100000,N,N,Y,Y,D,20161103,20180530,,,5.2,1,N,1,EUR,1,0,1,0,1,1,,,,,,,,,,,,,,,,,,,,,,
DELETE,20190103,30018,MAIN,1,TEST M8-2                               ,,A140A140A140A140A140A140A140A140A140A140A140A140A140A140A140,A1A1A1A1A1A1A1A1A1A1A1A1A1A1A1A1A1A1A1A1A1A1A1A1A1A1A1A1A1A1,,EQTY,1,A,1000,1000,N,N,Y,Y,D,20161103,20180530,,,10,1,N,1,EUR,1,0,1,1,1,1,,,,,,,,,,,,,,,,,,,,,,
DELETE,20190103,30019,MAIN,1,TEST M9-2                               ,,A140A140A140A140A140A140A140A140A140A140A140A140A140A140A140,A1A1A1A1A1A1A1A1A1A1A1A1A1A1A1A1A1A1A1A1A1A1A1A1A1A1A1A1A1A1,,EQTY,1,A,1000,1000,N,N,Y,Y,D,20161103,20180530,,,15,1,N,1,EUR,1,0,1,0,1,1,,,,,,,,,,,,,,,,,,,,,,
DELETE,20190103,30020,MAIN,1,TEST M11-2                              ,,A140A140A140A140A140A140A140A140A140A140A140A140A140A140A140,A1A1A1A1A1A1A1A1A1A1A1A1A1A1A1A1A1A1A1A1A1A1A1A1A1A1A1A1A1A1,,EQTY,1,A,1000,1000,N,N,Y,Y,D,20161103,20180530,,,60,1,N,1,JPY,1,0,1,1,1,1,,,,,,,,,,,,,,,,,,,,,,
DELETE,20190103,30021,MAIN,1,TEST M12-2                              ,,A140A140A140A140A140A140A140A140A140A140A140A140A140A140A140,A1A1A1A1A1A1A1A1A1A1A1A1A1A1A1A1A1A1A1A1A1A1A1A1A1A1A1A1A1A1,,EQTY,1,A,1000,1000,N,N,Y,Y,D,20161103,20180530,,,100,1,N,1,JPY,1,0,1,1,1,1,,,,,,,,,,,,,,,,,,,,,,
DELETE,20190103,30022,MAIN,1,TEST M13-2                              ,,A140A140A140A140A140A140A140A140A140A140A140A140A140A140A140,A1A1A1A1A1A1A1A1A1A1A1A1A1A1A1A1A1A1A1A1A1A1A1A1A1A1A1A1A1A1,,EQTY,1,A,1000,1000,N,N,Y,Y,D,20161103,20180530,,,150,1,N,1,GBP,1,0,1,1,1,1,,,,,,,,,,,,,,,,,,,,,,
DELETE,20190103,30023,MAIN,1,TEST M15-2                              ,,A140A140A140A140A140A140A140A140A140A140A140A140A140A140A140,A1A1A1A1A1A1A1A1A1A1A1A1A1A1A1A1A1A1A1A1A1A1A1A1A1A1A1A1A1A1,,EQTY,1,A,1000,1000,N,N,Y,Y,D,20161103,20180530,,,350,1,N,1,GBP,1,0,1,1,1,1,,,,,,,,,,,,,,,,,,,,,,
DELETE,20190103,30024,MAIN,1,TEST M17-2                              ,,A140A140A140A140A140A140A140A140A140A140A140A140A140A140A140,A1A1A1A1A1A1A1A1A1A1A1A1A1A1A1A1A1A1A1A1A1A1A1A1A1A1A1A1A1A1,,EQTY,1,A,1000,1000,N,N,Y,Y,D,20161103,20180530,,,750,1,N,1,CAD,1,0,1,1,1,1,,,,,,,,,,,,,,,,,,,,,,
DELETE,20190103,30025,MAIN,1,TEST M18-2                              ,,A140A140A140A140A140A140A140A140A140A140A140A140A140A140A140,A1A1A1A1A1A1A1A1A1A1A1A1A1A1A1A1A1A1A1A1A1A1A1A1A1A1A1A1A1A1,,EQTY,1,A,1000,1000,N,N,Y,N,D,20161103,20180530,,,1000,1,N,1,CAD,1,0,1,1,1,1,,,,,,,,,,,,,,,,,,,,,,
DELETE,20190103,30026,MAIN,1,TEST M19-2                              ,,A140A140A140A140A140A140A140A140A140A140A140A140A140A140A140,A1A1A1A1A1A1A1A1A1A1A1A1A1A1A1A1A1A1A1A1A1A1A1A1A1A1A1A1A1A1,,EQTY,1,A,1000,1000,N,N,Y,Y,D,20161103,20180530,,,1500,1,N,1,SGD,1,0,1,1,1,1,,,,,,,,,,,,,,,,,,,,,,
DELETE,20190103,30027,MAIN,1,TEST M20-2                              ,,A140A140A140A140A140A140A140A140A140A140A140A140A140A140A140,A1A1A1A1A1A1A1A1A1A1A1A1A1A1A1A1A1A1A1A1A1A1A1A1A1A1A1A1A1A1,,EQTY,1,A,1000,1000,N,N,Y,N,D,20161103,20180530,,,2000,1,N,1,SGD,1,0,1,1,1,1,,,,,,,,,,,,,,,,,,,,,,
DELETE,20190103,30028,MAIN,1,TEST M21-2                              ,,A140A140A140A140A140A140A140A140A140A140A140A140A140A140A140,A1A1A1A1A1A1A1A1A1A1A1A1A1A1A1A1A1A1A1A1A1A1A1A1A1A1A1A1A1A1,,EQTY,1,A,1000,1000,N,N,Y,N,D,20161103,20180530,,,3500,1,N,1,SGD,1,0,1,1,1,1,,,,,,,,,,,,,,,,,,,,,,
DELETE,20190103,30029,MAIN,1,TEST M2-3                               ,,A140A140A140A140A140A140A140A140A140A140A140A140A140A140A140,A1A1A1A1A1A1A1A1A1A1A1A1A1A1A1A1A1A1A1A1A1A1A1A1A1A1A1A1A1A1,,EQTY,1,A,1000,1000,N,N,Y,Y,D,20161103,20180530,,,0.01,1,N,1,HKD,1,0,1,1,1,1,,,,,,,,,,,,,,,,,,,,,,
DELETE,20190103,30030,MAIN,1,TEST M3-3                               ,,A140A140A140A140A140A140A140A140A140A140A140A140A140A140A140,A1A1A1A1A1A1A1A1A1A1A1A1A1A1A1A1A1A1A1A1A1A1A1A1A1A1A1A1A1A1,,EQTY,1,A,1000,1000,N,N,Y,Y,D,20161103,20180530,,,0.13,1,N,1,HKD,1,0,1,1,1,1,,,,,,,,,,,,,,,,,,,,,,
DELETE,20190103,30031,MAIN,1,TEST M5-3                               ,,A140A140A140A140A140A140A140A140A140A140A140A140A140A140A140,A1A1A1A1A1A1A1A1A1A1A1A1A1A1A1A1A1A1A1A1A1A1A1A1A1A1A1A1A1A1,,EQTY,1,A,1000,1000,N,N,Y,Y,D,20161103,20180530,,,0.375,1,N,1,USD,1,0,1,1,1,1,,,,,,,,,,,,,,,,,,,,,,
DELETE,20190103,30032,MAIN,1,TEST M8-3                               ,,A140A140A140A140A140A140A140A140A140A140A140A140A140A140A140,A1A1A1A1A1A1A1A1A1A1A1A1A1A1A1A1A1A1A1A1A1A1A1A1A1A1A1A1A1A1,,EQTY,1,A,1000,1000,N,N,Y,Y,D,20161103,20180530,,,0.13,1,N,1,EUR,1,0,1,1,1,1,,,,,,,,,,,,,,,,,,,,,,
DELETE,20190103,30033,MAIN,1,TEST M9-3                               ,,A140A140A140A140A140A140A140A140A140A140A140A140A140A140A140,A1A1A1A1A1A1A1A1A1A1A1A1A1A1A1A1A1A1A1A1A1A1A1A1A1A1A1A1A1A1,,EQTY,1,A,1000,1000,N,N,Y,Y,D,20161103,20180530,,,15,1,N,1,EUR,1,0,1,1,1,1,,,,,,,,,,,,,,,,,,,,,,
DELETE,20190103,30034,MAIN,1,TEST M13-3                              ,,A140A140A140A140A140A140A140A140A140A140A140A140A140A140A140,A1A1A1A1A1A1A1A1A1A1A1A1A1A1A1A1A1A1A1A1A1A1A1A1A1A1A1A1A1A1,,EQTY,1,A,1000,1000,N,N,Y,Y,D,20161103,20180530,,,150,1,N,1,GBP,1,0,0,1,1,1,,,,,,,,,,,,,,,,,,,,,,
DELETE,20190103,30035,MAIN,1,TEST M14-3                              ,,A140A140A140A140A140A140A140A140A140A140A140A140A140A140A140,A1A1A1A1A1A1A1A1A1A1A1A1A1A1A1A1A1A1A1A1A1A1A1A1A1A1A1A1A1A1,,EQTY,1,A,1000,1000,N,N,Y,Y,D,20161103,20180530,,,200,1,N,1,GBP,1,0,1,1,1,1,,,,,,,,,,,,,,,,,,,,,,
DELETE,20190103,30036,MAIN,1,TEST M16-3                              ,,A140A140A140A140A140A140A140A140A140A140A140A140A140A140A140,A1A1A1A1A1A1A1A1A1A1A1A1A1A1A1A1A1A1A1A1A1A1A1A1A1A1A1A1A1A1,,EQTY,1,A,1000,1000,N,N,Y,Y,D,20161103,20180530,,,500,1,N,1,CAD,1,0,1,1,1,1,,,,,,,,,,,,,,,,,,,,,,
DELETE,20190103,30037,MAIN,1,TEST M23-3                              ,,A140A140A140A140A140A140A140A140A140A140A140A140A140A140A140,A1A1A1A1A1A1A1A1A1A1A1A1A1A1A1A1A1A1A1A1A1A1A1A1A1A1A1A1A1A1,,EQTY,1,A,1000,1000,N,N,Y,Y,D,20161103,20180530,,,7500,1,N,1,CNY,1,0,1,1,1,1,,,,,,,,,,,,,,,,,,,,,,
DELETE,20190103,30038,MAIN,1,TEST M2-5,,A140A140A140A140A140A140A140A140A140A140A140A140A140A140A140,A1A1A1A1A1A1A1A1A1A1A1A1A1A1A1A1A1A1A1A1A1A1A1A1A1A1A1A1A1A1,,EQTY,1,A,1000,1000,N,N,Y,Y,D,20161103,20180530,,,0.01,1,N,1,HKD,1,0,1,1,1,1,,,,,,,,,,,,,,,,,,,,,,
DELETE,20190103,30039,MAIN,1,TEST M3-5,,A140A140A140A140A140A140A140A140A140A140A140A140A140A140A140,A1A1A1A1A1A1A1A1A1A1A1A1A1A1A1A1A1A1A1A1A1A1A1A1A1A1A1A1A1A1,,EQTY,1,A,1000,1000,N,N,Y,Y,D,20161103,20180530,,,0.13,1,N,1,HKD,1,0,1,1,1,1,,,,,,,,,,,,,,,,,,,,,,
DELETE,20190103,30040,MAIN,1,TEST M4-5,,A140A140A140A140A140A140A140A140A140A140A140A140A140A140A140,A1A1A1A1A1A1A1A1A1A1A1A1A1A1A1A1A1A1A1A1A1A1A1A1A1A1A1A1A1A1,,EQTY,1,A,1000,1000,N,N,Y,Y,D,20161103,20180530,,,0.25,1,N,1,USD,1,0,0,1,1,1,,,,,,,,,,,,,,,,,,,,,,
DELETE,20190103,30041,MAIN,1,TEST M2-4,,A140A140A140A140A140A140A140A140A140A140A140A140A140A140A140,A1A1A1A1A1A1A1A1A1A1A1A1A1A1A1A1A1A1A1A1A1A1A1A1A1A1A1A1A1A1,,EQTY,1,A,1000,1000,N,N,Y,Y,D,20161103,20180530,,,0.01,1,N,1,HKD,1,0,1,1,1,1,,,,,,,,,,,,,,,,,,,,,,
DELETE,20190103,30042,MAIN,1,TEST M9-4,,A140A140A140A140A140A140A140A140A140A140A140A140A140A140A140,A1A1A1A1A1A1A1A1A1A1A1A1A1A1A1A1A1A1A1A1A1A1A1A1A1A1A1A1A1A1,,EQTY,1,A,1000,1000,N,N,Y,Y,D,20161103,20180530,,,15,1,N,1,EUR,1,0,1,1,1,1,,,,,,,,,,,,,,,,,,,,,,
DELETE,20190103,30043,GEM,2,TEST G2-3,,A140A140A140A140A140A140A140A140A140A140A140A140A140A140A140,A1A1A1A1A1A1A1A1A1A1A1A1A1A1A1A1A1A1A1A1A1A1A1A1A1A1A1A1A1A1,,EQTY,1,A,1000,1000,N,N,Y,Y,D,20161103,20180530,,,0.01,1,N,1,HKD,1,0,1,1,1,1,,,,,,,,,,,,,,,,,,,,,,
DELETE,20190103,30044,GEM,2,TEST G24-3,,A140A140A140A140A140A140A140A140A140A140A140A140A140A140A140,A1A1A1A1A1A1A1A1A1A1A1A1A1A1A1A1A1A1A1A1A1A1A1A1A1A1A1A1A1A1,,EQTY,1,A,1000,1000,N,N,Y,Y,D,20161103,20180530,,,9995,1,N,1,CNY,1,0,1,1,1,1,,,,,,,,,,,,,,,,,,,,,,
DELETE,20190103,30045,GEM,2,TEST G2-4,,A140A140A140A140A140A140A140A140A140A140A140A140A140A140A140,A1A1A1A1A1A1A1A1A1A1A1A1A1A1A1A1A1A1A1A1A1A1A1A1A1A1A1A1A1A1,,EQTY,1,A,1000,1000,N,N,Y,Y,D,20161103,20180530,,,0.01,1,N,1,HKD,1,0,0,1,1,1,,,,,,,,,,,,,,,,,,,,,,
DELETE,20190103,30046,GEM,2,TEST G2-5,,A140A140A140A140A140A140A140A140A140A140A140A140A140A140A140,A1A1A1A1A1A1A1A1A1A1A1A1A1A1A1A1A1A1A1A1A1A1A1A1A1A1A1A1A1A1,,EQTY,1,A,1000,1000,N,N,Y,Y,D,20161103,20180530,,,0.01,1,N,1,HKD,1,0,1,1,1,1,,,,,,,,,,,,,,,,,,,,,,
DELETE,20190103,30047,GEM,2,TEST G10-5,,A140A140A140A140A140A140A140A140A140A140A140A140A140A140A140,A1A1A1A1A1A1A1A1A1A1A1A1A1A1A1A1A1A1A1A1A1A1A1A1A1A1A1A1A1A1,,EQTY,1,A,1000,1000,N,N,Y,Y,D,20161103,20180530,,,20,1,N,1,JPY,1,0,1,1,1,1,,,,,,,,,,,,,,,,,,,,,,
DELETE,20190103,30048,GEM,2,TEST G11-5,,A140A140A140A140A140A140A140A140A140A140A140A140A140A140A140,A1A1A1A1A1A1A1A1A1A1A1A1A1A1A1A1A1A1A1A1A1A1A1A1A1A1A1A1A1A1,,EQTY,1,A,1000,1000,N,N,Y,Y,D,20161103,20180530,,,60,1,N,1,JPY,1,0,1,1,1,1,,,,,,,,,,,,,,,,,,,,,,
DELETE,20190103,30049,GEM,2,TEST G14-5,,A140A140A140A140A140A140A140A140A140A140A140A140A140A140A140,A1A1A1A1A1A1A1A1A1A1A1A1A1A1A1A1A1A1A1A1A1A1A1A1A1A1A1A1A1A1,,EQTY,1,A,1000,1000,N,N,Y,Y,D,20161103,20180530,,,200,1,N,1,GBP,1,0,1,1,1,1,,,,,,,,,,,,,,,,,,,,,,
DELETE,20190103,30050,GEM,2,CLP HOLDINGS                            ,,A140A140A140A140A140A140A140A140A140A140A140A140A140A140A140,A1A1A1A1A1A1A1A1A1A1A1A1A1A1A1A1A1A1A1A1A1A1A1A1A1A1A1A1A1A1,HK0002007356,EQTY,1,A,1000,1000,N,N,Y,Y,D,20161103,20180530,,,0.01,1,N,1,HKD,1,0,1,1,1,1,,,,,,,,,,,,,,,,,,,,,,
DELETE,20190103,30051,GEM,2,HK & CHINA GAS                          ,,A140A140A140A140A140A140A140A140A140A140A140A140A140A140A140,A1A1A1A1A1A1A1A1A1A1A1A1A1A1A1A1A1A1A1A1A1A1A1A1A1A1A1A1A1A1,HK0003000038,EQTY,1,A,1000,1000,N,N,Y,Y,D,20161103,20180530,,,0.13,1,N,1,HKD,1,0,1,1,1,1,,,,,,,,,,,,,,,,,,,,,,
DELETE,20190103,30052,GEM,2,WHARF HOLDINGS                          ,,A140A140A140A140A140A140A140A140A140A140A140A140A140A140A140,A1A1A1A1A1A1A1A1A1A1A1A1A1A1A1A1A1A1A1A1A1A1A1A1A1A1A1A1A1A1,HK0004000045,EQTY,1,A,1000,1000,N,N,Y,Y,D,20161103,20180530,,,0.25,1,N,1,USD,1,0,1,1,1,1,,,,,,,,,,,,,,,,,,,,,,
DELETE,20190103,30053,GEM,2,HSBC HOLDINGS                           ,,A140A140A140A140A140A140A140A140A140A140A140A140A140A140A140,A1A1A1A1A1A1A1A1A1A1A1A1A1A1A1A1A1A1A1A1A1A1A1A1A1A1A1A1A1A1,GB0005405286,EQTY,1,A,1000,1000,N,N,Y,Y,D,20161103,20180530,,,0.375,1,N,1,USD,1,0,1,1,1,1,,,,,,,,,,,,,,,,,,,,,,
DELETE,20190103,30054,GEM,2,POWER ASSETS                            ,,A140A140A140A140A140A140A140A140A140A140A140A140A140A140A140,A1A1A1A1A1A1A1A1A1A1A1A1A1A1A1A1A1A1A1A1A1A1A1A1A1A1A1A1A1A1,HK0006000050,EQTY,1,A,10000,10000,N,N,Y,Y,D,20161103,20180530,,,0.5,1,N,1,USD,1,0,1,1,1,1,,,,,,,,,,,,,,,,,,,,,,
DELETE,20190103,30055,GEM,2,KARL THOMSON                            ,,A140A140A140A140A140A140A140A140A140A140A140A140A140A140A140,A1A1A1A1A1A1A1A1A1A1A1A1A1A1A1A1A1A1A1A1A1A1A1A1A1A1A1A1A1A1,BMG5215E1021,EQTY,1,A,100000,100000,N,N,Y,Y,D,20161103,20180530,,,5.2,1,N,1,EUR,1,0,1,1,1,1,,,,,,,,,,,,,,,,,,,,,,
DELETE,20190103,30056,GEM,2,PCCW                                    ,,A140A140A140A140A140A140A140A140A140A140A140A140A140A140A140,A1A1A1A1A1A1A1A1A1A1A1A1A1A1A1A1A1A1A1A1A1A1A1A1A1A1A1A1A1A1,HK0008011667,EQTY,1,A,1000,1000,N,N,Y,Y,D,20161103,20180530,,,10,1,N,1,EUR,1,0,1,1,1,1,,,,,,,,,,,,,,,,,,,,,,
DELETE,20190103,30057,GEM,2,HANG LUNG GROUP                         ,,A140A140A140A140A140A140A140A140A140A140A140A140A140A140A140,A1A1A1A1A1A1A1A1A1A1A1A1A1A1A1A1A1A1A1A1A1A1A1A1A1A1A1A1A1A1,HK0010000088,EQTY,1,A,1000,1000,N,N,Y,Y,D,20161103,20180530,,,15,1,N,1,EUR,1,0,1,1,1,1,,,,,,,,,,,,,,,,,,,,,,
DELETE,20190103,30058,GEM,2,HANG SENG BANK                          ,,A140A140A140A140A140A140A140A140A140A140A140A140A140A140A140,A1A1A1A1A1A1A1A1A1A1A1A1A1A1A1A1A1A1A1A1A1A1A1A1A1A1A1A1A1A1,HK0011000095,EQTY,1,A,1000,1000,N,N,Y,Y,D,20161103,20180530,,,20,1,N,1,JPY,1,0,1,1,1,1,,,,,,,,,,,,,,,,,,,,,,
DELETE,20190103,30059,GEM,2,HENDERSON LAND                          ,,A140A140A140A140A140A140A140A140A140A140A140A140A140A140A140,A1A1A1A1A1A1A1A1A1A1A1A1A1A1A1A1A1A1A1A1A1A1A1A1A1A1A1A1A1A1,HK0012000102,EQTY,1,A,1000,1000,N,N,Y,Y,D,20161103,20180530,,,60,1,N,1,JPY,1,0,1,1,1,1,,,,,,,,,,,,,,,,,,,,,,
DELETE,20190103,30060,GEM,2,HYSAN DEV                               ,,A140A140A140A140A140A140A140A140A140A140A140A140A140A140A140,A1A1A1A1A1A1A1A1A1A1A1A1A1A1A1A1A1A1A1A1A1A1A1A1A1A1A1A1A1A1,HK0014000126,EQTY,1,A,1000,1000,N,N,Y,Y,D,20161103,20180530,,,150,1,N,1,GBP,1,0,1,1,1,1,,,,,,,,,,,,,,,,,,,,,,
DELETE,20190103,30061,GEM,2,VANTAGE INT                             ,,A140A140A140A140A140A140A140A140A140A140A140A140A140A140A140,A1A1A1A1A1A1A1A1A1A1A1A1A1A1A1A1A1A1A1A1A1A1A1A1A1A1A1A1A1A1,BMG932121434,EQTY,1,A,1000,1000,N,N,Y,Y,D,20161103,20180530,,,200,1,N,1,GBP,1,0,1,1,1,1,,,,,,,,,,,,,,,,,,,,,,
DELETE,20190103,30062,GEM,2,SHK PPT                                 ,,A140A140A140A140A140A140A140A140A140A140A140A140A140A140A140,A1A1A1A1A1A1A1A1A1A1A1A1A1A1A1A1A1A1A1A1A1A1A1A1A1A1A1A1A1A1,HK0016000132,EQTY,1,A,1000,1000,N,N,Y,Y,D,20161103,20180530,,,350,1,N,1,GBP,1,0,1,1,1,1,,,,,,,,,,,,,,,,,,,,,,
DELETE,20190103,30063,GEM,2,NEW WORLD DEV                           ,,A140A140A140A140A140A140A140A140A140A140A140A140A140A140A140,A1A1A1A1A1A1A1A1A1A1A1A1A1A1A1A1A1A1A1A1A1A1A1A1A1A1A1A1A1A1,HK0017000149,EQTY,1,A,1000,1000,N,N,Y,Y,D,20161103,20180530,,,500,1,N,1,CAD,1,0,1,1,1,1,,,,,,,,,,,,,,,,,,,,,,
DELETE,20190103,30064,GEM,2,ORIENTAL PRESS                          ,,A140A140A140A140A140A140A140A140A140A140A140A140A140A140A140,A1A1A1A1A1A1A1A1A1A1A1A1A1A1A1A1A1A1A1A1A1A1A1A1A1A1A1A1A1A1,HK0018000155,EQTY,1,A,1000,1000,N,N,Y,Y,D,20161103,20180530,,,750,1,N,1,CAD,1,0,1,1,1,1,,,,,,,,,,,,,,,,,,,,,,
DELETE,20190103,30065,GEM,2,SWIRE PACIFIC A                         ,,A140A140A140A140A140A140A140A140A140A140A140A140A140A140A140,A1A1A1A1A1A1A1A1A1A1A1A1A1A1A1A1A1A1A1A1A1A1A1A1A1A1A1A1A1A1,HK0019000162,EQTY,1,A,1000,1000,N,N,Y,Y,D,20161103,20180530,,,1000,1,N,1,CAD,1,0,1,1,1,1,,,,,,,,,,,,,,,,,,,,,,
DELETE,20190103,30066,GEM,2,WHEELOCK                                ,,A140A140A140A140A140A140A140A140A140A140A140A140A140A140A140,A1A1A1A1A1A1A1A1A1A1A1A1A1A1A1A1A1A1A1A1A1A1A1A1A1A1A1A1A1A1,HK0020000177,EQTY,1,A,1000,1000,N,N,Y,Y,D,20161103,20180530,,,1500,1,N,1,SGD,1,0,1,1,1,1,,,,,,,,,,,,,,,,,,,,,,
DELETE,20190103,30067,GEM,2,WAYTUNG GLOBAL                          ,,A140A140A140A140A140A140A140A140A140A140A140A140A140A140A140,A1A1A1A1A1A1A1A1A1A1A1A1A1A1A1A1A1A1A1A1A1A1A1A1A1A1A1A1A1A1,HK0000057619,EQTY,1,A,1000,1000,N,N,Y,Y,D,20161103,20180530,,,2000,1,N,1,SGD,1,0,1,1,1,1,,,,,,,,,,,,,,,,,,,,,,
DELETE,20190103,30068,GEM,2,MEXAN                                   ,,A140A140A140A140A140A140A140A140A140A140A140A140A140A140A140,A1A1A1A1A1A1A1A1A1A1A1A1A1A1A1A1A1A1A1A1A1A1A1A1A1A1A1A1A1A1,BMG6051D1175,EQTY,1,A,1000,1000,N,N,Y,Y,D,20161103,20180530,,,3500,1,N,1,SGD,1,0,1,1,1,1,,,,,,,,,,,,,,,,,,,,,,
DELETE,20190103,30069,GEM,2,BANK OF E ASIA                          ,,A140A140A140A140A140A140A140A140A140A140A140A140A140A140A140,A1A1A1A1A1A1A1A1A1A1A1A1A1A1A1A1A1A1A1A1A1A1A1A1A1A1A1A1A1A1,HK0023000190,EQTY,1,A,1000,1000,N,N,Y,Y,D,20161103,20180530,,,5000,1,N,1,CNY,1,0,1,1,1,1,,,,,,,,,,,,,,,,,,,,,,
DELETE,20190103,30070,GEM,2,BURWILL                                 ,,A140A140A140A140A140A140A140A140A140A140A140A140A140A140A140,A1A1A1A1A1A1A1A1A1A1A1A1A1A1A1A1A1A1A1A1A1A1A1A1A1A1A1A1A1A1,BMG1808K1009,EQTY,1,A,1000,1000,N,N,Y,Y,D,20161103,20180530,,,7500,1,N,1,CNY,1,0,1,1,1,1,,,,,,,,,,,,,,,,,,,,,,
DELETE,20190103,30071,GEM,2,CHEVALIER INT'L                         ,,A140A140A140A140A140A140A140A140A140A140A140A140A140A140A140,A1A1A1A1A1A1A1A1A1A1A1A1A1A1A1A1A1A1A1A1A1A1A1A1A1A1A1A1A1A1,BMG2097Z1471,EQTY,1,A,1000,1000,N,N,Y,N,D,20161103,20180530,,,9995,1,N,1,CNY,1,0,1,1,1,1,,,,,,,,,,,,,,,,,,,,,,
DELETE,20190103,30072,GEM,2,TEST G2-2,,A140A140A140A140A140A140A140A140A140A140A140A140A140A140A140,A1A1A1A1A1A1A1A1A1A1A1A1A1A1A1A1A1A1A1A1A1A1A1A1A1A1A1A1A1A1,,EQTY,1,A,1000,1000,N,N,Y,Y,D,20161103,20180530,,,0.01,1,N,1,HKD,1,0,1,1,1,1,,,,,,,,,,,,,,,,,,,,,,
DELETE,20190103,30073,GEM,2,TEST G3-2,,A140A140A140A140A140A140A140A140A140A140A140A140A140A140A140,A1A1A1A1A1A1A1A1A1A1A1A1A1A1A1A1A1A1A1A1A1A1A1A1A1A1A1A1A1A1,,EQTY,1,A,1000,1000,N,N,Y,Y,D,20161103,20180530,,,0.13,1,N,1,HKD,1,0,1,1,1,1,,,,,,,,,,,,,,,,,,,,,,
DELETE,20190103,30074,GEM,2,TEST G4-2,,A140A140A140A140A140A140A140A140A140A140A140A140A140A140A140,A1A1A1A1A1A1A1A1A1A1A1A1A1A1A1A1A1A1A1A1A1A1A1A1A1A1A1A1A1A1,,EQTY,1,A,1000,1000,N,N,Y,Y,D,20161103,20180530,,,0.25,1,N,1,USD,1,0,1,1,1,1,,,,,,,,,,,,,,,,,,,,,,
DELETE,20190103,30075,GEM,2,TEST G5-2,,A140A140A140A140A140A140A140A140A140A140A140A140A140A140A140,A1A1A1A1A1A1A1A1A1A1A1A1A1A1A1A1A1A1A1A1A1A1A1A1A1A1A1A1A1A1,,EQTY,1,A,1000,1000,N,N,Y,Y,D,20161103,20180530,,,0.375,1,N,1,USD,1,0,1,1,1,1,,,,,,,,,,,,,,,,,,,,,,
DELETE,20190103,30076,GEM,2,TEST G8-2,,A140A140A140A140A140A140A140A140A140A140A140A140A140A140A140,A1A1A1A1A1A1A1A1A1A1A1A1A1A1A1A1A1A1A1A1A1A1A1A1A1A1A1A1A1A1,,EQTY,1,A,1000,1000,N,N,Y,Y,D,20161103,20180530,,,10,1,N,1,EUR,1,0,1,1,1,1,,,,,,,,,,,,,,,,,,,,,,
DELETE,20190103,30077,GEM,2,TEST G17-2,,A140A140A140A140A140A140A140A140A140A140A140A140A140A140A140,A1A1A1A1A1A1A1A1A1A1A1A1A1A1A1A1A1A1A1A1A1A1A1A1A1A1A1A1A1A1,,EQTY,1,A,1000,1000,N,N,Y,Y,D,20161103,20180530,,,750,1,N,1,CAD,1,0,1,1,1,1,,,,,,,,,,,,,,,,,,,,,,
DELETE,20190103,30078,MAIN,1,REP ITALY B2023                         ,,A140A140A140A140A140A140A140A140A140A140A140A140A140A140A140,A1A1A1A1A1A1A1A1A1A1A1A1A1A1A1A1A1A1A1A1A1A1A1A1A1A1A1A1A1A1,US465410AH18,BOND,4,A,1000,1000,N,N,N,N,D,19930928,20180530,,,0,1,N,4,HKD,3,0,0,0,1,0,,,1.75,N,0,USD,R,,,,,,,,,,,,,,,
