ACTION,Effective Date,Security Code,Market Segment ID,Product Group ID,Short Name (Eng),Name (Eng),Chinese Name (Big5),Chinese Name (GB),ISIN Code,Instrument Type,Product Type,Security State,Buy Lot Size,Sell Lot Size,CCASS Indicator,Stamp Duty Indicator,Shortsell Indicator,Opening Rule Applied Indicator,Listing Status Code,Listing Date,De-listing Date,Free Text 1,Free Text 2,Closing Price,Classification,Ceased Trading,Reporting Group,Currency Code,Spread Table Code,Price Limit ID,VCM Param ID,CAS Param ID,Fee Group ID,Short Sell Grp ID,Future Dividend Date,Future Dividend,Coupon Rate,BND-EFN Indicator,Face Value per Trading Lot,Face Value Currency,Investor Type,Maturity Date,Underlying Type,Underlying Security Code,Underlying Index,MCE Enabled,Call Price,Conversion Ratio,Strike Price 1,Strike Price 2,Call/Put Option,American/Euro Style,Exotic,Entitlement,Number of warrant per entitlement,Expiry Date
ADD,20191101,90001,MAIN,1,Test1 Firm                              ,,B4FAB8D5A4BDA571,B2E2CAD4B9ABCBBE,HK0000325230,EQTY,1,A,1,1,Y,Y,Y,N,L,20170207,20170208,ABCDEFGHIJKLMNOPQRS,TUVWXYZ,1,1,N,1,HKD,1,0,1,1,1,1,,,,,,,,,,,,,,,,,,,,,,
ADD,20191101,90002,MAIN,1,TEST-2 FIRM                             ,,A155A147A146C8D0C8D0A1D5A1D6A141A143A148A1E3A1AFA1D0A1D7A1FE,A3FCA3BAA3BBA3A2A3A2A3BCA3BEA3ACA1A3A3BFA3AFA3AAA3ADA3BDA1AB,HK0000292281,EQTY,2,A,2,2,N,N,N,N,L,19000101,,abcdefghijklmnopqrs,tuvwxyz,2,1,N,2,USD,1,0,0,1,1,1,,,,,,,,,,,,,,,,,,,,,,
ADD,20191101,90003,MAIN,1,test firm. 3                            ,,A149A249A1ADA243A140A248A173A1AEA1AFA15DA15EA1C4A1CFC6E4C6E5,A3A1A3C0A3A3A1E7A1A1A3A5A3DEA3A6A3AAA3A8A3A9A3DFA3ABA3DBA3DD,AL0000303401,TRST,5,A,55,55,Y,N,Y,N,L,20150331,,~!@#$%^&*()_+`-=[]\,"{}|;':""<>?,.//*-+",0,1,N,5,GBP,3,0,1,0,1,1,,,,,,,,,,,,,,,,,,,,,,
ADD,20191101,90004,MAIN,1,test firm 4                             ,,A161A162A1ABA240,A3FBA3FDA3DCA3A7,US0000285426,EQTY,6,A,66,66,N,Y,N,N,L,20141231,,1234567890,1234567890,66,1,N,6,CAD,1,0,0,1,1,1,,,,,,,,,,,,,,,,,,,,,,
ADD,20191101,90005,MAIN,1,test firm 5                             ,,B4FAB8D5A4BDA571B4FAB8D5A4BDA571B4FAB8D5A4BDA571B4FAB8D5A4BD,B2E2CAD4B9ABCBBEB2E2CAD4B9ABCBBEB2E2CAD4B9ABCBBEB2E2CAD4B9AB,0,EQTY,7,A,777,777,Y,N,Y,N,L,20130630,,ABCDEFGHIJKLMNOPQRS,,9995,1,N,7,SGD,1,0,1,0,1,1,,,,,,,,,,,,,,,,,,,,,,
ADD,20191101,90006,MAIN,1,test firm 6                             ,,,CBBDA1AA9CEA965E9E46CFDF,CN0000284114,TRST,8,A,888,888,N,N,N,N,L,19880416,20101231,,ABCDEFGHIJKLMNOPQRS,888,1,N,8,CNY,1,0,0,1,1,1,,,,,,,,,,,,,,,,,,,,,,
ADD,20191101,90007,MAIN,1,test firm 7                             ,,A140A5FEA7CEAAC5AEE6,A1A1C8ABD0CEBFD5B8F1,EU0000284098,TRST,9,A,1000,1000,Y,Y,Y,N,L,19880127,,ABCabc123~!@,ABCabc123~!@,1000,1,N,9,CNH,1,0,1,0,1,1,,,,,,,,,,,,,,,,,,,,,,
ADD,20191101,90008,MAIN,1,test firm 8                             ,,,,DE0000284080,TRST,10,A,2357,2357,N,N,N,N,L,19500101,19880229, Space, Space,2357,1,N,10,HKD,1,0,0,1,1,1,,,,,,,,,,,,,,,,,,,,,,
ADD,20191101,90009,MAIN,1,test firm 9                             ,,A2CFA2D0A2D1A2D2A2D3A2D4A2D5A2D6A2D7A2D8A2D9A2DAA2DBA2DCA2DD,A3C1A3C2A3C3A3C4A3C5A3C6A3C7A3C8A3C9A3CAA3CBA3CCA3CDA3CEA3CF,AU0000299484,EQTY,12,A,20000,20000,N,N,N,N,L,19970701,20160101,1234567890123456789,1234567890123456789,9995,1,N,12,HKD,3,0,0,1,1,1,,,,,,,,,,,,,,,,,,,,,,
ADD,20191101,90010,MAIN,1,test (10) bond                          ,,A2DEA2DFA2E0A2E1A2E2A2E3A2E4A2E5A2E6A2E7A2E8,A3D0A3D1A3D2A3D3A3D4A3D5A3D6A3D7A3D8A3D9A3DA,XS0000300010,BOND,4,A,44,44,N,N,N,N,L,19990228,,,,44,1,N,4,JPY,3,0,0,0,1,1,,,0,N,1,HKD,R,20991231,,,,,,,,,,,,,,
ADD,20191101,90011,MAIN,1,test bond 11                            ,,,,XS0000300011,BOND,4,A,1,1,Y,Y,Y,N,L,20130630,,,,1,1,N,4,JPY,3,0,1,1,1,1,,,1,N,1,USD,R,20991231,,,,,,,,,,,,,,
ADD,20191101,90012,MAIN,1,"|:;""''<>,.?/*-=   ~!@#$%^&*()_+[]{}\   ",,A2E9A2EAA2EBA2ECA2EDA2EEA2EFA2F0A2F1A2F2A2F3A2F4A2F5A2F6A2F7,A3E1A3E2A3E3A3E4A3E5A3E6A3E7A3E8A3E9A3EAA3EBA3ECA3EDA3EEA3EF,XS0000300012,BOND,4,A,2,2,N,N,N,N,L,19880416,20101231,,,2,1,N,4,GBP,3,0,0,0,1,1,,,22,Y,10.0001,EUR,P,20101230,,,,,,,,,,,,,,
ADD,20191101,90013,MAIN,1,test bond 13                            ,,A2F8A2F9A2FAA2FBA2FCA2FDA2FEA340A341A342A343,A3F0A3F1A3F2A3F3A3F4A3F5A3F6A3F7A3F8A3F9A3FA,XS0000300013,BOND,4,A,3,3,Y,Y,Y,N,L,19880127,,,,3,1,N,4,CAD,3,0,1,1,1,1,,,333,N,0.0000,JPY,R,20501231,,,,,,,,,,,,,,
ADD,20191101,90014,MAIN,1,test bond 14                            ,,B4FAB8D5B6C5A8E9,B2E2CAD4D5AEC8AF,XS0000300014,BOND,4,A,4,4,N,N,N,N,L,19500101,19880229,,,9995,1,N,4,SGD,3,0,0,0,1,1,,,4444,Y,0.003,GBP,R,19880301,,,,,,,,,,,,,,
ADD,20191101,90015,MAIN,1,test bond 15                            ,,B4FAB8D5B6C5A8E9,B2E2CAD4D5AEC8AF,XS0000300015,BOND,4,A,5,5,Y,Y,Y,N,L,20030701,20150228,,,0,1,N,4,CNY,3,0,1,1,1,1,,,4294967.295,N,0.000,CAD,R,20150228,,,,,,,,,,,,,,
ADD,20191101,90016,MAIN,1,test bond 16                            ,,B4FAB8D5B6C5A8E9,B2E2CAD4D5AEC8AF,XS0000300016,BOND,4,A,5000,5000,N,N,N,N,L,19970701,20160101,,,5000,1,N,4,CNH,3,0,0,0,1,1,,,20003,Y,0.7,SGD,R,20170207,,,,,,,,,,,,,,
ADD,20191101,90017,MAIN,1,test bond 17                            ,,B4FAB8D5B6C5A8E9,B2E2CAD4D5AEC8AF,XS0000300017,BOND,4,A,10000,10000,Y,Y,Y,N,L,19971001,,,,0,1,N,4,HKD,3,0,1,1,1,1,,,0,N,429496729.5,CNY,P,20491231,,,,,,,,,,,,,,
ADD,20191101,90018,MAIN,1,test bond 18                            ,,B4FAB8D5B6C5A8E9,B2E2CAD4D5AEC8AF,XS0000300018,BOND,4,A,500000,500000,N,N,N,N,L,19880122,,,,9995,1,N,4,HKD,3,0,0,0,1,1,,,100001,Y,3,CNH,R,20170207,,,,,,,,,,,,,,
ADD,20191101,90019,MAIN,1,test bond 19                            ,,B4FAB8D5B6C5A8E9,B2E2CAD4D5AEC8AF,XS0000300019,BOND,4,A,999999999,999999999,Y,Y,Y,N,L,19990228,,,,7,1,N,4,HKD,3,0,1,1,1,1,,,10000,N,0,CNH,R,20000101,,,,,,,,,,,,,,
ADD,20191101,90020,MAIN,1,Test 20's war                           ,,A2B0A2B1A2B2A2B3A2B4A2B5A2B6A2B7A2B8A2AF,A3B1A3B2A3B3A3B4A3B5A3B6A3B7A3B8A3B9A3B0,XS0000303385,WRNT,3,A,3,3,Y,Y,Y,N,L,20000229,,,,3,1,N,3,EUR,1,0,1,1,1,1,,,,,,,,,,,,,0,234,0,0,C,A,X,1,1,20491231
ADD,20191101,90021,MAIN,1,test war 21 with fourty leng characters ,,A2CFA2D0A2E9A2EAA2B0A2B1A155A147B4FAA140B8D5,A3C1A3C2A3E1A3E2A3B1A3B2A3FCA3BAB2E2A1A1CAD4,HI0000291416,WRNT,3,A,999999999,999999999,Y,Y,Y,N,L,19880121,,,,66,1,N,3,CNH,1,0,1,1,1,1,,,,,,,,,,,,,0,5,0,0,P,E,N,100,2,20500101
ADD,20191101,90022,MAIN,1,test war 22                             ,,B4FAB8D5C576C3D2,B2E2CAD4C8A8D6A4,EN0000302619,WRNT,11,A,10000,10000,Y,Y,Y,N,L,20030701,20150228,,,9995,1,N,11,HKD,3,0,1,0,1,1,,,,,,,,,I,,CESHKM,Y,2147483647,8,2,0,C,A,X,1000,100,20171231
ADD,20191101,90023,MAIN,1,test war 23                             ,,B4FAB8D5C576C3D2,B2E2CAD4C8A8D6A4,NZ0000323383,WRNT,13,A,50000,50000,Y,Y,Y,N,L,19971001,,,,9995,1,N,13,HKD,1,0,1,0,1,1,,,,,,,,,,,,,0,1000,3,0,O,A,N,10000,1000,20991231
ADD,20191101,90024,MAIN,1,test war 24                             ,,B4FAB8D5C576C3D2,B2E2CAD4C8A8D6A4,HI0000288016,WRNT,14,A,100000,100000,N,N,N,N,L,19880122,,,,9995,1,N,14,CNY,3,0,0,0,1,1,,,,,,,,,,,,,0,500000,5,0,P,E,N,1,0,20200630
ADD,20191101,90025,MAIN,1,test war 25                             ,,B4FAB8D5C576C3D2,B2E2CAD4C8A8D6A4,HK0000300025,WRNT,3,A,100000,100000,N,N,N,N,L,19880101,20150101,,,9995,1,N,3,HKD,1,0,0,0,1,1,,,,,,,,,,,,,0,23,0,0,C,A,X,1,0,20150101
ADD,20191101,90026,MAIN,1,test war 26                             ,,B4FAB8D5C576C3D2,B2E2CAD4C8A8D6A4,HK0000300026,WRNT,3,A,100000,100000,N,N,N,N,L,19880102,,,,9995,1,N,3,HKD,1,0,0,0,1,1,,,,,,,,,,,,,0,1,1000,0,P,A,N,2147483647,0,20250501
ADD,20191101,90027,MAIN,1,test war 27                             ,,B4FAB8D5C576C3D2,B2E2CAD4C8A8D6A4,HK0000300027,WRNT,3,A,100000,100000,Y,N,Y,N,L,19880103,,,,9995,1,N,3,HKD,1,0,0,1,1,1,,,,,,,,,,,,,0,22,6666,2147483.647,O,E,N,0.2,10000,20250502
ADD,20191101,90028,MAIN,1,test war 28                             ,,B4FAB8D5C576C3D2,B2E2CAD4C8A8D6A4,HK0000300028,WRNT,3,A,100000,100000,Y,N,Y,N,L,19880104,,,,9995,1,N,3,HKD,1,0,0,1,1,1,,,,,,,,,,,,,0,333,1,55785,C,A,X,0.03,100000,20250503
ADD,20191101,90029,MAIN,1,test war 29                             ,,B4FAB8D5C576C3D2,B2E2CAD4C8A8D6A4,HK0000300029,WRNT,3,A,100000,100000,N,N,N,N,L,19880105,,,,9995,1,N,3,HKD,1,0,0,0,1,1,,,,,,,,,,,,,0,4444,1,5,P,A,N,0.005,7689,20250504
ADD,20191101,90030,MAIN,1,test war 30                             ,,B4FAB8D5C576C3D2,B2E2CAD4C8A8D6A4,HK0000300030,WRNT,3,A,100000,100000,Y,Y,Y,N,L,19880106,,,,9995,1,N,3,HKD,1,0,0,1,1,1,,,,,,,,,,,,,0,999999.999,1,55786,O,E,N,0.0088,4294967295,20250505
ADD,20191101,90031,MAIN,1,test war 31                             ,,B4FAB8D5C576C3D2,B2E2CAD4C8A8D6A4,HK0000300031,WRNT,3,A,100000,100000,Y,Y,Y,N,L,19880107,,,,9995,1,N,3,HKD,1,0,0,1,1,1,,,,,,,,,,,,,0,20003,1,55786,C,A,X,1000,1,20250506
ADD,20191101,90032,MAIN,1,test war 32                             ,,B4FAB8D5C576C3D2,B2E2CAD4C8A8D6A4,HK0000300032,WRNT,3,A,100000,100000,Y,Y,Y,N,L,19880108,,,,9995,1,N,3,HKD,1,0,0,1,1,1,,,,,,,,,,,,,0,50000,100000,1000,P,A,N,6666,2,20250507
ADD,20191101,90033,MAIN,1,test war 33                             ,,B4FAB8D5C576C3D2,B2E2CAD4C8A8D6A4,HK0000300033,WRNT,3,A,100000,100000,N,N,N,N,L,19880109,,,,9995,1,N,3,HKD,1,0,0,0,1,1,,,,,,,,,,,,,0,100001,10088,100,O,E,N,55785,3,20250508
ADD,20191101,90034,MAIN,1,test war 34                             ,,B4FAB8D5C576C3D2,B2E2CAD4C8A8D6A4,HK0000300034,WRNT,3,A,100000,100000,N,N,N,N,L,19880110,,,,9995,1,N,3,HKD,1,0,0,0,1,1,,,,,,,,,,,,,0,10000,1,2147483.647,C,A,X,1,4,20250509
ADD,20191101,90035,MAIN,1,test war 35                             ,,B4FAB8D5C576C3D2,B2E2CAD4C8A8D6A4,HK0000300035,WRNT,3,A,100000,100000,N,N,N,N,L,19880111,,,,9995,1,N,3,HKD,1,0,0,0,1,1,,,,,,,,,,,,,0,10000,2,1,P,A,N,1,5,20250510
ADD,20191101,90036,MAIN,1,test war 36                             ,,B4FAB8D5C576C3D2,B2E2CAD4C8A8D6A4,HK0000300036,WRNT,3,A,100000,100000,Y,Y,N,N,L,19880112,,,,9995,1,N,3,HKD,1,0,0,0,1,1,,,,,,,,,,,,,0,10000,5,6,O,E,N,2147483647,6,20250511
ADD,20191101,90037,MAIN,1,test war 37                             ,,B4FAB8D5C576C3D2,B2E2CAD4C8A8D6A4,HK0000300037,WRNT,3,A,100000,100000,Y,Y,N,N,L,19880113,,,,9995,1,N,3,HKD,1,0,0,0,1,1,,,,,,,,,,,,,0,10000,1,2,C,A,X,100000,7,20250512
ADD,20191101,90038,MAIN,1,test war 38                             ,,B4FAB8D5C576C3D2,B2E2CAD4C8A8D6A4,HK0000300038,WRNT,3,A,100000,100000,N,Y,N,N,L,19880114,,,,9995,1,N,3,HKD,1,0,0,0,1,1,,,,,,,,,,,,,0,10000,8,11,P,A,N,10088,8,20250513
ADD,20191101,90039,MAIN,1,test war 39                             ,,B4FAB8D5C576C3D2,B2E2CAD4C8A8D6A4,HK0000300039,WRNT,3,A,100000,100000,N,Y,N,N,L,19880115,,,,9995,1,N,3,HKD,1,0,0,0,1,1,,,,,,,,,,,,,0,10000,1,23,O,E,N,44444,9,20250514
ADD,20191101,90040,MAIN,1,test war 40                             ,,B4FAB8D5C576C3D2,B2E2CAD4C8A8D6A4,HK0000300040,WRNT,3,A,100000,100000,Y,Y,N,N,L,19880116,,,,9995,1,N,3,HKD,1,0,0,1,1,1,,,,,,,,,,,,,0,10000,1,3,C,A,X,2,10,20250515
ADD,20191101,90041,MAIN,1,test war 41                             ,,B4FAB8D5C576C3D2,B2E2CAD4C8A8D6A4,HK0000300041,WRNT,3,A,100000,100000,Y,Y,N,N,L,19880117,,,,9995,1,N,3,HKD,1,0,0,1,1,1,,,,,,,,,,,,,0,10000,11,4,P,A,N,5,11,20250516
ADD,20191101,90042,MAIN,1,test war 42                             ,,B4FAB8D5C576C3D2,B2E2CAD4C8A8D6A4,HK0000300042,WRNT,3,A,100000,100000,Y,Y,N,N,L,19880118,,,,9995,1,N,3,HKD,1,0,0,0,1,1,,,,,,,,,,,,,0,10000,12,5,O,E,N,7,12,20250517
ADD,20191101,90043,MAIN,1,test war 43                             ,,B4FAB8D5C576C3D2,B2E2CAD4C8A8D6A4,HK0000300043,WRNT,3,A,100000,100000,Y,Y,N,N,L,19880119,,,,9995,1,N,3,HKD,1,0,0,0,1,1,,,,,,,,,,,,,0,10000,1,1000,C,A,X,8,13,20250518
ADD,20191101,90044,MAIN,1,test war 44                             ,,B4FAB8D5C576C3D2,B2E2CAD4C8A8D6A4,HK0000300044,WRNT,3,A,100000,100000,Y,Y,N,N,L,19880120,,,,9995,1,N,3,HKD,1,0,0,0,1,1,,,,,,,,,,,,,0,10000,14,55786,P,A,N,0,14,20250519
ADD,20191101,90045,MAIN,1,test war 45                             ,,B4FAB8D5C576C3D2,B2E2CAD4C8A8D6A4,HK0000300045,WRNT,3,A,100000,100000,Y,Y,N,N,L,19880121,,,,9995,1,N,3,HKD,1,0,0,0,1,1,,,,,,,,,,,,,0,10000,15,44889,O,E,N,0,15,20250520
ADD,20191101,90046,MAIN,1,test war 46                             ,,B4FAB8D5C576C3D2,B2E2CAD4C8A8D6A4,HK0000300046,WRNT,3,A,100000,100000,Y,Y,N,N,L,19880122,,,,9995,1,N,3,HKD,1,0,0,0,1,1,,,,,,,,,,,,,0,10000,0,0,C,A,X,0,16,20250521
ADD,20191101,90047,MAIN,1,test war 47                             ,,B4FAB8D5C576C3D2,B2E2CAD4C8A8D6A4,HK0000300047,WRNT,3,A,100000,100000,Y,Y,Y,N,L,19880123,,,,9995,1,N,3,HKD,1,0,0,1,1,1,,,,,,,,,,,,,0,10000,0,0,P,A,N,0,17,20250522
ADD,20191101,90048,MAIN,1,test war 48                             ,,B4FAB8D5C576C3D2,B2E2CAD4C8A8D6A4,HK0000300048,WRNT,3,A,100000,100000,Y,N,Y,N,L,19880124,,,,9995,1,N,3,HKD,1,0,0,1,1,1,,,,,,,,,,,,,0,10000,18,0,O,E,N,13,18,20250523
ADD,20191101,90049,MAIN,1,test war 49                             ,,B4FAB8D5C576C3D2,B2E2CAD4C8A8D6A4,HK0000300049,WRNT,3,A,100000,100000,Y,N,N,N,L,19880125,,,,9995,1,N,3,HKD,1,0,0,0,1,1,,,,,,,,,,,,,0,10000,0,0,C,A,X,14,19,20250524
ADD,20191101,90050,MAIN,1,test war 50                             ,,B4FAB8D5C576C3D2,B2E2CAD4C8A8D6A4,HK0000300050,WRNT,3,A,100000,100000,Y,Y,N,N,L,19880201,,,,9995,1,N,3,HKD,1,0,0,0,1,1,,,,,,,,,,,,,0,10000,20,0,P,A,N,15,20,20250525
ADD,20191101,90051,MAIN,1,test war 51                             ,,B4FAB8D5C576C3D2,B2E2CAD4C8A8D6A4,HK0000300051,WRNT,3,A,100000,100000,Y,Y,N,N,L,19880127,,,,9995,1,N,3,HKD,1,0,0,0,1,1,,,,,,,,,,,,,0,10000,0,0,O,E,N,16,21,20250526
ADD,20191101,90052,MAIN,1,test war 52                             ,,B4FAB8D5C576C3D2,B2E2CAD4C8A8D6A4,HK0000300052,WRNT,3,A,100000,100000,Y,Y,N,N,L,19880128,,,,9995,1,N,3,HKD,1,0,0,0,1,1,,,,,,,,,,,,,0,22,0,0,C,A,X,17,22,20250527
ADD,20191101,90053,MAIN,1,test war 53                             ,,B4FAB8D5C576C3D2,B2E2CAD4C8A8D6A4,HK0000300053,WRNT,3,A,100000,100000,Y,Y,N,N,L,19880129,,,,9995,1,N,3,HKD,1,0,0,0,1,1,,,,,,,,,,,,,0,22,23,0,P,A,N,18,23,20250528
ADD,20191101,90054,MAIN,1,test war 54                             ,,B4FAB8D5C576C3D2,B2E2CAD4C8A8D6A4,HK0000300054,WRNT,3,A,100000,100000,Y,Y,N,N,L,20071001,,,,9995,1,N,3,HKD,1,0,0,0,1,1,,,,,,,,,,,,,0,22,24,0,O,E,N,19,24,20221201
ADD,20191101,90055,MAIN,1,test war 55                             ,,B4FAB8D5C576C3D2,B2E2CAD4C8A8D6A4,HK0000300055,WRNT,3,A,100000,100000,Y,Y,N,N,L,20071002,,,,9995,1,N,3,HKD,1,0,0,0,1,1,,,,,,,,,,,,,0,22,0,0,C,A,X,20,25,20221202
ADD,20191101,90056,MAIN,1,test war 56                             ,,B4FAB8D5C576C3D2,B2E2CAD4C8A8D6A4,HK0000300056,WRNT,3,A,100000,100000,Y,Y,Y,N,L,20071003,,,,9995,1,N,3,HKD,1,0,0,1,1,1,,,,,,,,,,,,,0,22,26,0,P,A,N,21,26,20221203
ADD,20191101,90057,MAIN,1,test war 57                             ,,B4FAB8D5C576C3D2,B2E2CAD4C8A8D6A4,HK0000300057,WRNT,3,A,100000,100000,Y,Y,Y,N,L,20071004,,,,9995,1,N,3,HKD,1,0,0,1,1,1,,,,,,,,,,,,,0,20001,27,0,O,E,N,22,27,20221204
ADD,20191101,90058,MAIN,1,test war 58                             ,,B4FAB8D5C576C3D2,B2E2CAD4C8A8D6A4,HK0000300058,WRNT,3,A,100000,100000,N,Y,N,N,L,20071005,,,,9995,1,N,3,HKD,1,0,0,0,1,1,,,,,,,,,,,,,0,20003,0,0,C,A,X,65,28,20221205
ADD,20191101,90059,MAIN,1,test war 59                             ,,B4FAB8D5C576C3D2,B2E2CAD4C8A8D6A4,HK0000300059,WRNT,3,A,100000,100000,N,Y,N,N,L,20071006,,,,9995,1,N,3,HKD,1,0,0,0,1,1,,,,,,,,,,,,,0,20005,29,0,P,A,N,108,29,20221206
ADD,20191101,90060,MAIN,1,test war 60                             ,,B4FAB8D5C576C3D2,B2E2CAD4C8A8D6A4,HK0000300060,WRNT,3,A,100000,100000,Y,Y,N,N,L,20071007,,,,9995,1,N,3,HKD,1,0,0,0,1,1,,,,,,,,,,,,,0,20007,30,0,O,E,N,151,30,20221207
ADD,20191101,90061,MAIN,1,test war 61                             ,,B4FAB8D5C576C3D2,B2E2CAD4C8A8D6A4,HK0000300061,WRNT,3,A,100000,100000,Y,Y,N,N,L,20071008,,,,9995,1,N,3,HKD,1,0,0,0,1,1,,,,,,,,,,,,,0,20009,0,0,C,A,X,194,31,20221208
ADD,20191101,90062,MAIN,1,test war 62                             ,,B4FAB8D5C576C3D2,B2E2CAD4C8A8D6A4,HK0000300062,WRNT,3,A,100000,100000,Y,Y,N,N,L,20071009,,,,9995,1,N,3,HKD,1,0,0,0,1,1,,,,,,,,,,,,,0,20011,32,0,P,A,N,237,32,20221209
ADD,20191101,90063,MAIN,1,test war 63                             ,,B4FAB8D5C576C3D2,B2E2CAD4C8A8D6A4,HK0000300063,WRNT,3,A,100000,100000,Y,Y,N,N,L,20071010,,,,9995,1,N,3,HKD,1,0,0,0,1,1,,,,,,,,,,,,,0,1,33,0,O,E,N,280,33,20221210
ADD,20191101,90064,MAIN,1,test war 64                             ,,B4FAB8D5C576C3D2,B2E2CAD4C8A8D6A4,HK0000300064,WRNT,3,A,100000,100000,N,Y,N,N,L,20071011,,,,9995,1,N,3,HKD,1,0,0,0,1,1,,,,,,,,,,,,,0,2,0,0,C,A,X,323,34,20221211
ADD,20191101,90065,MAIN,1,test war 65                             ,,B4FAB8D5C576C3D2,B2E2CAD4C8A8D6A4,HK0000300065,WRNT,3,A,100000,100000,N,Y,N,N,L,20071012,,,,9995,1,N,3,HKD,1,0,0,0,1,1,,,,,,,,,,,,,0,3,35,0,P,A,N,366,35,20221212
ADD,20191101,90066,MAIN,1,test war 66                             ,,B4FAB8D5C576C3D2,B2E2CAD4C8A8D6A4,HK0000300066,WRNT,3,A,100000,100000,Y,Y,N,N,L,20071013,,,,9995,1,N,3,HKD,1,0,0,0,1,1,,,,,,,,,,,,,0,4,36,0,O,E,N,409,36,20221213
ADD,20191101,90067,MAIN,1,test war 67                             ,,B4FAB8D5C576C3D2,B2E2CAD4C8A8D6A4,HK0000300067,WRNT,3,A,100000,100000,Y,Y,N,N,L,20071014,,,,9995,1,N,3,HKD,1,0,0,0,1,1,,,,,,,,,,,,,0,5,0,0,C,A,X,452,37,20221214
ADD,20191101,90068,MAIN,1,test war 68                             ,,B4FAB8D5C576C3D2,B2E2CAD4C8A8D6A4,HK0000300068,WRNT,3,A,100000,100000,Y,Y,Y,N,L,20071015,,,,9995,1,N,3,HKD,1,0,0,1,1,1,,,,,,,,,,,,,0,6,38,0,P,A,N,495,38,20221215
ADD,20191101,90069,MAIN,1,test war 69                             ,,B4FAB8D5C576C3D2,B2E2CAD4C8A8D6A4,HK0000300069,WRNT,3,A,100000,100000,Y,Y,Y,N,L,20071016,,,,9995,1,N,3,HKD,1,0,0,1,1,1,,,,,,,,,,,,,0,7,39,0,O,E,N,538,39,20221216
ADD,20191101,90070,MAIN,1,test war 70                             ,,B4FAB8D5C576C3D2,B2E2CAD4C8A8D6A4,HK0000300070,WRNT,3,A,100000,100000,Y,Y,N,N,L,20071017,,,,9995,1,N,3,HKD,1,0,0,0,1,1,,,,,,,,,,,,,0,8,100.001,0,O,A,X,581,40,20221217
ADD,20191101,90071,MAIN,1,test war 71                             ,,B4FAB8D5C576C3D2,B2E2CAD4C8A8D6A4,HK0000300071,WRNT,3,A,100000,100000,Y,Y,N,N,L,20071018,,,,9995,1,N,3,HKD,1,0,0,0,1,1,,,,,,,,,,,,,0,9,2147483.647,0,P,A,N,624,41,20221218
ADD,20191101,90072,MAIN,1,test war 72                             ,,B4FAB8D5C576C3D2,B2E2CAD4C8A8D6A4,HK0000300072,WRNT,3,A,100000,100000,Y,Y,N,N,L,20071019,,,,9995,1,N,3,HKD,1,0,0,0,1,1,,,,,,,,,,,,,0,10,42,0,O,E,N,667,42,20221219
ADD,20191101,90073,MAIN,1,test war 73                             ,,B4FAB8D5C576C3D2,B2E2CAD4C8A8D6A4,HK0000300073,WRNT,3,A,100000,100000,Y,Y,N,N,L,20071020,,,,9995,1,N,3,HKD,1,0,0,0,1,1,,,,,,,,,,,,,0,11,43,0,P,A,N,710,43,20221220
ADD,20191101,90074,MAIN,1,test war 74                             ,,B4FAB8D5C576C3D2,B2E2CAD4C8A8D6A4,HK0000300074,WRNT,3,A,100000,100000,Y,Y,N,N,L,20071021,,,,9995,1,N,3,HKD,1,0,0,0,1,1,,,,,,,,,S,388,,,0,12,44,0,O,E,N,753,44,20221221
ADD,20191101,90075,MAIN,1,test war 75                             ,,B4FAB8D5C576C3D2,B2E2CAD4C8A8D6A4,HK0000300075,WRNT,3,A,100000,100000,Y,Y,N,N,L,20071022,,,,9995,1,N,3,HKD,1,0,0,0,1,1,,,,,,,,,S,99999,,,0,13,45,0,P,A,N,796,45,20221222
ADD,20191101,90076,MAIN,1,test basket war 76                      ,,B4FAB8D5A440C478A46CC576C3D2,B2E2CAD4D2BBC0BAD7D3C8A8D6A4,CN0000300001,WRNT,3,A,100000,100000,Y,Y,N,N,L,20071023,,,,9995,1,N,3,HKD,1,0,0,0,1,1,,,,,,,,,S,139,,,0,14,46,0,O,E,N,839,46,20250101
ADD,20191101,90077,MAIN,1,test war 77                             ,,B4FAB8D5C576C3D2,B2E2CAD4C8A8D6A4,,WRNT,11,A,10000,10000,Y,Y,Y,N,L,20030701,20200228,,,9995,1,N,11,HKD,3,0,1,0,1,1,,,,,,,,,I,,CESHKM,Y,0,8,2,0,P,A,X,1000,100,20201231
ADD,20191101,90078,MAIN,1,test war 78                             ,,B4FAB8D5C576C3D2,B2E2CAD4C8A8D6A4,,WRNT,11,A,10000,10000,Y,Y,Y,N,L,20030701,20200228,,,9995,1,N,11,HKD,3,0,1,0,1,1,,,,,,,,,S,388,,Y,1.1,8,2,0,P,E,X,1000,100,20201231
ADD,20191101,90079,MAIN,1,test war 79                             ,,B4FAB8D5C576C3D2,B2E2CAD4C8A8D6A4,,WRNT,11,A,10000,10000,Y,Y,Y,N,L,20030701,20200228,,,9995,1,N,11,HKD,3,0,1,0,1,1,,,,,,,,,I,,HSCEI,Y,11.11,8,2,0,C,A,X,1000,100,20201231
ADD,20191101,90080,MAIN,1,test war 80                             ,,B4FAB8D5C576C3D2,B2E2CAD4C8A8D6A4,,WRNT,11,A,10000,10000,Y,Y,Y,N,L,20030701,20200228,,,9995,1,N,11,HKD,3,0,1,0,1,1,,,,,,,,,I,,HSCEI,Y,222.222,8,2,0,C,E,X,1000,100,20201231
ADD,20191101,90081,MAIN,1,test war 81                             ,,B4FAB8D5C576C3D2,B2E2CAD4C8A8D6A4,,WRNT,11,A,10000,10000,Y,Y,Y,N,L,20030701,20200228,,,9995,1,N,11,HKD,3,0,1,0,1,1,,,,,,,,,I,,HSCEI,Y,3333.3333,8,2,0,C,E,X,1000,100,20201231
