ACTION,Effective Date,Security Code,Market Segment ID,Product Group ID,Short Name (Eng),Name (Eng),Chinese Name (Big5),Chinese Name (GB),ISIN Code,Instrument Type,Product Type,Security State,Buy Lot Size,Sell Lot Size,CCASS Indicator,Stamp Duty Indicator,Shortsell Indicator,Opening Rule Applied Indicator,Listing Status Code,Listing Date,De-listing Date,Free Text 1,Free Text 2,Closing Price,Classification,Ceased Trading,Reporting Group,Currency Code,Spread Table Code,Price Limit ID,VCM Param ID,CAS Param ID,Fee Group ID,Short Sell Grp ID,Future Dividend Date,Future Dividend,Coupon Rate,BND-EFN Indicator,Face Value per Trading Lot,Face Value Currency,Investor Type,Maturity Date,Underlying Type,Underlying Security Code,Underlying Index,MCE Enabled,Call Price,Conversion Ratio,Strike Price 1,Strike Price 2,Call/Put Option,American/Euro Style,Exotic,Entitlement,Number of warrant per entitlement,Expiry Date
MODIFY,20181204,80737,MAIN,1,Test1 Firm,,B4FAB8D5A4BDA571,B2E2CAD4B9ABCBBE,HK0000325230,EQTY,1,A,1,1,Y,Y,Y,N,L,20170207,20170208,ABCDEFGHIJKLMNOPQRS,TUVWXYZ,,1,N,,HKD,1,0,1,1,1,1,,,,,,,,,,,,,,,,,,,,,,
MODIFY,20181204,82808,MAIN,1,Test-2 firm,,A155A147A146C8D0C8D0A1D4A1D5A141A143A148A1FEA1AFA1D0A1E2A1E3,A3FCA3BAA3BBA3A2A3A2A3BCA3BEA3ACA1A3A3BFA3AFA3AAA1A5A3BDA1AB,HK0000292281,EQTY,2,A,2,2,N,N,N,N,L,19000101,,abcdefghijklmnopqrs,tuvwxyz,,1,N,,USD,1,0,0,1,1,1,,,,,,,,,,,,,,,,,,,,,,
MODIFY,20181204,82811,MAIN,1,test firm. 3,,A149A249A1ADA243A140A248A173A1AEA1AFA15DA15EA1C4A1DDC6C4C6C5,A3A1A3C0A3A3A1E7A1A0A3A5A3DEA3A6A3AAA3A8A3A9A3DFA3ABA3DBA3DD,AL0000303401,TRST,5,A,55,55,Y,N,Y,N,L,20150331,,,,,1,N,,GBP,3,0,1,0,1,1,,,,,,,,,,,,,,,,,,,,,,
MODIFY,20181204,82822,MAIN,1,test firm 4,,A161A162A240A1AB,A3FBA3FDA3DCA3A7,US0000285426,EQTY,6,A,66,66,N,Y,N,N,L,20141231,,1234567890,1234567890,,1,N,,CAD,1,0,0,1,1,1,,,,,,,,,,,,,,,,,,,,,,
MODIFY,20181204,82828,MAIN,1,test firm 5,,B4FAB8D5A4BDA571B4FAB8D5A4BDA571B4FAB8D5A4BDA571B4FAB8D5A4BD,B2E2CAD4B9ABCBBEB2E2CAD4B9ABCBBEB2E2CAD4B9ABCBBEB2E2CAD4B9AB,0,EQTY,7,A,777,777,Y,N,Y,N,L,20130630,,ABCDEFGHIJKLMNOPQRS,,,1,N,,SGD,1,0,1,0,1,1,,,,,,,,,,,,,,,,,,,,,,
MODIFY,20181204,82833,MAIN,1,test firm 7,,A140A5FEA7CEAAC5AEE6,A1A0C8ABD0CEBFD5B8F1,EU0000284098,TRST,9,A,1000,1000,Y,Y,Y,N,L,19880127,,,,,1,N,,CNH,1,0,1,0,1,1,,,,,,,,,,,,,,,,,,,,,,
MODIFY,20181204,82832,MAIN,1,test firm 6,,,,CN0000284114,TRST,8,A,888,888,N,N,N,N,L,19880416,20101231,,ABCDEFGHIJKLMNOPQRS,,1,N,,CNY,1,0,0,1,1,1,,,,,,,,,,,,,,,,,,,,,,
MODIFY,20181204,82847,MAIN,1,test bond 11,,,,XS0000300011,BOND,4,A,1,1,Y,Y,Y,N,L,20130630,,,,,1,N,,JPY,3,0,1,1,1,1,,,1,N,1,USD,R,,,,,,,,,,,,,,,
MODIFY,20181204,83008,MAIN,1,,,A2E9A2EAA2EBA2ECA2EDA2EEA2EFA2F0A2F1A2F2A2F3A2F4A2F5A2F6A2F7,A3E1A3E2A3E3A3E4A3E4A3E5A3E6A3E7A3E8A3E9A3EAA3EBA3ECA3EDA3EE,XS0000300012,BOND,4,A,2,2,N,N,N,N,L,19880416,20101231,,,,1,N,,GBP,3,0,0,0,1,1,,,22,Y,10.0001,EUR,P,20101230,,,,,,,,,,,,,,
MODIFY,20181204,82836,MAIN,1,test firm 9,,A2CFA2D0A2D1A2D2A2D3A2D4A2D5A2D6A2D7A2D8A2D9A2DAA2DBA2DCA2DD,A3C1A3C2A3C3A3C4A3C5A3C6A3C7A3C8A3C9A3CAA3CBA3CCA3CDA3CEA3CF,AU0000299484,EQTY,12,A,20000,20000,N,N,N,N,L,19970701,20160101,1234567890123456789,1234567890123456789,,1,N,,HKD,3,0,0,1,1,1,,,,,,,,,,,,,,,,,,,,,,
